,ticker,company_name,date,close,high,low,open,volume,daily_return_pct,intraday_return_pct,7day_ma,30day_ma,day_of_week
0,AAPL,Apple Inc.,2025-04-02,223.88999938964844,225.19000244140625,221.0200042724609,221.32000732421875,35905900,,1.1612109074552956,,,Wednesday
1,AAPL,Apple Inc.,2025-04-03,203.19000244140625,207.4900054931641,201.25,205.5399932861328,103419000,-0.09245610346452682,-1.1433253485880646,,,Thursday
2,AAPL,Apple Inc.,2025-04-04,188.3800048828125,199.8800048828125,187.33999633789065,193.88999938964844,125910900,-0.07288743235713335,-2.841814701212542,,,Friday
3,AAPL,Apple Inc.,2025-04-07,181.4600067138672,194.1499938964844,174.6199951171875,177.1999969482422,160466300,-0.036734249865053914,2.404068757895799,,,Monday
4,AAPL,Apple Inc.,2025-04-08,172.4199981689453,190.33999633789065,169.2100067138672,186.6999969482422,120859500,-0.049818186985832624,-7.648633643660766,,,Tuesday
5,AAPL,Apple Inc.,2025-04-09,198.8500061035156,200.6100006103516,171.88999938964844,171.9499969482422,184395900,0.15328852926139636,15.644088184177432,,,Wednesday
6,AAPL,Apple Inc.,2025-04-10,190.4199981689453,194.77999877929688,183.0,189.07000732421875,121880000,-0.04239380274487825,0.7140163920402179,194.08714512416296,,Thursday
7,AAPL,Apple Inc.,2025-04-11,198.1499938964844,199.5399932861328,186.05999755859372,186.1000061035156,87435900,0.04059445332354672,6.475006661883807,190.41000148228235,,Friday
8,AAPL,Apple Inc.,2025-04-14,202.5200042724609,212.94000244140625,201.16000366210935,211.44000244140625,101352900,0.02205405253890369,-4.218689966870024,190.31428745814733,,Monday
9,AAPL,Apple Inc.,2025-04-15,202.13999938964844,203.50999450683597,199.8000030517578,201.8600006103516,51343900,-0.0018763819612666044,0.13870939188062598,192.2800009591239,,Tuesday
10,AAPL,Apple Inc.,2025-04-16,194.2700042724609,200.6999969482422,192.3699951171875,198.3600006103516,59732400,-0.03893338844835548,-2.061905790131986,194.11000061035156,,Wednesday
11,AAPL,Apple Inc.,2025-04-17,196.97999572753903,198.8300018310547,194.4199981689453,197.1999969482422,51334300,0.013949613401343264,-0.11156248687006609,197.61857169015067,,Thursday
12,AAPL,Apple Inc.,2025-04-21,193.16000366210935,193.8000030517578,189.80999755859372,193.2700042724609,46742500,-0.019392791899099593,-0.05691551090177965,196.8057141985212,,Monday
13,AAPL,Apple Inc.,2025-04-22,199.7400054931641,201.58999633789065,195.97000122070312,196.1199951171875,52976400,0.03406503264808891,1.8458140251398272,198.13714381626673,,Tuesday
14,AAPL,Apple Inc.,2025-04-23,204.6000061035156,208.0,202.8000030517578,206.0,52929200,0.024331633507028494,-0.6796086876137881,199.05857413155692,,Wednesday
15,AAPL,Apple Inc.,2025-04-24,208.3699951171875,208.8300018310547,202.94000244140625,204.88999938964844,47311000,0.01842614321215863,1.6984702708310324,199.894287109375,,Thursday
16,AAPL,Apple Inc.,2025-04-25,209.27999877929688,209.75,206.1999969482422,206.3699951171875,38222300,0.0043672490446504675,1.4100904835787418,200.91428702218192,,Friday
17,AAPL,Apple Inc.,2025-04-28,210.13999938964844,211.5,207.4600067138672,210.0,38743100,0.0041093301575299,0.06666637602306548,203.18142918178015,,Monday
18,AAPL,Apple Inc.,2025-04-29,211.2100067138672,212.2400054931641,208.3699951171875,208.69000244140625,36827600,0.005091878401668248,1.2075347371604337,205.21428789411272,,Tuesday
19,AAPL,Apple Inc.,2025-04-30,212.5,213.5800018310547,206.6699981689453,209.3000030517578,52286500,0.006107633374967891,1.5289043963610742,207.9771445138114,,Wednesday
20,AAPL,Apple Inc.,2025-05-01,213.32000732421875,214.55999755859372,208.8999938964844,209.0800018310547,57365700,0.0038588579963234615,2.0279345016412247,209.91714477539062,,Thursday
21,ABBV,AbbVie,2025-04-02,203.31109619140625,205.3225064559191,198.50550115408296,205.3225064559191,9262800,,-0.9796345754938846,,,Wednesday
22,ABBV,AbbVie,2025-04-03,199.79360961914065,208.7607430363596,199.39727841181,208.37431481753904,7593100,-0.0173010063796718,-4.117928452895935,,,Thursday
23,ABBV,AbbVie,2025-04-04,185.2480316162109,198.16861891722507,184.4652571048111,198.16861891722507,13505200,-0.07280301922898058,-6.519996643066422,,,Friday
24,ABBV,AbbVie,2025-04-07,184.8417816162109,186.476666668437,174.66581884015517,179.37232352154828,12581100,-0.0021930057580403783,3.0492207422431994,,,Monday
25,ABBV,AbbVie,2025-04-08,174.0614013671875,186.6649265049211,170.7420861336348,185.8821671271775,12517100,-0.058322204832492064,-6.359279075922557,,,Tuesday
26,ABBV,AbbVie,2025-04-09,178.19322204589844,178.9462724889635,162.88469895388295,166.75889915934494,18977800,0.023737719254567802,6.856799213832384,,,Wednesday
27,ABBV,AbbVie,2025-04-10,172.60487365722656,176.37008064997187,163.45939561865936,176.12236986254212,13970000,-0.0313611725772176,-1.9971887773602217,185.43628801618303,,Thursday
28,ABBV,AbbVie,2025-04-11,173.4470977783203,175.34951482680668,167.77947370677967,172.2184468199145,9047700,0.004879492121214968,0.7134258734144692,181.17000252859933,,Friday
29,ABBV,AbbVie,2025-04-14,177.4600067138672,178.540022073154,174.58655262884804,175.8152035257941,7164400,0.023136212637444586,0.9355295532401364,177.979487827846,,Monday
30,ABBV,AbbVie,2025-04-15,176.8000030517578,180.5,176.30999755859375,177.6999969482422,8078500,-0.0037191684725536023,-0.5064681552845001,176.77262660435267,,Tuesday
31,ABBV,AbbVie,2025-04-16,171.67999267578125,176.85000610351562,169.75,176.52999877929688,9459300,-0.028959334205880594,-2.7474118490077424,174.89237104143416,,Wednesday
32,ABBV,AbbVie,2025-04-17,172.99000549316406,175.1999969482422,171.91000366210938,172.57000732421875,8998100,0.007630550286991111,0.2433784267947755,174.73931448800224,,Thursday
33,ABBV,AbbVie,2025-04-21,170.16000366210938,174.1699981689453,168.5399932861328,173.47000122070312,7364600,-0.016359337194000623,-1.908109491728482,173.59171186174666,,Monday
34,ABBV,AbbVie,2025-04-22,173.77999877929688,174.66000366210938,170.91000366210938,171.0800018310547,6191900,0.021274065816170307,1.5782072243069618,173.75958687918526,,Tuesday
35,ABBV,AbbVie,2025-04-23,177.0500030517578,178.14999389648438,174.39999389648438,175.0,7119700,0.018816919642253405,1.1714303152901786,174.2742876325335,,Wednesday
36,ABBV,AbbVie,2025-04-24,180.3699951171875,181.4900054931641,176.11000061035156,177.61000061035156,8789400,0.018751719899485986,1.5539634577733783,174.69000026157923,,Thursday
37,ABBV,AbbVie,2025-04-25,186.05999755859372,188.6999969482422,179.99000549316406,187.1199951171875,10482100,0.03154628039829688,-0.5664801123631574,176.01285661969865,,Friday
38,ABBV,AbbVie,2025-04-28,192.33999633789065,193.1199951171875,187.63999938964844,188.0,10408000,0.03375254682199613,2.308508690367369,178.96428571428572,,Monday
39,ABBV,AbbVie,2025-04-29,193.50999450683597,195.5399932861328,190.5800018310547,192.58999633789065,6671400,0.006082968655619192,0.4776977965829629,181.89571271623885,,Tuesday
40,ABBV,AbbVie,2025-04-30,195.1000061035156,195.77999877929688,191.00999450683597,194.4900054931641,8400700,0.008216689792854392,0.3136411091175304,185.4585702078683,,Wednesday
41,ABBV,AbbVie,2025-05-01,193.33999633789065,195.82000732421875,189.8000030517578,192.8800048828125,5823600,-0.009021064636415832,0.23848581679455524,188.2528555733817,,Thursday
42,ABT,Abbott Laboratories,2025-04-02,131.32168579101562,131.5207757755855,129.16169311664606,130.03764044576675,4236200,,0.9874412830371154,,,Wednesday
43,ABT,Abbott Laboratories,2025-04-03,131.02308654785156,133.02381339173743,130.87376905331936,131.30179431152422,6239200,-0.0022737999544054643,-0.2122650075987534,,,Thursday
44,ABT,Abbott Laboratories,2025-04-04,123.86622619628906,131.7895151930045,123.42825254742316,130.6249117294835,10776900,-0.0546228954005652,-5.174116823283508,,,Friday
45,ABT,Abbott Laboratories,2025-04-07,124.28429412841795,125.91673178272784,119.91453621796182,121.72614422916996,10371300,0.003375156771680432,2.1015615958654257,,,Monday
46,ABT,Abbott Laboratories,2025-04-08,123.37848663330078,127.36999939768602,121.49720167828735,126.4841036292074,9880100,-0.007288189561435954,-2.455341743979813,,,Tuesday
47,ABT,Abbott Laboratories,2025-04-09,126.45423889160156,127.17092029674086,120.29277760520203,121.06917992936408,10179200,0.02492940497351359,4.447918921544945,,,Wednesday
48,ABT,Abbott Laboratories,2025-04-10,123.92594909667967,126.23525161945156,121.45738066478452,125.41903282073606,11089400,-0.019993713275908265,-1.1904761904761973,126.32199532645089,,Thursday
49,ABT,Abbott Laboratories,2025-04-11,126.29497528076172,127.92742050785782,123.46807368038604,125.47875646432202,7357000,0.01911646593268279,0.6504836670674053,125.60389382498605,,Friday
50,ABT,Abbott Laboratories,2025-04-14,127.3699951171875,127.90750617115827,126.25515653181664,126.41442244153389,6988500,0.00851197630021261,0.7559047909233311,125.08202362060547,,Monday
51,ABT,Abbott Laboratories,2025-04-15,126.22000122070312,128.49000549316406,125.5999984741211,127.62000274658205,8639400,-0.009028766118945986,-1.0970079107888249,125.41827719552177,,Tuesday
52,ABT,Abbott Laboratories,2025-04-16,129.6999969482422,134.16000366210938,129.00999450683594,129.6999969482422,13483200,0.027570873822557518,0.0,126.19194902692523,,Wednesday
53,ABT,Abbott Laboratories,2025-04-17,130.97999572753906,132.7100067138672,129.66000366210938,130.3800048828125,10460000,0.009868919116533759,0.4601862419516269,127.2778788975307,,Thursday
54,ABT,Abbott Laboratories,2025-04-21,129.88999938964844,131.9600067138672,128.50999450683594,130.97000122070312,6046700,-0.008321853515387279,-0.8246177147350944,127.7687018258231,,Monday
55,ABT,Abbott Laboratories,2025-04-22,131.72999572753906,132.02999877929688,129.92999267578125,129.92999267578125,5837100,0.014165804500244406,1.3853637752827568,128.88356563023157,,Tuesday
56,ABT,Abbott Laboratories,2025-04-23,129.83999633789062,132.88999938964844,127.12999725341795,132.2100067138672,8777100,-0.014347524868653094,-1.7926104346290588,129.38999720982142,,Wednesday
57,ABT,Abbott Laboratories,2025-04-24,129.3800048828125,130.1999969482422,128.02999877929688,130.02000427246094,6595500,-0.0035427562234449095,-0.49223147870945994,129.67714146205358,,Thursday
58,ABT,Abbott Laboratories,2025-04-25,128.85000610351562,129.52999877929688,127.23999786376952,129.27000427246094,4849100,-0.0040964504505695,-0.32489994203147626,130.0528564453125,,Friday
59,ABT,Abbott Laboratories,2025-04-28,129.52999877929688,130.1199951171875,128.52000427246094,129.3300018310547,3843300,0.005277397311374221,0.15464079904943162,130.02857099260603,,Monday
60,ABT,Abbott Laboratories,2025-04-29,130.5,131.27000427246094,128.8000030517578,128.88999938964844,4315300,0.007488622171269332,1.2491276421565929,129.96000017438615,,Tuesday
61,ABT,Abbott Laboratories,2025-04-30,130.75,131.27000427246094,128.67999267578125,130.9199981689453,8510500,0.0019157088122605526,-0.12984889346388384,130.0828574044364,,Wednesday
62,ABT,Abbott Laboratories,2025-05-01,130.8800048828125,131.6300048828125,128.0,129.5,6769100,0.0009943012069790758,1.0656408361486487,129.961430140904,,Thursday
63,ACN,Accenture,2025-04-02,314.76910400390625,316.430877002472,308.2215853821248,308.2215853821248,4123000,,2.12428945028754,,,Wednesday
64,ACN,Accenture,2025-04-03,299.9725036621094,310.25154956254875,299.4849311764007,306.48024197830364,3614800,-0.047007791278057764,-2.1233793977019113,,,Thursday
65,ACN,Accenture,2025-04-04,283.6534118652344,297.5743705964787,283.19569016882224,295.3354728831452,4659000,-0.054401958838390496,-3.9555224788500243,,,Friday
66,ACN,Accenture,2025-04-07,283.3150939941406,291.59404751685355,273.65301500431474,277.56361573331714,6333600,-0.0011927156767446156,2.0721297514547095,,,Monday
67,ACN,Accenture,2025-04-08,280.0015563964844,291.5841055396834,275.3147750099697,288.8576351953298,4730400,-0.011695591473586564,-3.0658974248185684,,,Tuesday
68,ACN,Accenture,2025-04-09,298.4599914550781,298.9674846505554,277.54372256682973,278.61838010002407,6702200,0.06592261591737891,7.121429443359377,,,Wednesday
69,ACN,Accenture,2025-04-10,285.2200012207031,296.1000061035156,278.3399963378906,292.4700012207031,4578600,-0.044361021957503355,-2.4788867130783165,292.1988089425223,,Thursday
70,ACN,Accenture,2025-04-11,284.3399963378906,286.29998779296875,276.7300109863281,282.5799865722656,5019500,-0.0030853547403625337,0.622835957696142,287.85179356166293,,Friday
71,ACN,Accenture,2025-04-14,289.7900085449219,293.260009765625,286.6400146484375,289.9200134277344,3299300,0.01916723738209103,-0.04484163796608856,286.3971514020647,,Monday
72,ACN,Accenture,2025-04-15,288.6600036621094,292.0799865722656,287.3399963378906,288.9100036621094,3273200,-0.003899392144285474,-0.08653213693921931,287.1123788016183,,Tuesday
73,ACN,Accenture,2025-04-16,285.239990234375,292.5,283.739990234375,289.45001220703125,3183900,-0.011847895047273904,-1.4544901693232617,287.38736397879467,,Wednesday
74,ACN,Accenture,2025-04-17,282.3500061035156,286.6700134277344,281.7699890136719,285.5199890136719,2320300,-0.010131763531771032,-1.1102490305869472,287.7228567940848,,Thursday
75,ACN,Accenture,2025-04-21,279.2300109863281,282.3399963378906,275.9800109863281,282.3399963378906,2835500,-0.011050097573022999,-1.1015036452152611,284.9757167271205,,Monday
76,ACN,Accenture,2025-04-22,283.9599914550781,285.1000061035156,280.1499938964844,281.3999938964844,2499500,0.016939369991220588,0.9097361812791898,284.79571533203125,,Tuesday
77,ACN,Accenture,2025-04-23,288.1600036621094,296.94000244140625,286.9700012207031,294.6499938964844,2763100,0.014790859041477589,-2.202610001293618,285.3414306640625,,Wednesday
78,ACN,Accenture,2025-04-24,291.4100036621094,291.760009765625,284.739990234375,285.0,3271400,0.011278456269770532,2.2491240919682016,285.57285853794644,,Thursday
79,ACN,Accenture,2025-04-25,293.3900146484375,294.010009765625,289.0199890136719,291.5199890136719,2919200,0.006794588248329125,0.6414742402717103,286.24857439313615,,Friday
80,ACN,Accenture,2025-04-28,293.25,296.0599975585937,289.8900146484375,294.5199890136719,1865200,-0.00047723044905012557,-0.43120639041342657,287.39286150251115,,Monday
81,ACN,Accenture,2025-04-29,298.4700012207031,299.0400085449219,294.79998779296875,295.6199951171875,3251900,0.017800515671621886,0.9640775829070178,289.69571794782365,,Tuesday
82,ACN,Accenture,2025-04-30,299.1499938964844,299.54998779296875,291.7099914550781,295.2699890136719,2834700,0.00227826137635323,1.3140532486126941,292.5414297921317,,Wednesday
83,ACN,Accenture,2025-05-01,300.5299987792969,304.760009765625,298.5,300.8099975585937,2848600,0.00461308678244543,-0.09308160685127435,294.90857369559154,,Thursday
84,ADBE,Adobe Inc.,2025-04-02,385.7799987792969,388.0,376.5400085449219,378.2799987792969,2859100,,1.9826583547114234,,,Wednesday
85,ADBE,Adobe Inc.,2025-04-03,367.25,376.010009765625,366.2900085449219,371.8800048828125,5324400,-0.04803255440388399,-1.2450265736313293,,,Thursday
86,ADBE,Adobe Inc.,2025-04-04,349.07000732421875,361.7300109863281,348.79998779296875,359.0,5867600,-0.04950304336495914,-2.7660146729195683,,,Friday
87,ADBE,Adobe Inc.,2025-04-07,340.70001220703125,358.3599853515625,332.010009765625,335.5400085449219,7690900,-0.023977984191043356,1.5378206862680452,,,Monday
88,ADBE,Adobe Inc.,2025-04-08,340.0,350.739990234375,333.8299865722656,350.1000061035156,6650800,-0.002054629239654604,-2.884891724488948,,,Tuesday
89,ADBE,Adobe Inc.,2025-04-09,364.6400146484375,365.7200012207031,333.42999267578125,338.739990234375,7186300,0.07247063131893383,7.645989596959665,,,Wednesday
90,ADBE,Adobe Inc.,2025-04-10,350.04998779296875,362.5,341.5199890136719,360.9700012207031,5695000,-0.040012138737805625,-3.0251858577737307,356.78428867885043,,Thursday
91,ADBE,Adobe Inc.,2025-04-11,352.4700012207031,353.1000061035156,342.3500061035156,351.44000244140625,3941800,0.006913336700830497,0.2930795504614195,352.02571759905135,,Friday
92,ADBE,Adobe Inc.,2025-04-14,350.9100036621094,362.0499877929688,348.5,359.510009765625,3286000,-0.00442590164607215,-2.3921464965946897,349.6914324079241,,Monday
93,ADBE,Adobe Inc.,2025-04-15,350.3800048828125,356.489990234375,349.19000244140625,351.04998779296875,3030400,-0.0015103552870131542,-0.19085114184689034,349.87857491629467,,Tuesday
94,ADBE,Adobe Inc.,2025-04-16,344.19000244140625,350.3800048828125,341.3099975585937,345.0,3687900,-0.017666540199622882,-0.23478190104166669,350.3771449497768,,Wednesday
95,ADBE,Adobe Inc.,2025-04-17,348.79998779296875,351.8800048828125,345.0899963378906,349.75,5206500,0.013393722417452514,-0.27162607777877057,351.634286063058,,Thursday
96,ADBE,Adobe Inc.,2025-04-21,343.2200012207031,346.67999267578125,338.6400146484375,344.57000732421875,3691200,-0.015997668484947436,-0.3917944321385332,348.5742841448103,,Monday
97,ADBE,Adobe Inc.,2025-04-22,349.9100036621094,352.0799865722656,344.3699951171875,349.1400146484375,3250400,0.019491878146997488,0.2205387470259479,348.55428641183033,,Tuesday
98,ADBE,Adobe Inc.,2025-04-23,351.9599914550781,363.0,349.79998779296875,358.1199951171875,3168000,0.005858614419461672,-1.720094869345019,348.48142787388394,,Wednesday
99,ADBE,Adobe Inc.,2025-04-24,360.9100036621094,361.1199951171875,353.25,353.5899963378906,3085100,0.025429061326061486,2.070196385653329,349.90999930245533,,Thursday
100,ADBE,Adobe Inc.,2025-04-25,367.7200012207031,369.30999755859375,359.989990234375,361.7000122070313,3499300,0.01886896314730424,1.6643596379604415,352.3871416364397,,Friday
101,ADBE,Adobe Inc.,2025-04-28,368.6199951171875,370.989990234375,364.5799865722656,368.0499877929688,3163400,0.002447497806746135,0.15487225733568752,355.8771405901228,,Monday
102,ADBE,Adobe Inc.,2025-04-29,370.9800109863281,373.8800048828125,366.8800048828125,367.2099914550781,2198300,0.006402300201838962,1.026665836708639,359.04571533203125,,Tuesday
103,ADBE,Adobe Inc.,2025-04-30,374.9800109863281,376.0,363.55999755859375,366.8699951171875,3305500,0.010782252093219702,2.2105966628723843,363.5828595842634,,Wednesday
104,ADBE,Adobe Inc.,2025-05-01,374.6300048828125,380.4400024414063,374.0700073242188,378.2999877929688,2848800,-0.0009333993633287019,-0.9701250405973494,367.1142883300781,,Thursday
105,AIG,American International Group,2025-04-02,87.72000122070312,88.06999969482422,85.81999969482422,86.0199966430664,4944200,,1.9762899837008383,,,Wednesday
106,AIG,American International Group,2025-04-03,86.19999694824219,87.47000122070312,85.62000274658203,86.0,6291100,-0.017327909841640454,0.23255459097928777,,,Thursday
107,AIG,American International Group,2025-04-04,78.94999694824219,84.55999755859375,78.2699966430664,84.16999816894531,6406300,-0.0841067315159324,-6.201736169965909,,,Friday
108,AIG,American International Group,2025-04-07,77.55999755859375,80.97000122070312,76.08999633789062,77.77999877929688,10099700,-0.017606072747028634,-0.282850635325137,,,Monday
109,AIG,American International Group,2025-04-08,77.66999816894531,81.22000122070312,76.63999938964844,79.04000091552734,7738800,0.0014182647474745291,-1.7333030499913562,,,Tuesday
110,AIG,American International Group,2025-04-09,82.81999969482422,83.55000305175781,76.52999877929688,76.52999877929688,7565200,0.06630618832611246,8.219000412723036,,,Wednesday
111,AIG,American International Group,2025-04-10,81.3499984741211,83.06999969482422,79.63999938964844,81.1500015258789,4402300,-0.017749350713834766,0.24645341279310762,81.7528555733817,,Thursday
112,AIG,American International Group,2025-04-11,81.97000122070312,82.7300033569336,80.12999725341797,81.12999725341797,4039600,0.0076214229651063725,1.0353802486413461,80.93142700195312,,Friday
113,AIG,American International Group,2025-04-14,81.5,83.91999816894531,81.37000274658203,83.0,6105600,-0.005733819857311584,-1.8072289156626504,80.25999886648995,,Monday
114,AIG,American International Group,2025-04-15,81.94999694824219,82.76000213623047,81.54000091552734,81.94999694824219,4550000,0.005521434947756809,0.0,80.68857029506138,,Tuesday
115,AIG,American International Group,2025-04-16,80.97000122070312,82.9000015258789,80.6500015258789,82.37999725341797,3468300,-0.011958459597722793,-1.7115757219284717,81.17571367536273,,Wednesday
116,AIG,American International Group,2025-04-17,81.13999938964844,82.16000366210938,80.66999816894531,81.30999755859375,4021400,0.0020995203949909502,-0.20907412870453984,81.67142813546317,,Thursday
117,AIG,American International Group,2025-04-21,79.37999725341797,81.18000030517578,78.61000061035156,81.08999633789062,3637500,-0.021690931100191824,-2.108767001724023,81.17999921526227,,Monday
118,AIG,American International Group,2025-04-22,81.63999938964844,81.94000244140625,79.93000030517578,80.54000091552734,3545000,0.028470675414808744,1.3657790683101725,81.22142791748047,,Tuesday
119,AIG,American International Group,2025-04-23,81.6500015258789,82.37000274658203,81.16000366210938,82.27999877929688,3086100,0.00012251514337635605,-0.7656748453628895,81.17571367536273,,Wednesday
120,AIG,American International Group,2025-04-24,82.44999694824219,82.83999633789062,81.20999908447266,81.62999725341797,2620800,0.00979786169519814,1.004532307257776,81.31142752511161,,Thursday
121,AIG,American International Group,2025-04-25,81.22000122070312,82.33000183105469,80.79000091552734,82.05999755859375,2657600,-0.014918080934692934,-1.0236368058515208,81.20714242117745,,Friday
122,AIG,American International Group,2025-04-28,81.93000030517578,82.2699966430664,81.11000061035156,81.47000122070312,3055500,0.008741677835528927,0.5646238831229592,81.3442851475307,,Monday
123,AIG,American International Group,2025-04-29,82.0,82.55000305175781,81.58000183105469,81.58000183105469,3331600,0.0008543841640848981,0.5148298106380205,81.46714237758091,,Tuesday
124,AIG,American International Group,2025-04-30,81.5199966430664,81.94999694824219,80.0,81.3499984741211,5777400,-0.005853699474799967,0.20897132407370847,81.77285657610211,,Wednesday
125,AIG,American International Group,2025-05-01,80.83999633789062,81.41000366210938,80.3499984741211,80.5999984741211,5974900,-0.00834151537264105,0.29776410460676295,81.65857042585101,,Thursday
126,AMD,AMD,2025-04-02,102.95999908447266,104.19000244140624,100.76000213623048,101.5199966430664,20794000,,1.4184421680677815,,,Wednesday
127,AMD,AMD,2025-04-03,93.8000030517578,99.4499969482422,93.63999938964844,97.79000091552734,50472500,-0.0889665512253901,-4.080169573999875,,,Thursday
128,AMD,AMD,2025-04-04,85.76000213623047,91.08000183105467,83.66999816894531,90.0999984741211,65847000,-0.0857142926860135,-4.816866161365338,,,Friday
129,AMD,AMD,2025-04-07,83.63999938964844,89.0,77.75,80.68000030517578,70515400,-0.024720180664342672,3.6688139232477996,,,Monday
130,AMD,AMD,2025-04-08,78.20999908447266,88.93000030517578,76.4800033569336,86.1500015258789,69910200,-0.06492109450980954,-9.216485549360232,,,Tuesday
131,AMD,AMD,2025-04-09,96.83999633789062,97.91000366210938,78.87000274658203,79.22000122070312,97827400,0.23820480081192907,22.24185161030109,,,Wednesday
132,AMD,AMD,2025-04-10,88.69999694824219,92.9499969482422,85.05999755859375,91.0,65210600,-0.08405617201023685,-2.527475881052541,89.98714229038784,,Thursday
133,AMD,AMD,2025-04-11,93.4000015258789,94.76000213623048,90.5,90.51000213623048,57892600,0.05298765207826617,3.193016596440426,88.62142835344586,,Friday
134,AMD,AMD,2025-04-14,94.5,97.37000274658205,93.4499969482422,97.11000061035156,36003000,0.011777285397755799,-2.687674383634332,88.72142791748047,,Monday
135,AMD,AMD,2025-04-15,95.29000091552734,96.8499984741211,94.62000274658205,94.66000366210938,28116500,0.008359798047908429,0.6655368994773713,90.08285631452289,,Tuesday
136,AMD,AMD,2025-04-16,88.29000091552734,90.47000122070312,85.30000305175781,87.61000061035156,62109000,-0.07345996361365725,0.7761674471389466,90.7471422467913,,Wednesday
137,AMD,AMD,2025-04-17,87.5,89.02999877929688,86.5199966430664,88.83999633789062,34693400,-0.008947795982958362,-1.5083255213047673,92.07428523472377,,Thursday
138,AMD,AMD,2025-04-21,85.55999755859375,86.13999938964844,83.75,86.0199966430664,33855400,-0.02217145647321428,-0.5347583148385698,90.46285683768136,,Monday
139,AMD,AMD,2025-04-22,86.26000213623047,87.16999816894531,85.16999816894531,86.12000274658203,35236700,0.00818144690989886,0.16256315046854067,90.11428615025112,,Tuesday
140,AMD,AMD,2025-04-23,90.38999938964844,93.73999786376952,90.12000274658205,91.87999725341795,41102600,0.04787847381333776,-1.621678176219241,89.68428584507534,,Wednesday
141,AMD,AMD,2025-04-24,94.47000122070312,94.75,90.37000274658205,91.58999633789062,33681900,0.04513775703733369,3.1444535407422514,89.68000030517578,,Thursday
142,AMD,AMD,2025-04-25,96.6500015258789,97.0999984741211,92.8499984741211,93.27999877929688,28575300,0.023076111749832817,3.612781722430715,89.87428610665458,,Friday
143,AMD,AMD,2025-04-28,96.38999938964844,97.48999786376952,94.2699966430664,95.58000183105467,30456700,-0.0026901410463077147,0.847455056577107,91.03142874581474,,Monday
144,AMD,AMD,2025-04-29,96.05999755859376,97.18000030517578,95.33000183105467,95.76000213623048,20700600,-0.0034236106768781305,0.3132784207089935,92.25428553989956,,Tuesday
145,AMD,AMD,2025-04-30,97.3499984741211,97.5500030517578,91.87000274658205,92.80999755859376,29730700,0.013429116680337971,4.891715370061387,93.93857138497489,,Wednesday
146,AMD,AMD,2025-05-01,96.6500015258789,100.0999984741211,96.4499969482422,99.2699966430664,29591500,-0.0071905183278279106,-2.6392618170502335,95.42285701206752,,Thursday
147,AMGN,Amgen,2025-04-02,305.70001220703125,306.760009765625,300.1000061035156,305.4100036621094,1912500,,0.09495712041008526,,,Wednesday
148,AMGN,Amgen,2025-04-03,309.8500061035156,314.8999938964844,306.70001220703125,311.17999267578125,3280300,0.013575380211872101,-0.42740105519937444,,,Thursday
149,AMGN,Amgen,2025-04-04,294.3900146484375,312.1099853515625,293.7200012207031,312.1099853515625,5253100,-0.049895081976900846,-5.677476381656012,,,Friday
150,AMGN,Amgen,2025-04-07,289.69000244140625,296.94000244140625,281.70001220703125,287.69000244140625,4923000,-0.0159652568808899,0.6951927362881994,,,Monday
151,AMGN,Amgen,2025-04-08,280.260009765625,294.010009765625,277.510009765625,289.25,4097200,-0.032552012828570454,-3.108034653197926,,,Tuesday
152,AMGN,Amgen,2025-04-09,291.0899963378906,291.5,267.3999938964844,268.9100036621094,6055700,0.038642639673503565,8.248109915483411,,,Wednesday
153,AMGN,Amgen,2025-04-10,281.4100036621094,288.5199890136719,269.6700134277344,287.9800109863281,4679100,-0.03325429522677559,-2.2814108874142174,293.1985778808594,,Thursday
154,AMGN,Amgen,2025-04-11,285.9800109863281,287.8999938964844,277.1000061035156,282.5,3467100,0.01623967614778188,1.231862296045354,290.38143484933033,,Friday
155,AMGN,Amgen,2025-04-14,293.9200134277344,295.17999267578125,285.2099914550781,286.7699890136719,2492700,0.02776418678362047,2.4932959123981484,288.105721609933,,Monday
156,AMGN,Amgen,2025-04-15,295.29998779296875,296.1700134277344,292.1400146484375,294.3099975585937,2593600,0.0046950677129500296,0.33637669212306026,288.2357177734375,,Tuesday
157,AMGN,Amgen,2025-04-16,282.6400146484375,294.75,281.0299987792969,294.739990234375,2656300,-0.04287156677231907,-4.105305010126278,287.22857666015625,,Wednesday
158,AMGN,Amgen,2025-04-17,277.2900085449219,278.67999267578125,268.5,277.0400085449219,4371800,-0.018928693129917407,0.09023967379767918,286.8042907714844,,Thursday
159,AMGN,Amgen,2025-04-21,273.67999267578125,278.25,270.3599853515625,277.2900085449219,1803600,-0.013018917948339204,-1.3018917948339241,284.317147391183,,Monday
160,AMGN,Amgen,2025-04-22,278.3999938964844,278.7300109863281,274.489990234375,275.70001220703125,2081000,0.017246424097558055,0.9793186688093541,283.88714599609375,,Tuesday
161,AMGN,Amgen,2025-04-23,277.8999938964844,283.6000061035156,276.4200134277344,279.9100036621094,2679500,-0.0017959770508684247,-0.7180914362929893,282.7328578404018,,Wednesday
162,AMGN,Amgen,2025-04-24,279.8399963378906,282.260009765625,274.4200134277344,278.4700012207031,2260500,0.006980937330026915,0.4919722451904978,280.721426827567,,Thursday
163,AMGN,Amgen,2025-04-25,280.8399963378906,282.19000244140625,276.44000244140625,279.4700012207031,1994600,0.0035734706013665907,0.4902118693253188,278.6557137625558,,Friday
164,AMGN,Amgen,2025-04-28,283.0899963378906,284.1000061035156,280.0,280.6300048828125,2082400,0.008011679352441403,0.8765960204809126,278.7199968610491,,Monday
165,AMGN,Amgen,2025-04-29,288.5599975585937,289.8999938964844,279.0599975585937,281.1199951171875,2147700,0.019322481512819678,2.6465575450457584,280.32999529157365,,Tuesday
166,AMGN,Amgen,2025-04-30,290.9200134277344,292.0,286.0899963378906,289.44000244140625,2612300,0.008178596787870696,0.5113360191557268,282.7928553989955,,Wednesday
167,AMGN,Amgen,2025-05-01,283.7799987792969,287.8800048828125,282.07000732421875,287.0400085449219,2942700,-0.02454287886320039,-1.1357335801900268,283.5614275251116,,Thursday
168,AMT,American Tower,2025-04-02,216.12181091308597,218.6807585198101,214.52494878721703,218.08566392813617,2794100,,-0.9004961535194428,,,Wednesday
169,AMT,American Tower,2025-04-03,226.32785034179688,229.14467079517505,218.2046826875369,223.1638800213445,5852900,0.04722355131854461,1.4177788628472252,,,Thursday
170,AMT,American Tower,2025-04-04,218.373291015625,231.8920676317508,218.23443409728023,231.2473629053674,9877200,-0.035146179819050216,-5.567229709344106,,,Friday
171,AMT,American Tower,2025-04-07,211.64862060546875,220.09909699600635,209.91290155997004,215.57631150464707,5082200,-0.030794381395640058,-1.821949207574993,,,Monday
172,AMT,American Tower,2025-04-08,202.9898681640625,214.92169569522463,200.36148450610744,213.3347465004492,5455000,-0.040910979795833025,-4.849129598475847,,,Tuesday
173,AMT,American Tower,2025-04-09,205.78684997558597,210.21046069187855,195.88829625555869,200.4606768393504,5646900,0.013778923237995677,2.6569665533474973,,,Wednesday
174,AMT,American Tower,2025-04-10,206.62001037597656,211.43042283482967,201.83933675689212,206.0546546007093,3565200,0.0040486571444648956,0.27437175654332613,212.55261448451452,,Thursday
175,AMT,American Tower,2025-04-11,213.22000122070312,213.75,205.1499938964844,206.5200042724609,2555400,0.0319426508241718,3.244236301391385,212.13807024274553,,Friday
176,AMT,American Tower,2025-04-14,217.7899932861328,218.8300018310547,211.16000366210935,213.0,2080600,0.021433224084354663,2.2488231390294895,210.91837637765067,,Monday
177,AMT,American Tower,2025-04-15,218.00999450683597,220.82000732421875,216.0200042724609,219.27999877929688,3854900,0.0010101530257826674,-0.5791701384215875,210.8664768763951,,Tuesday
178,AMT,American Tower,2025-04-16,218.0,220.5399932861328,216.50999450683597,220.3000030517578,3376800,-4.5844259840333024e-05,-1.0440322378104752,211.77381678989954,,Wednesday
179,AMT,American Tower,2025-04-17,222.66000366210935,224.3600006103516,218.25999450683597,218.94000244140625,2599000,0.021376163587657482,1.6990961812465775,214.5838361467634,,Thursday
180,AMT,American Tower,2025-04-21,217.9900054931641,223.5500030517578,215.1300048828125,221.3300018310547,2781000,-0.02097367327825994,-1.5090572042917516,216.327144077846,,Monday
181,AMT,American Tower,2025-04-22,220.97000122070312,222.22000122070312,217.8300018310547,219.77999877929688,2747400,0.01367033190717759,0.5414516552988294,218.37714276994978,,Tuesday
182,AMT,American Tower,2025-04-23,212.6000061035156,219.9199981689453,209.3699951171875,219.7700042724609,7046000,-0.03787842273136277,-3.2625008097357426,218.28857203892298,,Wednesday
183,AMT,American Tower,2025-04-24,210.91000366210935,215.27999877929688,210.75999450683597,214.3300018310547,2885500,-0.007949211631646858,-1.5956693602051801,217.30571637834822,,Thursday
184,AMT,American Tower,2025-04-25,210.82000732421875,211.7899932861328,208.4499969482422,211.47999572753903,2464500,-0.00042670492782681535,-0.31208077201334083,216.27857535226005,,Friday
185,AMT,American Tower,2025-04-28,211.3000030517578,213.6000061035156,209.3600006103516,210.4499969482422,3390200,0.0022768034857378883,0.4038993185277519,215.3214329310826,,Monday
186,AMT,American Tower,2025-04-29,221.3300018310547,221.7700042724609,210.3600006103516,211.63999938964844,3174900,0.04746804843556984,4.5785307452992745,215.13143266950334,,Tuesday
187,AMT,American Tower,2025-04-30,225.41000366210935,226.08999633789065,220.58999633789065,221.3600006103516,3491100,0.018434020680888175,1.8296002171082226,216.1914324079241,,Wednesday
188,AMT,American Tower,2025-05-01,224.02999877929688,225.83999633789065,223.07000732421875,224.8699951171875,2253000,-0.006122198928141254,-0.3735475413039761,216.62857491629464,,Thursday
189,AMZN,Amazon (company),2025-04-02,196.00999450683597,198.33999633789065,187.66000366210935,187.66000366210935,53679200,,4.449531430128911,,,Wednesday
190,AMZN,Amazon (company),2025-04-03,178.41000366210938,184.1300048828125,176.9199981689453,183.0,95553600,-0.08979129298487265,-2.5081947201588113,,,Thursday
191,AMZN,Amazon (company),2025-04-04,171.0,178.13999938964844,166.0,167.14999389648438,123159400,-0.041533565999713695,2.3033241065506265,,,Friday
192,AMZN,Amazon (company),2025-04-07,175.25999450683594,183.41000366210935,161.3800048828125,162.0,109327100,0.024912248577988017,8.18518179434317,,,Monday
193,AMZN,Amazon (company),2025-04-08,170.66000366210938,185.8999938964844,168.57000732421875,185.22999572753903,87710400,-0.026246667744515673,-7.865892350859386,,,Tuesday
194,AMZN,Amazon (company),2025-04-09,191.1000061035156,192.6499938964844,169.92999267578125,172.1199951171875,116804300,0.11977031526306248,11.027197028099845,,,Wednesday
195,AMZN,Amazon (company),2025-04-10,181.22000122070312,186.8699951171875,175.85000610351562,185.44000244140625,68302000,-0.051700704171933065,-2.275669308210091,180.52285766601562,,Thursday
196,AMZN,Amazon (company),2025-04-11,184.8699951171875,185.8600006103516,178.0,179.92999267578125,50594300,0.020141230945248445,2.745513612234576,178.93142918178015,,Friday
197,AMZN,Amazon (company),2025-04-14,182.1199951171875,187.44000244140625,179.22999572753906,186.83999633789065,48002500,-0.014875318183769082,-2.526226350469024,179.46142796107702,,Monday
198,AMZN,Amazon (company),2025-04-15,179.58999633789062,182.3500061035156,177.92999267578125,181.41000366210935,43642000,-0.013891933050343641,-1.0032563185482488,180.6885702950614,,Tuesday
199,AMZN,Amazon (company),2025-04-16,174.3300018310547,179.10000610351562,171.41000366210938,176.2899932861328,51875300,-0.029288905919567454,-1.1117996084422679,180.5557141985212,,Wednesday
200,AMZN,Amazon (company),2025-04-17,172.61000061035156,176.2100067138672,172.0,176.0,44468400,-0.009866352335440198,-1.9261360168457031,180.83428519112724,,Thursday
201,AMZN,Amazon (company),2025-04-21,167.32000732421875,169.60000610351562,165.2899932861328,169.60000610351562,48126100,-0.030647084568839134,-1.3443388545076314,177.43714250837053,,Monday
202,AMZN,Amazon (company),2025-04-22,173.17999267578125,176.77999877929688,169.35000610351562,169.85000610351562,56607200,0.03502262189247651,1.9605454534020765,176.288569859096,,Tuesday
203,AMZN,Amazon (company),2025-04-23,180.6000061035156,187.3800048828125,180.19000244140625,183.4499969482422,63470100,0.042845673527805994,-1.5535518627076759,175.67857142857142,,Wednesday
204,AMZN,Amazon (company),2025-04-24,186.5399932861328,186.7400054931641,180.17999267578125,180.9199981689453,43763200,0.032890293365840595,3.106342678568612,176.30999973842077,,Thursday
205,AMZN,Amazon (company),2025-04-25,188.9900054931641,189.94000244140625,185.4900054931641,187.6199951171875,36414300,0.013133978209558528,0.7302048884080197,177.6528581891741,,Friday
206,AMZN,Amazon (company),2025-04-28,187.6999969482422,190.22000122070312,184.88999938964844,190.1100006103516,33224700,-0.006825802991833663,-1.2676890507453806,179.56285749162947,,Monday
207,AMZN,Amazon (company),2025-04-29,187.38999938964844,188.0200042724609,183.67999267578125,183.9900054931641,41667300,-0.0016515586767922308,1.8479231452659906,181.67428588867188,,Tuesday
208,AMZN,Amazon (company),2025-04-30,184.4199981689453,185.0500030517578,178.85000610351562,182.1699981689453,55176500,-0.015849304820837684,1.2351100744444974,184.1171417236328,,Wednesday
209,AMZN,Amazon (company),2025-05-01,190.1999969482422,191.80999755859372,187.5,190.6300048828125,74266000,0.031341496782804956,-0.22557201046847514,186.54857090541296,,Thursday
210,AVGO,Broadcom,2025-04-02,172.08999633789062,173.42999267578125,165.5,166.0800018310547,19523700,,3.618734610172765,,,Wednesday
211,AVGO,Broadcom,2025-04-03,154.00999450683594,163.42999267578125,153.6999969482422,160.5399932861328,44354900,-0.10506131800686114,-4.067521522601761,,,Thursday
212,AVGO,Broadcom,2025-04-04,146.2899932861328,152.8000030517578,139.1699981689453,148.1699981689453,72302200,-0.05012662486888453,-1.2688161611967457,,,Friday
213,AVGO,Broadcom,2025-04-07,154.13999938964844,160.42999267578125,138.10000610351562,144.49000549316406,68503500,0.0536605814736868,6.678658405159327,,,Monday
214,AVGO,Broadcom,2025-04-08,156.02999877929688,169.77999877929688,153.08999633789062,167.6199951171875,58888200,0.012261576470301794,-6.914447366370437,,,Tuesday
215,AVGO,Broadcom,2025-04-09,185.1499938964844,187.3300018310547,157.50999450683594,160.5,72708300,0.1866307462988417,15.35825164889994,,,Wednesday
216,AVGO,Broadcom,2025-04-10,172.3000030517578,176.9499969482422,166.39999389648438,175.3000030517578,51212200,-0.06940313944547516,-1.7113519382622269,162.8585684640067,,Thursday
217,AVGO,Broadcom,2025-04-11,181.94000244140625,182.66000366210935,173.30999755859375,173.6199951171875,33964100,0.05594892175801447,4.792078999082469,164.26571219308036,,Friday
218,AVGO,Broadcom,2025-04-14,178.36000061035156,186.0,175.82000732421875,185.0800018310547,25748300,-0.019676826332942543,-3.630862953436373,167.7442844935826,,Monday
219,AVGO,Broadcom,2025-04-15,178.9499969482422,182.25999450683597,178.0800018310547,179.72999572753906,17242400,0.0033078960297805438,-0.43398364092731123,172.40999930245536,,Tuesday
220,AVGO,Broadcom,2025-04-16,174.61000061035156,176.0800018310547,166.9199981689453,170.42999267578125,34638600,-0.024252564469983695,2.4526246049439084,175.33428519112724,,Wednesday
221,AVGO,Broadcom,2025-04-17,170.99000549316406,176.25,169.9199981689453,176.25,22501800,-0.020731888806676313,-2.9843940464317376,177.47142900739397,,Thursday
222,AVGO,Broadcom,2025-04-21,166.2100067138672,168.0,161.61000061035156,166.99000549316406,23469800,-0.027954843123786932,-0.4670930915855352,174.76571655273438,,Monday
223,AVGO,Broadcom,2025-04-22,169.5800018310547,170.52000427246094,165.22000122070312,167.42999267578125,18504900,0.020275524824380664,1.2841242604822956,174.37714494977678,,Tuesday
224,AVGO,Broadcom,2025-04-23,176.91000366210938,180.4499969482422,175.82000732421875,177.77999877929688,24380500,0.04322444717483398,-0.48936613970143306,173.6585736955915,,Wednesday
225,AVGO,Broadcom,2025-04-24,188.1499938964844,188.57000732421875,178.3000030517578,179.69000244140625,27576900,0.06353507434120531,4.708103589589971,175.05714416503906,,Thursday
226,AVGO,Broadcom,2025-04-25,192.30999755859372,193.3699951171875,186.88999938964844,186.9199981689453,21242300,0.02211003878319584,2.8835862628121394,176.96571568080358,,Friday
227,AVGO,Broadcom,2025-04-28,192.47000122070312,193.1000061035156,187.67999267578125,190.52999877929688,16385800,0.0008320090694227122,1.0182136429095763,179.51714433942522,,Monday
228,AVGO,Broadcom,2025-04-29,191.1699981689453,193.25,190.1000061035156,191.72000122070312,14630000,-0.00675431518425107,-0.2868782851324225,182.4000004359654,,Tuesday
229,AVGO,Broadcom,2025-04-30,192.47000122070312,193.1999969482422,184.0200042724609,185.8999938964844,22768900,0.0068002461903511335,3.534162205447479,186.15142822265625,,Wednesday
230,AVGO,Broadcom,2025-05-01,197.3300018310547,201.3999938964844,196.2400054931641,198.13999938964844,24939700,0.0252506914299786,-0.40880062636967346,190.11571393694197,,Thursday
231,AXP,American Express,2025-04-02,274.3392333984375,276.4023913365132,265.687961694249,266.006910155677,2473700,,3.1323709740788686,,,Wednesday
232,AXP,American Express,2025-04-03,247.00001525878903,260.1363976969093,246.3621183043148,259.33905692041736,7736200,-0.09965478798266625,-4.757880208307681,,,Thursday
233,AXP,American Express,2025-04-04,233.67999267578125,238.97000122070312,228.6199951171875,237.9199981689453,9097500,-0.053927213603821134,-1.7821139567062643,,,Friday
234,AXP,American Express,2025-04-07,234.27999877929688,241.94000244140625,220.42999267578125,225.2899932861328,6283600,0.002567640030475715,3.990414914587962,,,Monday
235,AXP,American Express,2025-04-08,231.38999938964844,247.0,227.3600006103516,245.8300018310547,4782100,-0.012335664182630324,-5.873978901619202,,,Tuesday
236,AXP,American Express,2025-04-09,262.3599853515625,264.7699890136719,226.25999450683597,226.9600067138672,8640600,0.13384323455467162,15.597452234095474,,,Wednesday
237,AXP,American Express,2025-04-10,246.88999938964844,255.5,238.5200042724609,255.0200042724609,4799900,-0.058964731001887594,-3.187987117326864,247.13417489188058,,Thursday
238,AXP,American Express,2025-04-11,251.1300048828125,252.7700042724609,243.13999938964844,246.88999938964844,4413500,0.017173662374523113,1.7173662374523206,243.81857081821985,,Friday
239,AXP,American Express,2025-04-14,255.3800048828125,257.6199951171875,252.16000366210935,256.5199890136719,3067000,0.016923505424942142,-0.44440362532473704,245.01571219308036,,Monday
240,AXP,American Express,2025-04-15,257.8599853515625,260.6300048828125,255.3000030517578,256.0,3509100,0.009710942208995599,0.7265567779541016,248.4699968610491,,Tuesday
241,AXP,American Express,2025-04-16,252.9199981689453,258.94000244140625,249.6300048828125,255.16000366210935,4244900,-0.019157633844902655,-0.8778826857716767,251.13285391671317,,Wednesday
242,AXP,American Express,2025-04-17,251.30999755859372,255.6199951171875,247.1000061035156,252.9499969482422,3906800,-0.006365651676448869,-0.6483492427098299,253.97856794084822,,Thursday
243,AXP,American Express,2025-04-21,242.50999450683597,250.25999450683597,239.2700042724609,248.8500061035156,4302900,-0.035016525952995536,-2.547724107365438,251.14285496303015,,Monday
244,AXP,American Express,2025-04-22,252.4199981689453,253.2400054931641,246.3699951171875,247.1199951171875,2324100,0.040864310282395344,2.144708302233691,251.93285478864397,,Tuesday
245,AXP,American Express,2025-04-23,260.1400146484375,270.1700134277344,259.260009765625,261.8699951171875,3872900,0.030584012897128643,-0.6606256925219055,253.2199990408761,,Wednesday
246,AXP,American Express,2025-04-24,267.32000732421875,268.0,258.0,258.07000732421875,2696300,0.02760049308632717,3.5842987319247186,254.92571367536272,,Thursday
247,AXP,American Express,2025-04-25,264.8099975585937,268.8599853515625,264.0,267.0,1940100,-0.009389532009778767,-0.8202256334855081,255.91857256208147,,Friday
248,AXP,American Express,2025-04-28,264.95001220703125,268.0,262.5299987792969,264.94000244140625,1561500,0.0005287362627106607,0.0037781254369897367,257.63714599609375,,Monday
249,AXP,American Express,2025-04-29,267.0199890136719,267.4800109863281,261.8299865722656,265.42999267578125,1730800,0.007812706968373995,0.5990266291544459,259.88143048967635,,Tuesday
250,AXP,American Express,2025-04-30,266.4100036621094,267.4200134277344,257.2099914550781,260.9599914550781,3522700,-0.0022844183082161296,2.0884474193314877,263.29571751185824,,Wednesday
251,AXP,American Express,2025-05-01,268.5400085449219,272.6600036621094,266.5199890136719,268.0,2473800,0.007995213593833483,0.20149572571711755,265.5985761369978,,Thursday
252,BA,Boeing,2025-04-02,168.55999755859375,170.3800048828125,165.5500030517578,166.39999389648438,5826600,,1.2980791714770674,,,Wednesday
253,BA,Boeing,2025-04-03,150.91000366210938,160.2100067138672,150.41000366210938,160.0,15877400,-0.10471045415356628,-5.681247711181641,,,Thursday
254,BA,Boeing,2025-04-04,136.58999633789062,146.0,132.7899932861328,143.3000030517578,22282000,-0.09489104086354372,-4.682488884137451,,,Friday
255,BA,Boeing,2025-04-07,138.86000061035156,143.97000122070312,128.8800048828125,132.0500030517578,18825000,0.016619110720564656,5.157135479901904,,,Monday
256,BA,Boeing,2025-04-08,139.38999938964844,147.77000427246094,137.39999389648438,146.85000610351562,14527900,0.0038167850854622376,-5.080017980120869,,,Tuesday
257,BA,Boeing,2025-04-09,160.82000732421875,162.42999267578125,137.94000244140625,138.85000610351562,16775200,0.1537413589813228,15.822830576128332,,,Wednesday
258,BA,Boeing,2025-04-10,155.52000427246094,157.35000610351562,149.41000366210938,154.97999572753906,10375000,-0.03295611746287774,0.34843757891904403,150.09285845075334,,Thursday
259,BA,Boeing,2025-04-11,156.83999633789062,157.58999633789062,152.0,154.6199951171875,8810700,0.008487603068201732,1.4357788713035282,148.41857256208147,,Friday
260,BA,Boeing,2025-04-14,159.27999877929688,162.5500030517578,157.60000610351562,159.82000732421875,7288700,0.01555727173156507,-0.3378854462360191,149.6142861502511,,Monday
261,BA,Boeing,2025-04-15,155.52000427246094,159.1199951171875,155.27999877929688,155.27999877929688,11541100,-0.02360619371956363,0.15456304421098557,152.31857299804688,,Tuesday
262,BA,Boeing,2025-04-16,156.47000122070312,157.66000366210938,153.5399932861328,154.3699951171875,6809600,0.0061085193039081,1.360371943991732,154.83428737095423,,Wednesday
263,BA,Boeing,2025-04-17,161.89999389648438,163.89999389648438,157.0,157.1300048828125,9220700,0.034703090901892164,3.0356958349421115,158.0500008719308,,Thursday
264,BA,Boeing,2025-04-21,159.33999633789062,160.0,156.47000122070312,160.0,5703800,-0.015812215287855813,-0.4125022888183593,157.83857073102678,,Monday
265,BA,Boeing,2025-04-22,162.52000427246094,163.08999633789062,158.5,162.5,9147300,0.01995737421649557,0.012310321514423078,158.83857073102678,,Tuesday
266,BA,Boeing,2025-04-23,172.3699951171875,176.5800018310547,169.91000366210938,174.0,16264700,0.06060786725191858,-0.9367844154094828,161.05714198521204,,Wednesday
267,BA,Boeing,2025-04-24,176.25999450683594,177.39999389648438,169.0,171.1999969482422,10984200,0.022567729302328976,2.9556061032661742,163.48285566057478,,Thursday
268,BA,Boeing,2025-04-25,177.9499969482422,180.3300018310547,175.86000061035156,176.5,7644200,0.00958812262609432,0.8215280160012394,166.68714032854353,,Friday
269,BA,Boeing,2025-04-28,182.3000030517578,184.52999877929688,180.75,182.75,9302600,0.024445103557831693,-0.2462363601872435,170.37714059012276,,Monday
270,BA,Boeing,2025-04-29,182.0,184.25,181.1999969482422,182.5200042724609,6795000,-0.0016456557692576812,-0.284902619049176,173.24857003348214,,Tuesday
271,BA,Boeing,2025-04-30,183.2400054931641,183.7899932861328,177.6300048828125,178.47000122070312,6266800,0.006813216995407156,2.6727204795399695,176.66285705566406,,Wednesday
272,BA,Boeing,2025-05-01,182.88999938964844,184.75,182.02999877929688,182.8500061035156,7322900,-0.001910096556555274,0.021872182005944152,179.57285635811942,,Thursday
273,BAC,Bank of America,2025-04-02,41.84999847412109,41.970001220703125,40.81999969482422,40.880001068115234,28216100,,2.372792027058951,,,Wednesday
274,BAC,Bank of America,2025-04-03,37.220001220703125,38.84000015258789,37.02000045776367,38.630001068115234,115497900,-0.1106331522635784,-3.6500124473874465,,,Thursday
275,BAC,Bank of America,2025-04-04,34.38999938964844,35.790000915527344,33.66999816894531,35.290000915527344,107761200,-0.07603443681459465,-2.5503017923779994,,,Friday
276,BAC,Bank of America,2025-04-07,35.58000183105469,36.630001068115234,33.540000915527344,34.970001220703125,137329100,0.03460315389724733,1.7443539864403173,,,Monday
277,BAC,Bank of America,2025-04-08,35.029998779296875,37.33000183105469,34.33000183105469,36.86000061035156,79116300,-0.015458207516947375,-4.964736301552746,,,Tuesday
278,BAC,Bank of America,2025-04-09,37.150001525878906,37.84999847412109,33.06999969482422,34.04999923706055,161173500,0.06051963518294423,9.10426536939322,,,Wednesday
279,BAC,Bank of America,2025-04-10,35.849998474121094,36.400001525878906,34.630001068115234,36.31999969482422,90451800,-0.03499335123451397,-1.2940562352760772,36.72428567068918,,Thursday
280,BAC,Bank of America,2025-04-11,35.95000076293945,36.22999954223633,34.810001373291016,35.20000076293945,63671900,0.0027894642419732385,2.1306817720005347,35.88142885480608,,Friday
281,BAC,Bank of America,2025-04-14,36.66999816894531,36.9900016784668,36.27000045776367,36.4900016784668,46830600,0.020027743831040334,0.49327619128264877,35.802856990269255,,Monday
282,BAC,Bank of America,2025-04-15,37.9900016784668,38.75,37.79999923706055,37.79999923706055,84677800,0.03599682507318347,0.5026519715375137,36.31714303152902,,Tuesday
283,BAC,Bank of America,2025-04-16,37.33000183105469,38.15999984741211,36.970001220703125,37.86000061035156,52872700,-0.01737298810876875,-1.3998911007728942,36.56714303152902,,Wednesday
284,BAC,Bank of America,2025-04-17,37.40999984741211,37.869998931884766,37.2400016784668,37.5099983215332,47063400,0.002142995243329171,-0.2665915185170458,36.90714318411691,,Thursday
285,BAC,Bank of America,2025-04-21,36.91999816894531,37.27999877929688,36.4900016784668,37.06999969482422,34928300,-0.013098147031954444,-0.40464399005606067,36.874285561697825,,Monday
286,BAC,Bank of America,2025-04-22,38.31999969482422,38.4900016784668,37.400001525878906,37.56999969482422,42288900,0.03791986986219564,1.996273638786648,37.22714287894113,,Tuesday
287,BAC,Bank of America,2025-04-23,38.75,40.130001068115234,38.66999816894531,39.40999984741211,54428400,0.011221302416499324,-1.6747014716252246,37.62714276994978,,Wednesday
288,BAC,Bank of America,2025-04-24,39.58000183105469,39.70000076293945,38.59999847412109,38.65999984741211,42457100,0.021419402091733764,2.3797257818772675,38.04285757882254,,Thursday
289,BAC,Bank of America,2025-04-25,39.68999862670898,39.790000915527344,39.31999969482422,39.540000915527344,32694200,0.0027791003174735263,0.3793568733144097,38.285714285714285,,Friday
290,BAC,Bank of America,2025-04-28,39.77999877929688,40.08000183105469,39.459999084472656,39.79999923706055,37428000,0.0022675776190967945,-0.0502524074046739,38.63571384974888,,Monday
291,BAC,Bank of America,2025-04-29,39.9900016784668,40.13999938964844,39.47999954223633,39.630001068115234,33792500,0.005279107732884425,0.9084042408497562,39.004285539899556,,Tuesday
292,BAC,Bank of America,2025-04-30,39.880001068115234,40.0,38.81999969482422,39.36000061035156,40994600,-0.0027507028190697502,1.3211393539127976,39.42714309692383,,Wednesday
293,BAC,Bank of America,2025-05-01,40.16999816894531,40.43999862670898,39.58000183105469,39.81999969482422,33569100,0.007271742554238125,0.8789514736399818,39.69142859322684,,Thursday
294,BK,BNY Mellon,2025-04-02,83.70148468017578,84.02945479186064,82.0517011480078,82.49893518642062,3191100,,1.4576545637077478,,,Wednesday
295,BK,BNY Mellon,2025-04-03,79.41802215576172,81.4454558257782,79.288817673339,80.73982798899765,5262500,-0.051175466490005705,-1.6371174749295343,,,Thursday
296,BK,BNY Mellon,2025-04-04,72.85865020751953,78.24528667914602,72.48099248158017,76.56568906860377,6696700,-0.08259299048492241,-4.841645005980018,,,Friday
297,BK,BNY Mellon,2025-04-07,73.63385009765625,75.84018354591785,70.02620146997793,70.90078088754215,7460700,0.010639778364391228,3.8547801249877605,,,Monday
298,BK,BNY Mellon,2025-04-08,73.0474853515625,77.18187727769013,71.68591724867065,76.48618239155483,4832700,-0.007963249854735177,-4.49584085971065,,,Tuesday
299,BK,BNY Mellon,2025-04-09,78.86146545410156,79.66648369453686,71.66604198339236,71.66604198339236,6400900,0.07959178984132809,10.040213288710214,,,Wednesday
300,BK,BNY Mellon,2025-04-10,76.13833618164062,78.0365729508072,74.17052310201748,77.15205301619501,5387200,-0.03453054361570085,-1.3139207511971163,76.80847058977399,,Thursday
301,BK,BNY Mellon,2025-04-11,77.19181060791016,78.1856539506125,72.05364234592051,73.15680906291396,6804400,0.013836320559412973,5.515551589362159,75.8785171508789,,Friday
302,BK,BNY Mellon,2025-04-14,77.04273223876953,78.56331891540681,76.45636830881149,77.53965390785515,4435300,-0.0019312718274980822,-0.6408613451849341,75.53919001988002,,Monday
303,BK,BNY Mellon,2025-04-15,77.29119110107422,78.57324988449162,76.96322857048774,77.74836569749945,3813700,0.0032249487405855426,-0.5880182719261153,76.1724101475307,,Tuesday
304,BK,BNY Mellon,2025-04-16,75.26375579833984,77.35082519391601,74.74695304062533,77.20174718371288,5147300,-0.026231130273087433,-2.5102947226845833,76.40525381905692,,Wednesday
305,BK,BNY Mellon,2025-04-17,75.8699951171875,77.02285700351268,74.79665009836049,75.48239683047332,4318000,0.008054864023421926,0.5134949378789482,76.8084694998605,,Thursday
306,BK,BNY Mellon,2025-04-21,74.04000091552734,75.7300033569336,73.55000305175781,75.38999938964844,2627400,-0.02412013074250996,-1.7906864107316307,76.11968885149274,,Monday
307,BK,BNY Mellon,2025-04-22,76.30999755859375,76.70999908447266,75.3499984741211,75.4000015258789,3789100,0.030659057468897855,1.2068912656487327,76.1442119053432,,Tuesday
308,BK,BNY Mellon,2025-04-23,77.7300033569336,79.68000030517578,77.4800033569336,77.91000366210938,3764100,0.018608384795838928,-0.23103619139389453,76.22109658377511,,Wednesday
309,BK,BNY Mellon,2025-04-24,78.72000122070312,79.22000122070312,77.48999786376953,77.69000244140625,4897900,0.012736367181453545,1.3257803410080975,76.46070643833706,,Thursday
310,BK,BNY Mellon,2025-04-25,78.6500015258789,79.16000366210938,78.16999816894531,78.70999908447266,2508000,-0.0008892237517624801,-0.07622609489470301,76.65482221330915,,Friday
311,BK,BNY Mellon,2025-04-28,78.91000366210938,79.5,78.52999877929688,78.94999694824219,2995300,0.0033058122210578578,-0.050656475843857456,77.17571476527623,,Monday
312,BK,BNY Mellon,2025-04-29,80.04000091552734,80.36000061035156,78.55999755859375,78.75,3142200,0.014320076048362385,1.638096400669643,77.77142987932477,,Tuesday
313,BK,BNY Mellon,2025-04-30,80.41000366210938,80.5999984741211,77.7699966430664,78.87999725341797,4856700,0.0046227229179136575,1.939663364561171,78.68143027169364,,Wednesday
314,BK,BNY Mellon,2025-05-01,80.91000366210938,81.52999877929688,79.72000122070312,80.01000213623047,3275800,0.0062181317899330235,1.1248612696528897,79.3385740007673,,Thursday
315,BKNG,Booking Holdings,2025-04-02,4689.2998046875,4729.60009765625,4624.43017578125,4624.43017578125,193400,,1.402759398249341,,,Wednesday
316,BKNG,Booking Holdings,2025-04-03,4450.52978515625,4523.759765625,4383.4599609375,4489.240234375,394300,-0.05091805375561009,-0.862294000716122,,,Thursday
317,BKNG,Booking Holdings,2025-04-04,4284.02001953125,4513.25,4284.02001953125,4322.22021484375,508500,-0.03741347067945844,-0.8838095565170307,,,Friday
318,BKNG,Booking Holdings,2025-04-07,4244.68017578125,4463.919921875,4107.41015625,4170.080078125,558400,-0.00918292715035085,1.7889368131700858,,,Monday
319,BKNG,Booking Holdings,2025-04-08,4164.14990234375,4430.509765625,4129.580078125,4375.009765625,350900,-0.018972047386980884,-4.819643259724867,,,Tuesday
320,BKNG,Booking Holdings,2025-04-09,4616.31982421875,4653.81005859375,4096.22998046875,4126.18017578125,602600,0.1085863699624503,11.878774739755446,,,Wednesday
321,BKNG,Booking Holdings,2025-04-10,4494.64013671875,4558.85009765625,4373.83984375,4525.60009765625,423300,-0.026358591287723998,-0.6841073066427978,4420.519949776785,,Thursday
322,BKNG,Booking Holdings,2025-04-11,4586.52978515625,4643.68017578125,4434.93994140625,4508.22021484375,305000,0.02044427265418025,1.7370395983465534,4405.838518415178,,Friday
323,BKNG,Booking Holdings,2025-04-14,4556.83984375,4701.7001953125,4547.419921875,4701.7001953125,288100,-0.006473290875017912,-3.0810205998868843,4421.025669642857,,Monday
324,BKNG,Booking Holdings,2025-04-15,4612.43994140625,4617.509765625,4524.08984375,4599.990234375,215700,0.0122014596875748,0.2706463795991415,4467.942801339285,,Tuesday
325,BKNG,Booking Holdings,2025-04-16,4540.83984375,4627.759765625,4491.77001953125,4573.85009765625,248800,-0.015523258528201134,-0.7217170043059619,4510.251325334822,,Wednesday
326,BKNG,Booking Holdings,2025-04-17,4573.31005859375,4604.58984375,4516.6298828125,4586.580078125,216800,0.007150706909084592,-0.2893227482179882,4568.702776227678,,Thursday
327,BKNG,Booking Holdings,2025-04-21,4437.6298828125,4578.81005859375,4371.1201171875,4566.64013671875,235500,-0.02966782790646183,-2.825058468455262,4543.175641741072,,Monday
328,BKNG,Booking Holdings,2025-04-22,4598.080078125,4608.509765625,4456.919921875,4465.0,236300,0.03615673220832227,2.980516867301232,4557.952776227678,,Tuesday
329,BKNG,Booking Holdings,2025-04-23,4731.02978515625,4800.0,4665.0,4719.830078125,237900,0.028914178259693113,0.23729047117940308,4578.595633370535,,Wednesday
330,BKNG,Booking Holdings,2025-04-24,4827.97021484375,4843.759765625,4691.6298828125,4706.1201171875,238000,0.020490344404859417,2.5891837569388434,4617.328543526785,,Thursday
331,BKNG,Booking Holdings,2025-04-25,4838.43994140625,4878.41015625,4793.5498046875,4828.6201171875,189600,0.0021685565769047344,0.20336708998490646,4649.6142578125,,Friday
332,BKNG,Booking Holdings,2025-04-28,4889.9501953125,4916.2001953125,4824.240234375,4880.0,232900,0.010646045942502402,0.20389744492827871,4699.487165178572,,Monday
333,BKNG,Booking Holdings,2025-04-29,4909.22998046875,4930.1201171875,4841.81005859375,4849.990234375,372300,0.0039427365077728815,1.2214405231969296,4747.475725446428,,Tuesday
334,BKNG,Booking Holdings,2025-04-30,5099.27978515625,5116.14013671875,4722.77001953125,4732.22998046875,458000,0.03871275239571337,7.756381372046968,4841.997140066965,,Wednesday
335,BKNG,Booking Holdings,2025-05-01,5101.43017578125,5159.919921875,4970.0,5002.27001953125,311600,0.0004217047731445156,1.9823031516257903,4913.904296875,,Thursday
336,BLK,BlackRock,2025-04-02,961.8400268554688,965.9600219726562,934.030029296875,934.030029296875,490300,,2.9774200706939515,,,Wednesday
337,BLK,BlackRock,2025-04-03,887.6500244140625,928.2100219726562,887.1599731445312,918.5599975585938,903000,-0.07713341134695206,-3.365046728214348,,,Thursday
338,BLK,BlackRock,2025-04-04,822.6199951171875,860.52001953125,811.1599731445312,852.8800048828125,1615100,-0.07326088830989586,-3.5479797383434715,,,Friday
339,BLK,BlackRock,2025-04-07,817.5,846.219970703125,773.739990234375,789.6300048828125,1654100,-0.006224010050300488,3.529500518578145,,,Monday
340,BLK,BlackRock,2025-04-08,815.719970703125,856.7999877929688,805.0,849.2999877929688,1812200,-0.002177405867736959,-3.9538464114554364,,,Tuesday
341,BLK,BlackRock,2025-04-09,897.0800170898438,904.9099731445312,799.1500244140625,800.5399780273438,1821500,0.09974016734761193,12.059365142561628,,,Wednesday
342,BLK,BlackRock,2025-04-10,858.780029296875,880.4099731445312,833.0999755859375,879.489990234375,1235600,-0.04269405968624196,-2.35476937400743,865.884294782366,,Thursday
343,BLK,BlackRock,2025-04-11,878.780029296875,888.5499877929688,840.5,848.1699829101562,963000,0.023288850832238195,3.6089518614762355,854.0185808454241,,Friday
344,BLK,BlackRock,2025-04-14,889.9500122070312,900.0,879.5900268554688,897.27001953125,970300,0.012710783743109744,-0.815808749304123,854.347150530134,,Monday
345,BLK,BlackRock,2025-04-15,888.4400024414062,900.75,886.22998046875,888.9000244140625,516200,-0.0016967354850417893,-0.05175182360462678,863.7500087193081,,Tuesday
346,BLK,BlackRock,2025-04-16,865.780029296875,886.9000244140625,855.219970703125,881.239990234375,591500,-0.02550534991925435,-1.7543417353754296,870.6471557617188,,Wednesday
347,BLK,BlackRock,2025-04-17,875.780029296875,890.1300048828125,866.1699829101562,871.0499877929688,1034300,0.011550277970862055,0.5430275610118586,879.2271641322544,,Thursday
348,BLK,BlackRock,2025-04-21,854.0,870.0,845.8200073242188,867.0,644400,-0.024869292023433354,-1.4994232987312572,873.0728759765625,,Monday
349,BLK,BlackRock,2025-04-22,887.219970703125,888.469970703125,864.510009765625,869.9199829101562,600700,0.038899263118413296,1.9886872508773559,877.135724748884,,Tuesday
350,BLK,BlackRock,2025-04-23,892.5399780273438,929.0,888.760009765625,909.1699829101562,553100,0.005996266427594765,-1.8291414361901421,879.1014317103794,,Wednesday
351,BLK,BlackRock,2025-04-24,916.260009765625,916.7100219726562,892.9099731445312,895.5,619700,0.026575875952028927,2.318259046970966,882.8600027901786,,Thursday
352,BLK,BlackRock,2025-04-25,907.6900024414062,918.27001953125,899.3599853515625,913.25,444400,-0.0093532482405414,-0.6088144055399671,885.6100027901786,,Friday
353,BLK,BlackRock,2025-04-28,913.739990234375,923.52001953125,906.22998046875,906.22998046875,685200,0.006665257716506945,0.8287090393699429,892.46142578125,,Monday
354,BLK,BlackRock,2025-04-29,920.52001953125,921.7000122070312,905.0499877929688,910.8900146484376,392300,0.007420085986535208,1.0572083048389913,898.8528529575893,,Tuesday
355,BLK,BlackRock,2025-04-30,914.260009765625,915.8800048828124,893.9400024414062,905.9600219726562,1028900,-0.00680051452744368,0.9161538690080588,907.46142578125,,Wednesday
356,BLK,BlackRock,2025-05-01,916.1400146484376,923.8800048828124,905.9099731445312,912.9600219726562,451700,0.002056313152419831,0.34831674982988536,911.5928606305804,,Thursday
357,BMY,Bristol Myers Squibb,2025-04-02,58.96091079711914,59.59405128046466,58.52563025274953,59.168661846147614,8310000,,-0.35111669344267943,,,Wednesday
358,BMY,Bristol Myers Squibb,2025-04-03,57.20000076293945,60.1480460239071,57.04171658026309,59.950189852113496,13246900,-0.029865719683993208,-4.587456847022958,,,Thursday
359,BMY,Bristol Myers Squibb,2025-04-04,55.29999923706055,57.16999816894531,54.720001220703125,56.81999969482422,14657900,-0.033216809449938656,-2.675115216345434,,,Friday
360,BMY,Bristol Myers Squibb,2025-04-07,55.18999862670898,55.29999923706055,52.68999862670898,53.900001525878906,16820500,-0.0019891611549580634,2.393315518202179,,,Monday
361,BMY,Bristol Myers Squibb,2025-04-08,53.06999969482422,55.77000045776367,52.15999984741211,55.16999816894531,16335100,-0.03841273753644914,-3.8064138912789804,,,Tuesday
362,BMY,Bristol Myers Squibb,2025-04-09,53.7400016784668,54.04999923706055,49.91999816894531,51.20000076293945,24323900,0.012624872573872015,4.960939214215589,,,Wednesday
363,BMY,Bristol Myers Squibb,2025-04-10,50.459999084472656,53.41999816894531,48.81999969482422,53.33000183105469,23973300,-0.061034657453470365,-5.381591314536192,54.84584426879883,,Thursday
364,BMY,Bristol Myers Squibb,2025-04-11,50.709999084472656,51.0099983215332,49.290000915527344,50.470001220703125,13411300,0.00495441943194419,0.47552577365716914,53.66714259556362,,Friday
365,BMY,Bristol Myers Squibb,2025-04-14,51.34000015258789,51.59999847412109,50.54999923706055,51.52999877929688,14310300,0.012423606379202923,-0.3687145957886708,52.82999965122768,,Monday
366,BMY,Bristol Myers Squibb,2025-04-15,50.0,51.5,49.66999816894531,51.220001220703125,15684400,-0.026100509322268595,-2.3818844038020064,52.07285690307617,,Tuesday
367,BMY,Bristol Myers Squibb,2025-04-16,49.36000061035156,50.400001525878906,48.84000015258789,50.09999847412109,14991000,-0.012799987792968759,-1.477041689236311,51.24000004359654,,Wednesday
368,BMY,Bristol Myers Squibb,2025-04-17,49.22999954223633,50.09000015258789,49.060001373291016,49.18000030517578,14244100,-0.0026337331140140474,0.10166579249753457,50.69142859322684,,Thursday
369,BMY,Bristol Myers Squibb,2025-04-21,48.93999862670898,49.66999816894531,48.15999984741211,49.34999847412109,10338700,-0.005890735694168536,-0.8308001217611211,50.00571387154715,,Monday
370,BMY,Bristol Myers Squibb,2025-04-22,49.81999969482422,50.060001373291016,48.880001068115234,49.310001373291016,13376000,0.017981223800749735,1.0342695342317432,49.914285387311665,,Tuesday
371,BMY,Bristol Myers Squibb,2025-04-23,48.52999877929688,49.33000183105469,47.540000915527344,47.630001068115234,24036600,-0.025893234111387442,1.889560552170824,49.60285677228655,,Wednesday
372,BMY,Bristol Myers Squibb,2025-04-24,48.68999862670898,48.84000015258789,46.93000030517578,47.93999862670898,20579300,0.0032969266729170332,1.5644556142772812,49.22428512573242,,Thursday
373,BMY,Bristol Myers Squibb,2025-04-25,47.900001525878906,48.95000076293945,46.959999084472656,48.869998931884766,16298800,-0.01622503847015344,-1.9848525213962995,48.92428534371512,,Friday
374,BMY,Bristol Myers Squibb,2025-04-28,48.459999084472656,48.86000061035156,47.91999816894531,48.310001373291016,18574700,0.011690971623272262,0.31048997499008424,48.79571369716099,,Monday
375,BMY,Bristol Myers Squibb,2025-04-29,49.220001220703125,49.47999954223633,48.150001525878906,48.33000183105469,19932800,0.015683081935385035,1.8415049781284383,48.794285365513396,,Tuesday
376,BMY,Bristol Myers Squibb,2025-04-30,50.20000076293945,50.34999847412109,49.150001525878906,50.18999862670898,15951600,0.019910595650780127,0.01992854453905712,48.97428567068918,,Wednesday
377,BMY,Bristol Myers Squibb,2025-05-01,49.61000061035156,50.18000030517578,48.68999862670898,49.56999969482422,17163100,-0.011752990908786232,0.08069581556104062,48.94428580147879,,Thursday
378,BRK-B,Berkshire Hathaway,2025-04-02,537.719970703125,539.0,530.8200073242188,532.1300048828125,4079000,,1.0504887469263346,,,Wednesday
379,BRK-B,Berkshire Hathaway,2025-04-03,530.1599731445312,538.7999877929688,525.1400146484375,527.6199951171875,6410900,-0.014059357975319875,0.48140291324243806,,,Thursday
380,BRK-B,Berkshire Hathaway,2025-04-04,493.5400085449219,521.0,492.9800109863281,519.0,12605000,-0.06907342397504257,-4.905586022173049,,,Friday
381,BRK-B,Berkshire Hathaway,2025-04-07,490.3800048828125,505.8500061035156,462.1000061035156,467.4200134277344,12749700,-0.006402730492763631,4.91206854552621,,,Monday
382,BRK-B,Berkshire Hathaway,2025-04-08,492.6400146484375,516.0,484.1900024414063,509.0299987792969,9470100,0.004608690695219186,-3.219846407906045,,,Tuesday
383,BRK-B,Berkshire Hathaway,2025-04-09,521.4099731445312,523.9299926757812,485.55999755859375,490.0,10153700,0.058399556756721926,6.410198600924745,,,Wednesday
384,BRK-B,Berkshire Hathaway,2025-04-10,515.8099975585938,521.4099731445312,498.6099853515625,518.2999877929688,7475900,-0.010740062281826002,-0.4804148742078707,511.6657060895647,,Thursday
385,BRK-B,Berkshire Hathaway,2025-04-11,524.1099853515625,526.5800170898438,510.7699890136719,515.0,6231000,0.01609117278116723,1.7689291944781553,509.72142246791293,,Friday
386,BRK-B,Berkshire Hathaway,2025-04-14,529.52001953125,536.52001953125,526.97998046875,531.0,5512100,0.010322326097371715,-0.2787157191619586,509.63000052315846,,Monday
387,BRK-B,Berkshire Hathaway,2025-04-15,528.1699829101562,535.9199829101562,527.3599853515625,532.6199951171875,4329200,-0.0025495478382269177,-0.835494770723385,514.5771397181919,,Tuesday
388,BRK-B,Berkshire Hathaway,2025-04-16,516.4500122070312,530.1300048828125,512.8900146484375,529.2999877929688,5889300,-0.022189770495001038,-2.4277301874723753,518.3014264787946,,Wednesday
389,BRK-B,Berkshire Hathaway,2025-04-17,518.2100219726562,523.8800048828125,514.5700073242188,518.9000244140625,5311400,0.003407899552763327,-0.13297406223586036,521.9542846679688,,Thursday
390,BRK-B,Berkshire Hathaway,2025-04-21,506.9200134277344,518.6699829101562,498.0799865722656,517.530029296875,4908400,-0.021786549982079628,-2.0501256484682777,519.8842904227121,,Monday
391,BRK-B,Berkshire Hathaway,2025-04-22,520.7899780273438,522.219970703125,511.6499938964844,514.22998046875,4768500,0.02736124878128665,1.275693329395913,520.5957162039621,,Tuesday
392,BRK-B,Berkshire Hathaway,2025-04-23,526.8099975585938,532.27001953125,523.8900146484375,527.5,4294500,0.011559399729719644,-0.13080615002962084,520.9814322335379,,Wednesday
393,BRK-B,Berkshire Hathaway,2025-04-24,531.6400146484375,533.1300048828125,523.1599731445312,526.8099975585938,3173400,0.009168423363693945,0.9168423363693924,521.2842886788504,,Thursday
394,BRK-B,Berkshire Hathaway,2025-04-25,530.9600219726562,532.4400024414062,526.7899780273438,531.75,2742800,-0.001279047206841466,-0.14856192333685944,521.682865687779,,Friday
395,BRK-B,Berkshire Hathaway,2025-04-28,530.9400024414062,536.8200073242188,526.5800170898438,533.6300048828125,4238700,-3.770440413874976e-05,-0.5040950502768273,523.7528642926898,,Monday
396,BRK-B,Berkshire Hathaway,2025-04-29,534.5700073242188,535.3400268554688,528.2899780273438,531.0,3177700,0.006836939891740501,0.672317763506356,526.0900050571987,,Tuesday
397,BRK-B,Berkshire Hathaway,2025-04-30,533.25,535.719970703125,524.0,531.510009765625,5251600,-0.0024692880373630155,0.32736735007912027,529.8514317103794,,Wednesday
398,BRK-B,Berkshire Hathaway,2025-05-01,530.22998046875,533.27001953125,528.2999877929688,531.0,4693100,-0.005663421530707868,-0.14501309439736348,531.2000034877232,,Thursday
399,C,Citigroup,2025-04-02,71.76000213623047,71.95999908447266,69.5999984741211,69.66999816894531,9731700,,2.9998622394348704,,,Wednesday
400,C,Citigroup,2025-04-03,63.04999923706055,66.80000305175781,62.900001525878906,66.16999816894531,39469500,-0.12137684838184226,-4.715126217653476,,,Thursday
401,C,Citigroup,2025-04-04,58.130001068115234,60.41999816894531,56.310001373291016,60.25,51730500,-0.07803327880222011,-3.518670426364756,,,Friday
402,C,Citigroup,2025-04-07,58.84999847412109,61.33000183105469,55.5099983215332,56.15999984741211,37487700,0.01238598645752953,4.789883607581481,,,Monday
403,C,Citigroup,2025-04-08,58.77000045776367,62.65999984741211,57.56999969482422,61.2400016784668,30272300,-0.0013593546037659054,-4.0333134438362155,,,Tuesday
404,C,Citigroup,2025-04-09,64.1500015258789,65.75,56.06999969482422,56.7599983215332,49437900,0.0915433218684707,13.019738236218616,,,Wednesday
405,C,Citigroup,2025-04-10,61.59000015258789,62.5,59.08000183105469,62.09000015258789,25912800,-0.039906489671060696,-0.8052826522326239,62.32857186453683,,Thursday
406,C,Citigroup,2025-04-11,61.63999938964844,62.310001373291016,59.91999816894531,60.880001068115234,24776000,0.0008118077112628796,1.2483546455311054,60.882857186453684,,Friday
407,C,Citigroup,2025-04-14,63.220001220703125,64.43000030517578,62.70000076293945,63.34999847412109,20385900,0.025632735994478795,-0.20520482486051903,60.90714318411691,,Monday
408,C,Citigroup,2025-04-15,64.33000183105469,66.29000091552734,63.84000015258789,64.19000244140625,24738400,0.01755774420940792,0.2181015490320808,61.79285757882254,,Tuesday
409,C,Citigroup,2025-04-16,62.09999847412109,63.81999969482422,61.29999923706055,63.060001373291016,21922600,-0.03466505974599687,-1.5223642217942244,62.25714329310826,,Wednesday
410,C,Citigroup,2025-04-17,63.25,63.77999877929688,61.84000015258789,62.18000030517578,14654000,0.01851854354486271,1.7208100507763322,62.89714322771345,,Thursday
411,C,Citigroup,2025-04-21,62.68999862670898,63.13999938964844,61.95000076293945,62.75,15136000,-0.008853776652822498,-0.09561971839206809,62.688571384974885,,Monday
412,C,Citigroup,2025-04-22,64.55000305175781,64.97000122070312,63.5099983215332,63.52000045776367,13252300,0.029669875032608095,1.6215405959875897,63.111428941999165,,Tuesday
413,C,Citigroup,2025-04-23,66.30000305175781,68.81999969482422,66.16000366210938,66.47000122070312,17243900,0.02711076556567793,-0.25575171629809434,63.77714375087193,,Wednesday
414,C,Citigroup,2025-04-24,68.16000366210938,68.33999633789062,65.77999877929688,66.26000213623047,13672300,0.028054306557113273,2.8674939097836214,64.48285838535854,,Thursday
415,C,Citigroup,2025-04-25,68.43000030517578,68.70999908447266,67.76000213623047,67.86000061035156,12253400,0.003961218142018774,0.8399641757994168,65.06857245309013,,Friday
416,C,Citigroup,2025-04-28,68.27999877929688,69.4000015258789,67.7699966430664,68.66000366210938,14304800,-0.0021920433320173904,-0.5534588734987339,65.9514296395438,,Monday
417,C,Citigroup,2025-04-29,68.87999725341797,69.11000061035156,67.97000122070312,68.02999877929688,8862800,0.00878732403116289,1.2494465520698617,66.75571496146065,,Tuesday
418,C,Citigroup,2025-04-30,68.37999725341797,68.66000366210938,66.72000122070312,67.51000213623047,15756500,-0.007259001450891978,1.2886906971679701,67.56857190813336,,Wednesday
419,C,Citigroup,2025-05-01,68.13999938964844,68.9000015258789,67.88999938964844,68.20999908447266,9682300,-0.0035097670870049003,-0.10262380261511175,68.08142852783203,,Thursday
420,CAT,Caterpillar Inc.,2025-04-02,333.0563659667969,334.7382701843624,324.53738655977946,324.56724158968063,1747600,,2.6155210043804207,,,Wednesday
421,CAT,Caterpillar Inc.,2025-04-03,304.2948608398437,323.1441060751242,303.5384929091747,318.13821017741026,4638700,-0.08635626898607451,-4.351363305227247,,,Thursday
422,CAT,Caterpillar Inc.,2025-04-04,286.6995544433594,292.8798190074769,280.1510980894203,283.63432666246814,7216800,-0.057823212485159536,1.0806970429002167,,,Friday
423,CAT,Caterpillar Inc.,2025-04-07,278.7179870605469,292.93951977296274,266.01912157546866,274.6774444737205,7824700,-0.02783948303759698,1.4710136081861365,,,Monday
424,CAT,Caterpillar Inc.,2025-04-08,272.6273193359375,290.381828846108,266.9844758387282,288.5009012612662,4989000,-0.0218524386920399,-5.5020909314087785,,,Tuesday
425,CAT,Caterpillar Inc.,2025-04-09,299.567626953125,300.4135296174439,267.84038500049274,269.4625792094041,6457300,0.09881734406811615,11.172255469404426,,,Wednesday
426,CAT,Caterpillar Inc.,2025-04-10,287.7743835449219,296.8407149373941,278.45921975117625,295.2583376715886,4116800,-0.0393675495852176,-2.5347139002696073,294.6768711635045,,Thursday
427,CAT,Caterpillar Inc.,2025-04-11,292.0438537597656,293.9944532965392,282.7784679959119,287.5654169315137,3197900,0.014836171872738113,1.5573627997550539,288.8179408482143,,Friday
428,CAT,Caterpillar Inc.,2025-04-14,296.6914367675781,301.0305599184298,294.29298157893743,297.23881945065006,2758400,0.015913990135315803,-0.18415585288744937,287.7317374093192,,Monday
429,CAT,Caterpillar Inc.,2025-04-15,292.02392578125,300.2841718079072,290.9889311527127,295.407627482053,3611300,-0.015731869571903312,-1.1454347775798575,288.4923618861607,,Tuesday
430,CAT,Caterpillar Inc.,2025-04-16,288.74969482421875,294.3129044993483,286.23178915631496,291.3073565777069,3017200,-0.011212201014939804,-0.8779942201033635,289.9254629952567,,Wednesday
431,CAT,Caterpillar Inc.,2025-04-17,292.8399963378906,296.27347658282764,290.5012511254946,290.7699767620024,2716400,0.01416556133907565,0.711909667889325,292.81298828125,,Thursday
432,CAT,Caterpillar Inc.,2025-04-21,284.739990234375,291.0,282.4599914550781,289.3299865722656,2978300,-0.02766017690482936,-1.5864226146307816,290.6947544642857,,Monday
433,CAT,Caterpillar Inc.,2025-04-22,291.1700134277344,293.2300109863281,287.0,287.5,2231200,0.022582086864815443,1.2765264096467392,291.17984444754467,,Tuesday
434,CAT,Caterpillar Inc.,2025-04-23,295.7699890136719,305.3599853515625,295.17999267578125,301.3399963378906,2458300,0.015798246295301244,-1.848412886410583,291.712149483817,,Wednesday
435,CAT,Caterpillar Inc.,2025-04-24,306.8599853515625,308.2099914550781,297.07000732421875,297.42999267578125,2874400,0.0374953401285687,3.17049151329556,293.16479928152904,,Thursday
436,CAT,Caterpillar Inc.,2025-04-25,306.45001220703125,307.989990234375,303.9100036621094,305.1000061035156,2162400,-0.0013360267356512523,0.44247986775116266,295.22566877092635,,Friday
437,CAT,Caterpillar Inc.,2025-04-28,307.0599975585937,311.42999267578125,303.8500061035156,306.45001220703125,2189600,0.001990488912594124,0.1990488912594168,297.84142630440846,,Monday
438,CAT,Caterpillar Inc.,2025-04-29,307.3999938964844,308.6700134277344,302.9100036621094,305.0,2651000,0.0011072635334916647,0.7868832447489754,299.92142595563615,,Tuesday
439,CAT,Caterpillar Inc.,2025-04-30,309.2699890136719,316.04998779296875,302.17999267578125,315.2099914550781,5124800,0.006083263351713608,-1.8844588060124308,303.4257114955357,,Wednesday
440,CAT,Caterpillar Inc.,2025-05-01,313.9599914550781,318.8900146484375,311.0199890136719,311.3800048828125,2961000,0.015164751214185701,0.8285652680995363,306.6814226422991,,Thursday
441,CHTR,Charter Communications,2025-04-02,379.2699890136719,379.9599914550781,370.1300048828125,370.7999877929688,923300,,2.284250674094461,,,Wednesday
442,CHTR,Charter Communications,2025-04-03,368.3999938964844,385.8800048828125,368.05999755859375,378.2799987792969,1445400,-0.028660309099214465,-2.6118232300663813,,,Thursday
443,CHTR,Charter Communications,2025-04-04,338.2900085449219,368.9200134277344,337.5400085449219,365.0,1834000,-0.08173177483825644,-7.317805878103596,,,Friday
444,CHTR,Charter Communications,2025-04-07,332.8900146484375,351.989990234375,324.0799865722656,332.8699951171875,1522800,-0.015962617163040704,0.006014219227825592,,,Monday
445,CHTR,Charter Communications,2025-04-08,321.67999267578125,346.9700012207031,318.8500061035156,337.1700134277344,2147400,-0.03367485199126519,-4.594127631481411,,,Tuesday
446,CHTR,Charter Communications,2025-04-09,346.9800109863281,350.7300109863281,312.3900146484375,317.19000244140625,3280500,0.07864964836668142,9.391849779510283,,,Wednesday
447,CHTR,Charter Communications,2025-04-10,335.4700012207031,341.7200012207031,325.1000061035156,340.2799987792969,1646300,-0.0331719678401835,-1.4135410767159076,346.14000156947543,,Thursday
448,CHTR,Charter Communications,2025-04-11,334.3800048828125,338.4700012207031,327.9599914550781,335.70001220703125,1288400,-0.0032491618741596895,-0.3932103891031978,339.7271466936384,,Friday
449,CHTR,Charter Communications,2025-04-14,340.3999938964844,343.3800048828125,335.4800109863281,335.8999938964844,1253700,0.01800343598829013,1.3396844542327626,335.7271466936384,,Monday
450,CHTR,Charter Communications,2025-04-15,343.17999267578125,350.04998779296875,339.67999267578125,341.17999267578125,1041800,0.008166859075039445,0.5862008449893406,336.4257158551897,,Tuesday
451,CHTR,Charter Communications,2025-04-16,332.5,343.989990234375,330.1400146484375,340.7900085449219,1000400,-0.031120674001153592,-2.432585562093764,336.36999947684154,,Wednesday
452,CHTR,Charter Communications,2025-04-17,338.9599914550781,342.2200012207031,334.07000732421875,335.2099914550781,934300,0.01942854572955821,1.1187017378933175,338.8385707310268,,Thursday
453,CHTR,Charter Communications,2025-04-21,322.42999267578125,338.0,319.6499938964844,335.2799987792969,1219400,-0.048766813771552675,-3.832619348097271,335.33142525809154,,Monday
454,CHTR,Charter Communications,2025-04-22,331.3399963378906,331.70001220703125,325.3599853515625,325.75,1161100,0.027633917019217247,1.716038783696278,334.7414245605469,,Tuesday
455,CHTR,Charter Communications,2025-04-23,337.510009765625,345.04998779296875,335.67999267578125,336.5199890136719,1572400,0.018621396438486038,0.29419374309824525,335.1885681152344,,Wednesday
456,CHTR,Charter Communications,2025-04-24,335.3299865722656,339.2200012207031,318.42999267578125,323.3599853515625,2171700,-0.006459136411608113,3.7017571013584547,334.4642813546317,,Thursday
457,CHTR,Charter Communications,2025-04-25,373.6499938964844,374.2099914550781,356.45001220703125,359.5,2702300,0.11427551623379961,3.936020555350313,338.817138671875,,Friday
458,CHTR,Charter Communications,2025-04-28,376.8699951171875,385.4800109863281,372.8800048828125,373.6499938964844,1929700,0.008617693759671807,0.8617693759671761,345.1557094029018,,Monday
459,CHTR,Charter Communications,2025-04-29,386.3299865722656,387.5400085449219,378.6300048828125,378.7900085449219,1543500,0.025101471535659226,1.9905430072740582,351.9228515625,,Tuesday
460,CHTR,Charter Communications,2025-04-30,391.8599853515625,392.9100036621094,377.6000061035156,387.260009765625,1445700,0.014314184690559673,1.1878261297161736,361.8414219447545,,Wednesday
461,CHTR,Charter Communications,2025-05-01,383.0,392.5700073242188,382.6700134277344,388.2999877929688,1442800,-0.022610079321096377,-1.364920927011365,369.22142246791293,,Thursday
462,CL,Colgate-Palmolive,2025-04-02,93.02967071533205,93.71582772295098,92.08495013647,93.46721824224402,4849100,,-0.468129398885024,,,Wednesday
463,CL,Colgate-Palmolive,2025-04-03,95.4660415649414,96.69914247747327,94.27271908016336,94.7301596188936,5483400,0.026189180622433694,0.776819071147266,,,Thursday
464,CL,Colgate-Palmolive,2025-04-04,91.15018463134766,97.1864225845452,90.81207178872026,96.41075462332684,7434400,-0.0452082946233594,-5.456414082155076,,,Friday
465,CL,Colgate-Palmolive,2025-04-07,88.69392395019531,90.70268528818814,87.5602652844141,89.25080677915183,7820200,-0.02694740214829583,-0.6239527115250686,,,Monday
466,CL,Colgate-Palmolive,2025-04-08,88.1072006225586,90.11596952501095,87.2320979601489,89.79774968532021,5677700,-0.006615146804939909,-1.8826185162610853,,,Tuesday
467,CL,Colgate-Palmolive,2025-04-09,89.72814178466797,91.21979874653884,86.99343735457137,87.24204684821652,7407600,0.018397374455843885,2.849652233374066,,,Wednesday
468,CL,Colgate-Palmolive,2025-04-10,91.2894058227539,92.1943404019038,89.02208094909179,89.63863520249456,6465500,0.017399937266423082,1.8415838399706155,91.06636701311383,,Thursday
469,CL,Colgate-Palmolive,2025-04-11,93.47716522216795,94.00421611003904,90.772292844379,90.93140655458272,5664200,0.023965096274827014,2.7996472990408536,91.13029479980469,,Friday
470,CL,Colgate-Palmolive,2025-04-14,94.45172119140624,94.77987995354964,92.97000316192673,93.5169470770983,3658600,0.01042560465887088,0.9995772354900389,90.98539188929966,,Monday
471,CL,Colgate-Palmolive,2025-04-15,93.73572540283205,95.04838322292248,93.68600046942817,94.45172195687402,3874800,-0.007580547813662686,-0.7580555856555986,91.35475485665458,,Tuesday
472,CL,Colgate-Palmolive,2025-04-16,92.97000122070312,94.47160463985364,92.69155981041496,94.3821088666722,4120300,-0.008168968435867896,-1.4961603029699944,91.9656230381557,,Wednesday
473,CL,Colgate-Palmolive,2025-04-17,95.5,96.02999877929688,93.27999877929688,93.38999938964844,7029800,0.02721306600062179,2.259343210345325,93.02173723493304,,Thursday
474,CL,Colgate-Palmolive,2025-04-21,94.6999969482422,96.2300033569336,94.16000366210938,95.8000030517578,7691400,-0.008376995306364377,-1.1482318042529676,93.73200225830078,,Monday
475,CL,Colgate-Palmolive,2025-04-22,95.80999755859376,95.9800033569336,93.79000091552734,94.4000015258789,5233600,0.01172123174363171,1.4936398410208929,94.37780107770648,,Tuesday
476,CL,Colgate-Palmolive,2025-04-23,93.88999938964844,95.0,92.70999908447266,95.0,8497400,-0.020039643230041038,-1.1684216951069077,94.43677738734654,,Wednesday
477,CL,Colgate-Palmolive,2025-04-24,92.6999969482422,93.45999908447266,91.87000274658205,93.08000183105467,11292300,-0.012674432305273098,-0.4082562047024896,94.18653106689453,,Thursday
478,CL,Colgate-Palmolive,2025-04-25,93.91000366210938,95.80999755859376,91.83999633789062,95.48999786376952,9599000,0.013052931539391244,-1.6546174856074827,94.211427961077,,Friday
479,CL,Colgate-Palmolive,2025-04-28,90.95999908447266,93.91000366210938,90.8000030517578,93.63999938964844,7172700,-0.03141310257266006,-2.8620251202949554,93.92428479875836,,Monday
480,CL,Colgate-Palmolive,2025-04-29,92.33000183105467,92.62000274658205,89.83000183105469,90.69000244140624,5941100,0.015061595870397015,1.8083574214346527,93.47142791748047,,Tuesday
481,CL,Colgate-Palmolive,2025-04-30,92.19000244140624,93.73999786376952,91.36000061035156,93.1500015258789,5916200,-0.001516293586830031,-1.0305948134697172,93.11285727364677,,Wednesday
482,CL,Colgate-Palmolive,2025-05-01,90.69000244140624,91.91999816894533,90.43000030517578,91.16000366210938,4115600,-0.01627074476924284,-0.5155783258250296,92.38142939976284,,Thursday
483,CMCSA,Comcast,2025-04-02,36.61000061035156,36.650001525878906,36.11000061035156,36.310001373291016,18827600,,0.826216540110684,,,Wednesday
484,CMCSA,Comcast,2025-04-03,35.720001220703125,36.65999984741211,35.599998474121094,36.61000061035156,26834100,-0.024310280655848615,-2.431028065584867,,,Thursday
485,CMCSA,Comcast,2025-04-04,33.380001068115234,35.349998474121094,33.34000015258789,34.93000030517578,37314600,-0.0655095205100844,-4.437444098249477,,,Friday
486,CMCSA,Comcast,2025-04-07,33.470001220703125,34.439998626708984,32.380001068115234,32.970001220703125,46139700,0.0026962297695627413,1.516530122801545,,,Monday
487,CMCSA,Comcast,2025-04-08,32.84000015258789,34.29999923706055,32.5,33.470001220703125,33971400,-0.018822857637828316,-1.8822857637828303,,,Tuesday
488,CMCSA,Comcast,2025-04-09,35.18000030517578,35.25,32.20000076293945,32.5,45095900,0.0712545719158133,8.24615478515625,,,Wednesday
489,CMCSA,Comcast,2025-04-10,33.68000030517578,34.900001525878906,33.09000015258789,34.779998779296875,31778800,-0.042637862051960074,-3.1627329290646164,34.411429268973215,,Thursday
490,CMCSA,Comcast,2025-04-11,33.720001220703125,34.0,33.220001220703125,33.959999084472656,26811900,0.0011876756284112666,-0.7067075095395516,33.99857221330915,,Friday
491,CMCSA,Comcast,2025-04-14,34.150001525878906,34.45000076293945,33.25,33.380001068115234,20432800,0.012752084507985595,2.306771818827713,33.774286542619976,,Monday
492,CMCSA,Comcast,2025-04-15,34.400001525878906,34.7599983215332,34.2599983215332,34.439998626708984,17989900,0.007320643889592526,-0.11613560518280476,33.920000893729075,,Tuesday
493,CMCSA,Comcast,2025-04-16,33.54999923706055,34.459999084472656,33.36000061035156,34.29999923706055,20687000,-0.024709367764966794,-2.1865889699193874,33.93142918178013,,Wednesday
494,CMCSA,Comcast,2025-04-17,34.0099983215332,34.29999923706055,33.720001220703125,33.779998779296875,21445000,0.013710852307994292,0.6808749276133501,34.09857177734375,,Thursday
495,CMCSA,Comcast,2025-04-21,33.599998474121094,34.0099983215332,33.25,33.75,22945400,-0.012055273967847335,-0.4444489655671296,33.87285723005022,,Monday
496,CMCSA,Comcast,2025-04-22,34.20000076293945,34.25,33.72999954223633,33.849998474121094,23108500,0.01785721178768762,1.033980220371183,33.947143009730745,,Tuesday
497,CMCSA,Comcast,2025-04-23,34.470001220703125,35.029998779296875,34.38999938964844,34.529998779296875,28164600,0.007894750050890575,-0.17375488188468366,34.054285866873606,,Wednesday
498,CMCSA,Comcast,2025-04-24,33.189998626708984,33.349998474121094,31.440000534057617,31.979999542236328,44282300,-0.037133813422244755,3.7836119505711605,33.91714259556362,,Thursday
499,CMCSA,Comcast,2025-04-25,33.900001525878906,33.939998626708984,33.130001068115234,33.52000045776367,29368800,0.0213920737736506,1.1336547223322642,33.84571402413504,,Friday
500,CMCSA,Comcast,2025-04-28,33.77000045776367,34.2400016784668,33.619998931884766,33.900001525878906,27895700,-0.0038348395948003544,-0.3834839594800399,33.87714276994978,,Monday
501,CMCSA,Comcast,2025-04-29,33.939998626708984,34.060001373291016,33.599998474121094,33.650001525878906,22741600,0.0050339996044102,0.8618041238632712,33.867142813546316,,Tuesday
502,CMCSA,Comcast,2025-04-30,34.20000076293945,34.27000045776367,33.15999984741211,33.77000045776367,28174800,0.007660640741035785,1.2733204007905923,33.95285742623465,,Wednesday
503,CMCSA,Comcast,2025-05-01,33.81999969482422,34.22999954223633,33.66999816894531,33.849998474121094,20277700,-0.011111142094681448,-0.08862269024859656,33.89857155936105,,Thursday
504,COF,Capital One,2025-04-02,182.17999267578125,184.30999755859372,173.30999755859375,175.0,3579000,,4.102852957589286,,,Wednesday
505,COF,Capital One,2025-04-03,164.0399932861328,176.4499969482422,158.52000427246094,166.0,13576300,-0.0995718526673316,-1.180726936064571,,,Thursday
506,COF,Capital One,2025-04-04,150.57000732421875,158.5,146.19000244140625,156.89999389648438,11073800,-0.08211403629125091,-4.034408424796924,,,Friday
507,COF,Capital One,2025-04-07,154.6699981689453,159.6999969482422,143.22000122070312,144.94000244140625,8586300,0.027229797737195804,6.71311961062822,,,Monday
508,COF,Capital One,2025-04-08,152.35000610351562,164.30999755859375,149.69000244140625,162.94000244140625,5796500,-0.014999625608681844,-6.499322559970393,,,Tuesday
509,COF,Capital One,2025-04-09,174.91000366210938,177.66000366210938,147.3000030517578,149.3699951171875,10828400,0.1480800568085645,17.098486563439053,,,Wednesday
510,COF,Capital One,2025-04-10,162.16000366210938,169.50999450683594,156.75,169.5,6294400,-0.07289462999858154,-4.3303813202894545,162.98285784040178,,Thursday
511,COF,Capital One,2025-04-11,160.97000122070312,161.7100067138672,155.8300018310547,161.4199981689453,5339500,-0.007338446068895221,-0.2787739767976034,159.9528590611049,,Friday
512,COF,Capital One,2025-04-14,162.52000427246094,166.16000366210938,159.75999450683594,166.16000366210938,3174500,0.009629142324678375,-2.1906591895908174,159.7357177734375,,Monday
513,COF,Capital One,2025-04-15,163.5399932861328,166.92999267578125,163.22999572753906,163.6699981689453,2734400,0.0062760828627710374,-0.0794311017699804,161.5885729108538,,Tuesday
514,COF,Capital One,2025-04-16,160.05999755859375,164.00999450683594,157.88999938964844,161.5,4003400,-0.02127917249849942,-0.8916423785797214,162.35857282366072,,Wednesday
515,COF,Capital One,2025-04-17,162.77000427246094,164.77999877929688,158.4199981689453,161.32000732421875,2339400,0.016931193022635904,0.8988326818805576,163.8471439906529,,Thursday
516,COF,Capital One,2025-04-21,165.16000366210938,171.3699951171875,161.50999450683594,169.0800018310547,12120200,0.014683291312371116,-2.318428037907279,162.45428684779577,,Monday
517,COF,Capital One,2025-04-22,170.1999969482422,171.39999389648438,167.0,167.92999267578125,6890700,0.030515822077867183,1.351756310049739,163.6028573172433,,Tuesday
518,COF,Capital One,2025-04-23,176.4600067138672,184.4900054931641,175.60000610351562,177.0,7665100,0.03678031655622571,-0.3050809526174082,165.81571524483817,,Wednesday
519,COF,Capital One,2025-04-24,185.0500030517578,186.0500030517578,176.00999450683594,177.0,6516700,0.04867956483657765,4.548024323027013,169.03428649902344,,Thursday
520,COF,Capital One,2025-04-25,182.72999572753903,186.63999938964844,182.52999877929688,184.69000244140625,3464000,-0.012537191493965483,-1.06124137092317,171.77571541922433,,Friday
521,COF,Capital One,2025-04-28,183.1300048828125,185.66000366210935,181.63999938964844,183.25,3185900,0.0021890722083193204,-0.06548164648703957,175.07143075125558,,Monday
522,COF,Capital One,2025-04-29,183.0800018310547,183.91000366210935,180.0500030517578,183.1000061035156,2602900,-0.0002730467450694496,-0.01092532593887499,177.97285897391183,,Tuesday
523,COF,Capital One,2025-04-30,180.25999450683597,180.80999755859372,174.72000122070312,180.1999969482422,4171100,-0.015403142320377539,0.033294983135327784,180.1300005231585,,Wednesday
524,COF,Capital One,2025-05-01,180.22000122070312,181.97000122070312,178.3300018310547,179.74000549316406,3232000,-0.00022186445884597727,0.26705002385087717,181.5614297049386,,Thursday
525,COP,ConocoPhillips,2025-04-02,106.0999984741211,106.1999969482422,104.23999786376952,104.4000015258789,6527500,,1.6283495434823232,,,Wednesday
526,COP,ConocoPhillips,2025-04-03,95.25,101.44000244140624,95.12000274658205,100.33000183105467,13870900,-0.10226200405429342,-5.063292871865855,,,Thursday
527,COP,ConocoPhillips,2025-04-04,86.29000091552734,92.6500015258789,85.55000305175781,92.0999984741211,15158400,-0.09406823185798063,-6.30835793143502,,,Friday
528,COP,ConocoPhillips,2025-04-07,85.66999816894531,89.41999816894531,81.72000122070312,84.01000213623047,12870200,-0.007185105342494724,1.9759504707820352,,,Monday
529,COP,ConocoPhillips,2025-04-08,82.66000366210938,88.27999877929688,81.2699966430664,87.1500015258789,11509800,-0.03513475628772733,-5.152034176885518,,,Tuesday
530,COP,ConocoPhillips,2025-04-09,91.51000213623048,92.47000122070312,79.87999725341797,81.11000061035156,17841900,0.10706506269098881,12.822095238095255,,,Wednesday
531,COP,ConocoPhillips,2025-04-10,83.29000091552734,88.6500015258789,80.80000305175781,88.5,15621900,-0.0898262597400672,-5.88700461522334,90.11000061035156,,Thursday
532,COP,ConocoPhillips,2025-04-11,86.38999938964844,86.9800033569336,82.45999908447266,83.30000305175781,9233400,0.0372193353349235,3.7094792613280934,87.2942864554269,,Friday
533,COP,ConocoPhillips,2025-04-14,86.44999694824219,88.62000274658203,85.58999633789062,88.5999984741211,6537200,0.0006944965738817643,-2.4266383328515446,86.03714316231864,,Monday
534,COP,ConocoPhillips,2025-04-15,85.72000122070312,87.70999908447266,85.47000122070312,86.5999984741211,5739600,-0.00844413826846191,-1.0161631280870527,85.95571463448661,,Tuesday
535,COP,ConocoPhillips,2025-04-16,86.36000061035156,88.36000061035156,86.01000213623047,86.37999725341797,6093300,0.007466161695455886,-0.023149622253102124,86.05428641183036,,Wednesday
536,COP,ConocoPhillips,2025-04-17,88.9800033569336,90.4800033569336,87.69000244140625,87.80999755859375,7804400,0.030338151089220666,1.3324289156927986,86.95714351109096,,Thursday
537,COP,ConocoPhillips,2025-04-21,87.55000305175781,87.86000061035156,86.33000183105469,87.26000213623047,6213500,-0.01607103002052601,0.3323411739946944,86.3914293561663,,Monday
538,COP,ConocoPhillips,2025-04-22,89.76000213623047,90.47000122070312,87.81999969482422,88.88999938964844,5556800,0.025242707109514928,0.9787408623644858,87.31571524483817,,Tuesday
539,COP,ConocoPhillips,2025-04-23,89.93000030517578,91.66999816894533,89.08000183105469,90.77999877929688,7699600,0.001893918949414708,-0.9363279197520136,87.82142966134208,,Wednesday
540,COP,ConocoPhillips,2025-04-24,91.8000030517578,92.20999908447266,90.13999938964844,90.75,6520300,0.020793981321429955,1.1570281562069402,88.5857162475586,,Thursday
541,COP,ConocoPhillips,2025-04-25,91.72000122070312,92.01000213623048,90.61000061035156,90.6500015258789,4736600,-0.0008714796121473967,1.1803636809854368,89.44285910470145,,Friday
542,COP,ConocoPhillips,2025-04-28,92.93000030517578,93.33999633789062,91.62000274658205,91.62000274658205,4667600,0.013192314308425157,1.4298161092803572,90.38143048967633,,Monday
543,COP,ConocoPhillips,2025-04-29,91.87999725341795,92.61000061035156,90.38999938964844,91.0,4828800,-0.01129885987635515,0.967029948810939,90.79571533203125,,Tuesday
544,COP,ConocoPhillips,2025-04-30,89.12000274658203,90.75,88.06999969482422,90.7300033569336,8415300,-0.030039122652817163,-1.774496363697672,91.02000100272042,,Wednesday
545,COP,ConocoPhillips,2025-05-01,90.6500015258789,91.37999725341795,88.25,88.43000030517578,8027600,0.017167849328365792,2.5104616227997334,91.1471437726702,,Thursday
546,COST,Costco,2025-04-02,965.0800170898438,970.8900146484376,950.0,950.8400268554688,1719900,,1.497622084912453,,,Wednesday
547,COST,Costco,2025-04-03,967.0800170898438,981.3499755859376,928.0,931.0800170898438,3096900,0.002072367020955257,3.8664775679023307,,,Thursday
548,COST,Costco,2025-04-04,916.47998046875,964.52001953125,914.1400146484376,955.0,5167000,-0.052322492169117885,-4.033509898560209,,,Friday
549,COST,Costco,2025-04-07,908.1300048828124,937.8200073242188,871.7100219726562,887.75,4626600,-0.009110919784267257,2.295691904569123,,,Monday
550,COST,Costco,2025-04-08,908.75,942.989990234375,899.5700073242188,932.0499877929688,3545400,0.0006827162563223244,-2.4998646100668425,,,Tuesday
551,COST,Costco,2025-04-09,965.1900024414062,967.4600219726562,897.6699829101562,908.0,5084500,0.062107292920392076,6.298458418657075,,,Wednesday
552,COST,Costco,2025-04-10,964.3099975585938,993.4099731445312,942.8900146484376,966.5,4209100,-0.0009117426419529284,-0.22659104411859804,942.1457170758929,,Thursday
553,COST,Costco,2025-04-11,963.4099731445312,970.2100219726562,943.1599731445312,963.9600219726562,2721800,-0.0009333351477648355,-0.057061373458141475,941.9071393694196,,Friday
554,COST,Costco,2025-04-14,979.3200073242188,987.1300048828124,965.0,970.0,2219900,0.01651429258901871,0.9608254973421392,943.6557094029018,,Monday
555,COST,Costco,2025-04-15,976.9199829101562,994.0,974.25,985.3499755859376,1788200,-0.0024507049749958876,-0.8555328446391319,952.2899954659598,,Tuesday
556,COST,Costco,2025-04-16,967.75,978.6500244140624,959.239990234375,972.1300048828124,2531700,-0.00938662640807053,-0.45055752428301854,960.8071376255581,,Wednesday
557,COST,Costco,2025-04-17,994.5,999.9199829101562,971.989990234375,973.280029296875,2705500,0.027641436321363955,2.1802533766623062,973.0571376255581,,Thursday
558,COST,Costco,2025-04-21,957.77001953125,996.989990234375,942.969970703125,993.0,2841300,-0.03693311258798393,-3.5478328770140988,971.9971400669643,,Monday
559,COST,Costco,2025-04-22,979.22998046875,987.4500122070312,966.780029296875,969.75,2230600,0.02240617319385607,0.9775695250064449,974.1285661969866,,Tuesday
560,COST,Costco,2025-04-23,975.8400268554688,995.75,969.0,994.52001953125,2109700,-0.003461856439136546,-1.8782922725462825,975.9042881556919,,Wednesday
561,COST,Costco,2025-04-24,975.47998046875,978.0,960.7100219726562,973.5999755859376,2468500,-0.0003689604615614295,0.19309828779329527,975.355712890625,,Thursday
562,COST,Costco,2025-04-25,977.1599731445312,978.3200073242188,962.8800048828124,973.969970703125,1780900,0.0017222215826242504,0.3275257489821103,975.3899972098214,,Friday
563,COST,Costco,2025-04-28,978.5399780273438,985.2999877929688,968.780029296875,978.5,1616200,0.0014122609610907055,0.004085644082141032,976.9314226422991,,Monday
564,COST,Costco,2025-04-29,991.7000122070312,993.2100219726562,971.0599975585938,978.0,1523100,0.013448642339802142,1.400819244072725,976.5314243861607,,Tuesday
565,COST,Costco,2025-04-30,994.5,997.760009765625,976.5499877929688,990.0,2212400,0.002823422162451461,0.45454545454545453,981.778564453125,,Wednesday
566,COST,Costco,2025-05-01,999.0399780273438,1006.3800048828124,985.0,990.0999755859376,1829900,0.004565086000345664,0.9029393659075161,984.6085641043527,,Thursday
567,CRM,Salesforce,2025-04-02,271.114013671875,273.20073120113113,265.33308855435763,265.54275057259247,5396900,,2.098066351752839,,,Wednesday
568,CRM,Salesforce,2025-04-03,254.82958984375,262.15808639956623,254.05081472979737,259.73190590644856,8872600,-0.06006485466234057,-1.8874523888737407,,,Thursday
569,CRM,Salesforce,2025-04-04,240.38229370117188,249.89734195588392,239.1542275731836,247.31140876687937,9705000,-0.05669395046091996,-2.8017773624988784,,,Friday
570,CRM,Salesforce,2025-04-07,243.82688903808597,252.5531679393751,229.6391750419428,229.6391750419428,11965200,0.014329655000281383,6.178263788637909,,,Monday
571,CRM,Salesforce,2025-04-08,243.60723876953125,256.98622625389385,239.89307341360575,253.55160518583384,9340300,-0.0009008451423108133,-3.922028578369334,,,Tuesday
572,CRM,Salesforce,2025-04-09,264.7540283203125,267.74932207428515,240.52208235006336,240.52208235006336,12491100,0.08680690137778502,10.07472816362084,,,Wednesday
573,CRM,Salesforce,2025-04-10,255.1199951171875,261.239990234375,248.1300048828125,260.0,9692300,-0.03638861800988069,-1.8769249549278846,253.3762926374163,,Thursday
574,CRM,Salesforce,2025-04-11,255.0,256.4100036621094,247.67999267578125,254.2700042724609,6089000,-0.000470347755895717,0.2870947084882533,251.0742906842913,,Friday
575,CRM,Salesforce,2025-04-14,254.5500030517578,260.0,253.13999938964844,260.0,6038100,-0.0017646939146752638,-2.0961526724008412,251.0343497140067,,Monday
576,CRM,Salesforce,2025-04-15,254.92999267578125,256.7200012207031,253.8000030517578,254.3699951171875,5227700,0.0014927897052359196,0.22015079189499562,253.11259242466517,,Tuesday
577,CRM,Salesforce,2025-04-16,249.83999633789065,256.6099853515625,246.69000244140625,251.92999267578125,7190900,-0.019966251457764095,-0.829594093062312,253.9716077532087,,Wednesday
578,CRM,Salesforce,2025-04-17,247.25999450683597,251.55999755859372,246.8000030517578,249.7700042724609,5564400,-0.010326616510053954,-1.0049284232252749,254.4934300013951,,Thursday
579,CRM,Salesforce,2025-04-21,236.25999450683597,242.47999572753903,232.7700042724609,240.42999267578125,9240000,-0.04448758490810323,-1.7343918379469851,250.42285374232702,,Monday
580,CRM,Salesforce,2025-04-22,243.38999938964844,244.22000122070312,235.6000061035156,238.22999572753903,7145300,0.03017863814690891,2.1659756347436794,248.74714006696428,,Tuesday
581,CRM,Salesforce,2025-04-23,250.47999572753903,257.7900085449219,249.5,252.6100006103516,5818900,0.029130187582358635,-0.8431989539868092,248.10142517089844,,Wednesday
582,CRM,Salesforce,2025-04-24,264.70001220703125,264.9800109863281,257.0,258.20001220703125,7857600,0.056771066440611584,2.5174282310986635,249.55142647879464,,Thursday
583,CRM,Salesforce,2025-04-25,267.8500061035156,269.0299987792969,264.20001220703125,264.7200012207031,5651700,0.011900240843285781,1.1823832231713172,251.3971426827567,,Friday
584,CRM,Salesforce,2025-04-28,265.6400146484375,269.5,263.3299865722656,268.1499938964844,4977700,-0.008250854600406643,-0.9360355417407982,253.65428815569197,,Monday
585,CRM,Salesforce,2025-04-29,267.760009765625,268.5799865722656,265.1700134277344,265.3999938964844,3139800,0.007980706972905427,0.8892298128918258,256.5828617640904,,Tuesday
586,CRM,Salesforce,2025-04-30,268.7099914550781,268.8699951171875,263.0,264.79998779296875,4624100,0.003547884877523888,1.4765875537601507,261.2185756138393,,Wednesday
587,CRM,Salesforce,2025-05-01,269.3299865722656,274.6000061035156,269.0,273.3999938964844,5208900,0.002307302061341998,-1.488664014293925,264.92428806849887,,Thursday
588,CSCO,Cisco,2025-04-02,61.40999984741211,61.45966748176048,60.69477378672325,60.7941128448176,18610700,,1.013070137509233,,,Wednesday
589,CSCO,Cisco,2025-04-03,57.310001373291016,59.91999816894531,57.2599983215332,59.380001068115234,40006300,-0.06676434594216785,-3.486021653064147,,,Thursday
590,CSCO,Cisco,2025-04-04,54.540000915527344,57.470001220703125,54.43999862670898,56.65999984741211,42924400,-0.04833363097866916,-3.741614785728939,,,Friday
591,CSCO,Cisco,2025-04-07,54.40999984741211,56.119998931884766,52.11000061035156,53.380001068115234,46816200,-0.002383591234561666,1.929559308143421,,,Monday
592,CSCO,Cisco,2025-04-08,53.18999862670898,55.869998931884766,52.720001220703125,54.7400016784668,37377000,-0.022422371331088264,-2.8315728977544916,,,Tuesday
593,CSCO,Cisco,2025-04-09,58.130001068115234,58.43000030517578,52.66999816894531,53.08000183105469,53380800,0.09287464878642937,9.513939455265849,,,Wednesday
594,CSCO,Cisco,2025-04-10,56.59000015258789,57.93999862670898,55.0,57.81999969482422,31964600,-0.026492360007404958,-2.1272908141271265,56.51142883300781,,Thursday
595,CSCO,Cisco,2025-04-11,57.33000183105469,57.79999923706055,56.27999877929688,56.66999816894531,23036900,0.013076544910257448,1.1646438740685394,55.92857197352818,,Friday
596,CSCO,Cisco,2025-04-14,57.40999984741211,58.209999084472656,57.09999847412109,57.88999938964844,15657700,0.0013953953218623916,-0.8291579673468764,55.942857469831196,,Monday
597,CSCO,Cisco,2025-04-15,57.20000076293945,57.90999984741211,57.060001373291016,57.869998931884766,18543600,-0.003657883383222482,-1.1577642669977,56.32285744803293,,Tuesday
598,CSCO,Cisco,2025-04-16,55.7599983215332,57.08000183105469,55.41999816894531,56.56999969482422,20551300,-0.025174867520967648,-1.431856775076358,56.51571437290737,,Wednesday
599,CSCO,Cisco,2025-04-17,55.7599983215332,56.40999984741211,55.68999862670898,56.20000076293945,15874300,0.0,-0.7829224829769136,56.882857186453684,,Thursday
600,CSCO,Cisco,2025-04-21,54.369998931884766,55.33000183105469,53.83000183105469,55.15999984741211,15578800,-0.02492825379285657,-1.4321989081086037,56.34571402413504,,Monday
601,CSCO,Cisco,2025-04-22,55.040000915527344,55.27999877929688,54.59000015258789,55.220001220703125,19961800,0.012323008953558423,-0.3259693973137679,56.124285561697825,,Tuesday
602,CSCO,Cisco,2025-04-23,55.630001068115234,56.97999954223633,55.5,56.150001525878906,30231500,0.010719479338188842,-0.9260916182237493,55.88142830984933,,Wednesday
603,CSCO,Cisco,2025-04-24,56.290000915527344,56.56999969482422,55.15999984741211,55.29999923706055,22782300,0.011864099132480321,1.7902381412752804,55.721428462437224,,Thursday
604,CSCO,Cisco,2025-04-25,56.709999084472656,56.77999877929688,56.06999969482422,56.209999084472656,16493500,0.007461328159784397,0.8895214519548339,55.65142822265625,,Friday
605,CSCO,Cisco,2025-04-28,56.84000015258789,57.33000183105469,56.41999816894531,56.52999877929688,23140600,0.0022923835340147303,0.5483838315675695,55.80571419852121,,Monday
606,CSCO,Cisco,2025-04-29,57.34000015258789,57.4900016784668,56.630001068115234,56.68999862670898,13466000,0.008796622073500071,1.1465894189891037,56.03142874581473,,Tuesday
607,CSCO,Cisco,2025-04-30,57.72999954223633,57.90999984741211,56.459999084472656,57.09999847412109,19921200,0.00680152404273815,1.103329395710529,56.51142883300781,,Wednesday
608,CSCO,Cisco,2025-05-01,58.119998931884766,58.470001220703125,57.68000030517578,57.77999877929688,16420800,0.006755575831299154,0.5884391827119747,56.9514285496303,,Thursday
609,CVS,CVS Health,2025-04-02,67.37541198730469,67.47439007489417,66.48459409591126,66.82112865556834,6405700,,0.8295030971317686,,,Wednesday
610,CVS,CVS Health,2025-04-03,66.82112121582031,68.4740785043138,64.92070740858846,65.29683467171279,12204200,-0.00822689991994141,2.3343957663048265,,,Thursday
611,CVS,CVS Health,2025-04-04,63.01040649414063,66.29653233765846,62.85203930204823,64.95040931698719,13295600,-0.05702859593408727,-2.9868985326612383,,,Friday
612,CVS,CVS Health,2025-04-07,63.19846725463867,64.08928508269918,59.71438897899965,61.36734633401311,13158500,0.00298459843320531,2.9838685066469286,,,Monday
613,CVS,CVS Health,2025-04-08,66.93989562988281,70.72091575797093,66.21734883413744,70.38438876851004,24570300,0.059201251830510504,-4.893831144795405,,,Tuesday
614,CVS,CVS Health,2025-04-09,69.46387481689453,70.49326343318839,65.7026474708802,65.76204035843585,17725000,0.03770515569619426,5.629135650721658,,,Wednesday
615,CVS,CVS Health,2025-04-10,68.26622772216797,70.16663412941074,67.64265144211933,68.96898193886054,15828700,-0.017241294095435067,-1.0189424244590768,66.43934358869281,,Thursday
616,CVS,CVS Health,2025-04-11,68.80072021484375,69.27581805313775,67.30612618080819,68.29592215405538,12537400,0.007829530215893499,0.739133530768791,66.64295904976981,,Friday
617,CVS,CVS Health,2025-04-14,68.4938735961914,69.30550593612075,68.12765394437837,69.28571334070253,12125900,-0.004459933234625346,-1.142861502511152,66.88192367553711,,Monday
618,CVS,CVS Health,2025-04-15,68.21673583984375,68.99867555544935,67.7812307519253,68.83041205440031,11114400,-0.004046168537372163,-0.8915771331886578,67.62568501063755,,Tuesday
619,CVS,CVS Health,2025-04-16,67.85051727294922,69.09765476739022,67.50408263961603,68.50377869124536,6899900,-0.005368456323596615,-0.9536136995310378,68.29026358468192,,Wednesday
620,CVS,CVS Health,2025-04-17,66.6033706665039,67.13786138797484,63.34694107089305,64.75244951353297,16054400,-0.018380797325807996,2.8584573508437026,68.24218858991351,,Thursday
621,CVS,CVS Health,2025-04-21,64.50499725341797,66.75183818443574,63.79234299426772,66.61326736199469,9699600,-0.03150551379138011,-3.1649402469928445,67.53377750941685,,Monday
622,CVS,CVS Health,2025-04-22,65.44999694824219,65.75,64.30000305175781,64.81999969482422,9118100,0.014650023022427794,0.9719180135514149,67.13145882742745,,Tuesday
623,CVS,CVS Health,2025-04-23,65.56999969482422,66.43000030517578,64.83000183105469,65.5199966430664,10834800,0.0018335027070655041,0.07631723797272817,66.66992732456752,,Wednesday
624,CVS,CVS Health,2025-04-24,65.91999816894531,65.98999786376953,65.20999908447266,65.80000305175781,7014000,0.00533778367774973,0.18236339152311695,66.30223083496094,,Thursday
625,CVS,CVS Health,2025-04-25,65.31999969482422,65.98999786376953,64.93000030517578,65.87000274658203,5022300,-0.009101918852961188,-0.8349825851287853,65.88841138567243,,Friday
626,CVS,CVS Health,2025-04-28,64.93000030517578,66.1500015258789,64.19999694824219,65.55000305175781,7700100,-0.005970596930044647,-0.9458470140611306,65.47119467599052,,Monday
627,CVS,CVS Health,2025-04-29,65.02999877929688,65.41000366210938,64.41999816894531,64.87999725341797,9314700,0.0015400966217633538,0.2311984158892731,65.24642726353237,,Tuesday
628,CVS,CVS Health,2025-04-30,66.70999908447266,66.81999969482422,65.36000061035156,65.75,12539500,0.02583423553301123,1.4600746531903517,65.56142752511161,,Wednesday
629,CVS,CVS Health,2025-05-01,69.44999694824219,72.51000213623047,69.2699966430664,72.5,20880100,0.04107327089451718,-4.206900761045258,66.13285609654018,,Thursday
630,CVX,Chevron Corporation,2025-04-02,166.47000122070312,167.97999572753906,165.85000610351562,167.39999389648438,7044900,,-0.5555512005313049,,,Wednesday
631,CVX,Chevron Corporation,2025-04-03,156.1199951171875,161.35000610351562,155.8000030517578,160.1199951171875,15501000,-0.062173400778640975,-2.4981264813757385,,,Thursday
632,CVX,Chevron Corporation,2025-04-04,143.27999877929688,152.4600067138672,142.75,151.75999450683594,20374700,-0.08224440647882814,-5.587767550398196,,,Friday
633,CVX,Chevron Corporation,2025-04-07,140.14999389648438,146.19000244140625,137.2899932861328,138.72999572753906,17817000,-0.021845372065042,1.0235696768376898,,,Monday
634,CVX,Chevron Corporation,2025-04-08,136.92999267578125,144.49000549316406,134.8699951171875,144.14999389648438,12904400,-0.022975393228211183,-5.008672581622087,,,Tuesday
635,CVX,Chevron Corporation,2025-04-09,146.02999877929688,147.47000122070312,133.8800048828125,135.02000427246094,16846800,0.06645736208474307,8.154343177636505,,,Wednesday
636,CVX,Chevron Corporation,2025-04-10,134.97999572753906,143.6300048828125,133.4499969482422,143.22000122070312,20991200,-0.07566940453418947,-5.753390184982718,146.27999659946985,,Thursday
637,CVX,Chevron Corporation,2025-04-11,135.6300048828125,137.1199951171875,132.0399932861328,135.00999450683594,17224400,0.004815596205718586,0.4592329465987569,141.87428283691406,,Friday
638,CVX,Chevron Corporation,2025-04-14,135.32000732421875,138.5399932861328,134.10000610351562,138.47999572753906,9628200,-0.0022856119400835873,-2.2819096626328794,138.9028560093471,,Monday
639,CVX,Chevron Corporation,2025-04-15,134.5399932861328,136.6300048828125,134.25,134.32000732421875,9334800,-0.005764218119032938,0.16377750887331707,137.65428379603796,,Tuesday
640,CVX,Chevron Corporation,2025-04-16,135.36000061035156,137.5500030517578,134.8000030517578,135.39999389648438,8637200,0.006094896425888674,-0.02953714027741246,136.9699990408761,,Wednesday
641,CVX,Chevron Corporation,2025-04-17,137.8699951171875,140.24000549316406,136.4499969482422,136.69000244140625,8424500,0.018543103542539408,0.8632618733671231,137.10428510393416,,Thursday
642,CVX,Chevron Corporation,2025-04-21,133.72999572753906,136.2899932861328,132.3300018310547,136.02000427246094,9967500,-0.03002828415370218,-1.6835821739387475,135.3471418108259,,Monday
643,CVX,Chevron Corporation,2025-04-22,137.3000030517578,138.24000549316406,134.94000244140625,135.25999450683594,7984700,0.026695636269160383,1.5082127959267178,135.67857142857142,,Tuesday
644,CVX,Chevron Corporation,2025-04-23,136.67999267578125,138.5500030517578,135.14999389648438,137.2100067138672,10002000,-0.00451573461176713,-0.3862794345540772,135.82856968470983,,Wednesday
645,CVX,Chevron Corporation,2025-04-24,139.07000732421875,139.39999389648438,137.22000122070312,137.9199981689453,7745800,0.01748620702743864,0.8338233545107302,136.3642839704241,,Thursday
646,CVX,Chevron Corporation,2025-04-25,138.72999572753906,139.0500030517578,137.25,138.3300018310547,6878500,-0.0024448952237918764,0.28915917818962794,136.96285574776786,,Friday
647,CVX,Chevron Corporation,2025-04-28,140.10000610351562,140.4600067138672,138.67999267578125,138.97000122070312,6715500,0.009875372436882524,0.8131286413518121,137.63999938964844,,Monday
648,CVX,Chevron Corporation,2025-04-29,139.3000030517578,140.00999450683594,138.57000732421875,138.69000244140625,7343800,-0.005710228528946093,0.4398302686664639,137.8442862374442,,Tuesday
649,CVX,Chevron Corporation,2025-04-30,136.05999755859375,138.14999389648438,134.13999938964844,138.0,13858000,-0.023259191831892623,-1.4057988705842392,138.17714364188058,,Wednesday
650,CVX,Chevron Corporation,2025-05-01,136.25999450683594,137.9499969482422,135.1199951171875,135.4199981689453,10199800,0.0014699173293462042,0.62028972769788,138.02857099260603,,Thursday
651,DE,John Deere,2025-04-02,470.8999938964844,474.489990234375,464.7799987792969,473.4400024414063,1394700,,-0.5365006192598369,,,Wednesday
652,DE,John Deere,2025-04-03,447.4500122070313,463.6900024414063,446.6000061035156,456.5499877929688,2287700,-0.049798220414944305,-1.99320464992851,,,Thursday
653,DE,John Deere,2025-04-04,429.8599853515625,438.7900085449219,420.0400085449219,426.4599914550781,3609600,-0.03931171387996313,0.7972597581507288,,,Friday
654,DE,John Deere,2025-04-07,423.3500061035156,441.0400085449219,412.2999877929688,417.1300048828125,3007400,-0.015144417879981664,1.4911421254509267,,,Monday
655,DE,John Deere,2025-04-08,412.989990234375,435.5899963378906,406.0799865722656,433.4599914550781,1816400,-0.02447151463275865,-4.7224661154972,,,Tuesday
656,DE,John Deere,2025-04-09,452.5899963378906,455.6700134277344,404.4200134277344,407.7200012207031,2914700,0.09588611598320407,11.005100309734106,,,Wednesday
657,DE,John Deere,2025-04-10,444.1900024414063,449.2300109863281,428.5299987792969,444.3599853515625,1956600,-0.018559831115253167,-0.03825342419653481,440.1899980817522,,Thursday
658,DE,John Deere,2025-04-11,459.1300048828125,463.3800048828125,441.5,444.25,1245100,0.033634260922783765,3.3494664902222846,438.5085710797991,,Friday
659,DE,John Deere,2025-04-14,467.6700134277344,472.7799987792969,461.4700012207031,464.3299865722656,1283600,0.018600414815193034,0.7193218082091124,441.3971426827567,,Monday
660,DE,John Deere,2025-04-15,461.260009765625,467.1300048828125,460.6499938964844,464.6799926757813,1143600,-0.013706253294129334,-0.7359866927910781,445.8828604561942,,Tuesday
661,DE,John Deere,2025-04-16,452.4200134277344,461.5899963378906,448.6799926757813,458.0299987792969,1015600,-0.019164887808900688,-1.224807407050578,450.0357186453683,,Wednesday
662,DE,John Deere,2025-04-17,452.0700073242188,458.8699951171875,451.5299987792969,455.30999755859375,1044800,-0.0007736309029827693,-0.7116009425991112,455.6185782296317,,Thursday
663,DE,John Deere,2025-04-21,441.55999755859375,451.8599853515625,435.9500122070313,450.4200134277344,969300,-0.023248633165985355,-1.9670564373272748,454.04286411830356,,Monday
664,DE,John Deere,2025-04-22,454.6600036621094,458.25,446.25,446.25,751600,0.029667556336502754,1.8845946581757704,455.53857857840404,,Tuesday
665,DE,John Deere,2025-04-23,456.4400024414063,471.9599914550781,454.3699951171875,462.9500122070313,1025500,0.003915010700215049,-1.406201445937909,455.15429251534596,,Wednesday
666,DE,John Deere,2025-04-24,464.510009765625,466.510009765625,456.9700012207031,458.5199890136719,828400,0.01768032442611034,1.3063815963265493,454.70286342075894,,Thursday
667,DE,John Deere,2025-04-25,459.2999877929688,465.9599914550781,457.3399963378906,464.1499938964844,983400,-0.011216167279764266,-1.0449221517381353,454.4228602818081,,Friday
668,DE,John Deere,2025-04-28,460.2000122070313,465.1799926757813,457.0799865722656,459.2999877929688,755100,0.001959556799440154,0.1959556799440172,455.5342886788505,,Monday
669,DE,John Deere,2025-04-29,460.6400146484375,462.8999938964844,452.4100036621094,457.4200134277344,799600,0.000956111320588704,0.7039484775870739,456.7585754394532,,Tuesday
670,DE,John Deere,2025-04-30,463.55999755859375,465.2900085449219,452.0,460.4500122070313,1325900,0.006338969297716712,0.6754230142498305,459.90143258231035,,Wednesday
671,DE,John Deere,2025-05-01,480.0199890136719,485.4700012207031,464.25,465.0,1855300,0.03550779088309408,3.230105164230511,463.52428763253357,,Thursday
672,DHR,Danaher Corporation,2025-04-02,205.16000366210935,205.47999572753903,199.2400054931641,199.2400054931641,2974500,,2.9712899045008156,,,Wednesday
673,DHR,Danaher Corporation,2025-04-03,197.8999938964844,204.5800018310547,197.5,202.3000030517578,5413100,-0.03538706198105701,-2.1749921348976358,,,Thursday
674,DHR,Danaher Corporation,2025-04-04,181.7700042724609,195.4600067138672,181.1999969482422,195.4600067138672,7117800,-0.08150576109901553,-7.003991594785422,,,Friday
675,DHR,Danaher Corporation,2025-04-07,180.6199951171875,187.3500061035156,171.9199981689453,176.4199981689453,8557900,-0.0063267267879337785,2.3806807571895217,,,Monday
676,DHR,Danaher Corporation,2025-04-08,174.63999938964844,186.5,171.8699951171875,185.0399932861328,5664500,-0.033108160166094525,-5.620403304059008,,,Tuesday
677,DHR,Danaher Corporation,2025-04-09,191.88999938964844,192.8600006103516,171.0,172.05999755859375,8180400,0.09877462242491553,11.525050629099148,,,Wednesday
678,DHR,Danaher Corporation,2025-04-10,180.75999450683597,192.4499969482422,175.50999450683594,192.4499969482422,6293500,-0.058002005931596656,-6.0743063792046454,187.53428431919642,,Thursday
679,DHR,Danaher Corporation,2025-04-11,188.72999572753903,190.1000061035156,178.77999877929688,181.13999938964844,4764000,0.044091621281840965,4.190127174265818,185.18714032854353,,Friday
680,DHR,Danaher Corporation,2025-04-14,192.97000122070312,193.9499969482422,190.38999938964844,192.88999938964844,4039300,0.022465986272183214,0.04147536487523098,184.48285566057478,,Monday
681,DHR,Danaher Corporation,2025-04-15,189.9199981689453,194.9900054931641,188.55999755859372,192.1999969482422,3505100,-0.01580558134665433,-1.1862636917267273,185.6471405029297,,Tuesday
682,DHR,Danaher Corporation,2025-04-16,190.66000366210935,195.9499969482422,189.1300048828125,192.4600067138672,3620300,0.003896406383206541,-0.9352608276866212,187.08142743791853,,Wednesday
683,DHR,Danaher Corporation,2025-04-17,186.8300018310547,189.7400054931641,185.8300018310547,188.9900054931641,3667700,-0.020088124186980805,-1.1429195191951738,188.82285635811942,,Thursday
684,DHR,Danaher Corporation,2025-04-21,184.9600067138672,185.63999938964844,181.94000244140625,185.27999877929688,4857600,-0.010009072947922415,-0.17270729033782964,187.8328574044364,,Monday
685,DHR,Danaher Corporation,2025-04-22,192.07000732421875,199.63999938964844,191.82000732421875,198.2400054931641,6687700,0.03844074584918622,-3.112388013507244,189.44857352120536,,Tuesday
686,DHR,Danaher Corporation,2025-04-23,196.30999755859372,205.1100006103516,196.00999450683597,200.0200042724609,6494100,0.02207523336643491,-1.8548178355268576,190.53143092564173,,Wednesday
687,DHR,Danaher Corporation,2025-04-24,196.5,196.94000244140625,193.25,196.6999969482422,4453400,0.0009678694094505946,-0.10167613184804108,191.0357164655413,,Thursday
688,DHR,Danaher Corporation,2025-04-25,197.13999938964844,198.27999877929688,193.9499969482422,196.6499938964844,2608700,0.0032569943493558906,0.24917645988942697,192.06714521135603,,Friday
689,DHR,Danaher Corporation,2025-04-28,195.91000366210935,199.44000244140625,194.2899932861328,198.8300018310547,2715100,-0.0062391992053728584,-1.468590324425212,192.81714521135603,,Monday
690,DHR,Danaher Corporation,2025-04-29,198.92999267578125,199.47999572753903,195.0500030517578,196.3600006103516,3719900,0.015415185326016045,1.3088164888171099,194.54571533203125,,Tuesday
691,DHR,Danaher Corporation,2025-04-30,199.3300018310547,199.9600067138672,196.8999938964844,198.7899932861328,3729600,0.002010803649530102,0.27164775047031753,196.59857177734375,,Wednesday
692,DHR,Danaher Corporation,2025-05-01,196.7100067138672,200.32000732421875,196.27999877929688,198.3800048828125,3687500,-0.013144007892038845,-0.8418177880032909,197.2614288330078,,Thursday
693,DIS,The Walt Disney Company,2025-04-02,97.87999725341795,98.30999755859376,96.4499969482422,96.62000274658205,7959900,,1.3040721082783056,,,Wednesday
694,DIS,The Walt Disney Company,2025-04-03,88.83999633789062,94.77999877929688,88.61000061035156,94.51000213623048,19353400,-0.09235800131994443,-5.999371146100374,,,Thursday
695,DIS,The Walt Disney Company,2025-04-04,83.52999877929688,87.54000091552734,83.08000183105469,86.0,22580900,-0.059770348688420794,-2.872094442678052,,,Friday
696,DIS,The Walt Disney Company,2025-04-07,83.30000305175781,86.62999725341797,80.0999984741211,80.98999786376953,20456000,-0.0027534506273220183,2.8522104567453637,,,Monday
697,DIS,The Walt Disney Company,2025-04-08,81.72000122070312,86.94999694824219,80.8499984741211,85.94999694824219,14845600,-0.018967608321370233,-4.921461172460894,,,Tuesday
698,DIS,The Walt Disney Company,2025-04-09,91.44000244140624,92.25,81.19000244140625,81.29000091552734,24970900,0.1189427444384401,12.486162395823177,,,Wednesday
699,DIS,The Walt Disney Company,2025-04-10,85.2300033569336,89.01000213623047,83.06999969482422,88.91999816894531,16377000,-0.06791337400118669,-4.14979182185861,87.42000034877232,,Thursday
700,DIS,The Walt Disney Company,2025-04-11,84.88999938964844,85.66999816894531,83.3499984741211,85.11000061035156,10204400,-0.003989252069617533,-0.2584904466283921,85.56428636823382,,Friday
701,DIS,The Walt Disney Company,2025-04-14,84.66000366210938,86.44999694824219,84.02999877929688,85.83000183105469,10841300,-0.002709338310669218,-1.3631575719272422,84.96714455740792,,Monday
702,DIS,The Walt Disney Company,2025-04-15,85.01000213623047,85.9800033569336,84.5199966430664,84.75,7840500,0.004134165591558325,0.30678718139288347,85.17857360839844,,Tuesday
703,DIS,The Walt Disney Company,2025-04-16,82.7699966430664,84.80000305175781,82.01000213623047,84.27999877929688,10144300,-0.026349905150859776,-1.791649451947306,85.1028584071568,,Wednesday
704,DIS,The Walt Disney Company,2025-04-17,84.80999755859375,85.77999877929688,83.36000061035156,83.37000274658203,14728100,0.024646623151678426,1.7272337346429498,85.5442864554269,,Thursday
705,DIS,The Walt Disney Company,2025-04-21,84.0,85.2300033569336,82.9800033569336,84.91000366210938,14166800,-0.009550732011684548,-1.071727267532152,84.48142896379743,,Monday
706,DIS,The Walt Disney Company,2025-04-22,86.08999633789062,86.55999755859375,84.5999984741211,85.01000213623047,9578500,0.02488090878441218,1.2704319192104487,84.60428510393415,,Tuesday
707,DIS,The Walt Disney Company,2025-04-23,87.29000091552734,89.87000274658203,87.02999877929688,89.02999877929688,12089100,0.013938954915584834,-1.9543950214836485,84.94714246477399,,Wednesday
708,DIS,The Walt Disney Company,2025-04-24,90.01000213623047,90.23999786376952,86.7699966430664,87.44999694824219,10310000,0.031160513142110435,2.9273931130076947,85.711427961077,,Thursday
709,DIS,The Walt Disney Company,2025-04-25,90.27999877929688,90.33999633789062,89.06999969482422,90.06999969482422,7749600,0.002999629337390397,0.2331509772223566,86.46428462437221,,Friday
710,DIS,The Walt Disney Company,2025-04-28,90.16000366210938,91.37000274658205,89.63999938964844,90.4499969482422,8491800,-0.0013291439832741059,-0.3206117146679046,87.51999991280692,,Monday
711,DIS,The Walt Disney Company,2025-04-29,91.16999816894533,91.66000366210938,89.76000213623047,89.83000183105469,6359900,0.01120224562790706,1.4917024497125142,88.42857142857143,,Tuesday
712,DIS,The Walt Disney Company,2025-04-30,90.9499969482422,91.19000244140624,88.55999755859375,89.88999938964844,8474800,-0.002413087914024614,1.1792163375137719,89.42142813546317,,Wednesday
713,DIS,The Walt Disney Company,2025-05-01,90.80999755859376,91.61000061035156,90.36000061035156,91.2699966430664,7790600,-0.0015393006525125097,-0.5039981389191683,90.09571402413505,,Thursday
714,DUK,Duke Energy,2025-04-02,120.38999938964844,121.38999938964844,119.9000015258789,121.05999755859376,2541700,,-0.5534430715819597,,,Wednesday
715,DUK,Duke Energy,2025-04-03,124.0500030517578,124.66999816894533,121.62999725341795,123.0,7427100,0.030401226685478733,0.8536610176892669,,,Thursday
716,DUK,Duke Energy,2025-04-04,118.93000030517578,125.2699966430664,117.86000061035156,125.0,8332600,-0.041273701093306525,-4.855999755859375,,,Friday
717,DUK,Duke Energy,2025-04-07,116.86000061035156,120.31999969482422,115.70999908447266,117.72000122070312,7214800,-0.01740519372330429,-0.7305475717242147,,,Monday
718,DUK,Duke Energy,2025-04-08,115.9499969482422,118.36000061035156,114.6999969482422,118.16999816894533,4976200,-0.00778712696693884,-1.8786504655176797,,,Tuesday
719,DUK,Duke Energy,2025-04-09,116.30999755859376,117.83999633789062,112.06999969482422,114.75,7414700,0.0031047918915620976,1.359474996595873,,,Wednesday
720,DUK,Duke Energy,2025-04-10,116.83999633789062,118.0,114.62000274658205,116.30999755859376,6360400,0.004556777494813868,0.4556777494813909,118.47571345738002,,Thursday
721,DUK,Duke Energy,2025-04-11,118.94000244140624,119.33000183105467,115.5199966430664,116.87999725341795,6054400,0.017973349617733447,1.7624959243640297,118.26857103620257,,Friday
722,DUK,Duke Energy,2025-04-14,120.5999984741211,121.19000244140624,118.06999969482422,118.69000244140624,3226200,0.013956583139744128,1.6092307636928114,117.77571323939732,,Monday
723,DUK,Duke Energy,2025-04-15,120.48999786376952,121.75,120.33999633789062,121.06999969482422,2340900,-0.0009121112084854444,-0.47906321344402963,117.99857003348214,,Tuesday
724,DUK,Duke Energy,2025-04-16,120.3499984741211,121.9800033569336,120.06999969482422,121.48999786376952,2506800,-0.0011619171062373645,-0.9383483494062941,118.49714115687779,,Wednesday
725,DUK,Duke Energy,2025-04-17,121.8000030517578,123.5500030517578,120.5,120.94000244140624,3409800,0.012048230959874173,0.7110969017618641,119.33285631452289,,Thursday
726,DUK,Duke Energy,2025-04-21,120.16999816894533,121.9499969482422,118.98999786376952,121.58000183105467,3076200,-0.013382634170541197,-1.1597332134183231,119.88428497314453,,Monday
727,DUK,Duke Energy,2025-04-22,122.52999877929688,122.88999938964844,120.5,121.37999725341795,3522600,0.019638850347935,0.9474390771965003,120.69714246477399,,Tuesday
728,DUK,Duke Energy,2025-04-23,121.41999816894533,122.12000274658205,120.04000091552734,121.20999908447266,4036000,-0.00905901102921658,0.1732522779134085,121.05142756870815,,Wednesday
729,DUK,Duke Energy,2025-04-24,120.6999969482422,121.5199966430664,120.16999816894533,121.1500015258789,3199000,-0.005929840483948179,-0.3714441369945661,121.06571306501117,,Thursday
730,DUK,Duke Energy,2025-04-25,119.8499984741211,121.2699966430664,119.41999816894533,120.7699966430664,2717200,-0.007042241057268583,-0.7617770924216806,120.97428458077567,,Friday
731,DUK,Duke Energy,2025-04-28,120.66999816894533,120.87999725341795,119.18000030517578,119.98999786376952,2119800,0.00684188323124002,0.5667141572482126,121.01999882289341,,Monday
732,DUK,Duke Energy,2025-04-29,121.6999969482422,121.91000366210938,119.37000274658205,120.29000091552734,2323600,0.008535665823536487,1.1721639554271979,121.0057122366769,,Tuesday
733,DUK,Duke Energy,2025-04-30,122.0199966430664,122.4000015258789,120.66000366210938,122.3499984741211,2999000,0.0026294141565204043,-0.26971952200268146,121.26999773297992,,Wednesday
734,DUK,Duke Energy,2025-05-01,121.33000183105467,122.37000274658205,120.68000030517578,121.8000030517578,2609900,-0.005654768324819037,-0.38587948187768295,121.09856959751674,,Thursday
735,EMR,Emerson Electric,2025-04-02,111.54000091552734,111.98999786376952,108.26000213623048,108.33999633789062,2036500,,2.9536687149744303,,,Wednesday
736,EMR,Emerson Electric,2025-04-03,101.88999938964844,107.22000122070312,101.4499969482422,105.98999786376952,3730000,-0.08651606102448528,-3.868288099591121,,,Thursday
737,EMR,Emerson Electric,2025-04-04,94.56999969482422,97.30999755859376,92.2300033569336,97.0500030517578,5816500,-0.07184218018130539,-2.555387201390367,,,Friday
738,EMR,Emerson Electric,2025-04-07,96.97000122070312,99.91000366210938,90.05999755859375,94.0,6936700,0.02537804307522129,3.159575766705452,,,Monday
739,EMR,Emerson Electric,2025-04-08,94.1500015258789,100.4499969482422,91.94000244140624,99.88999938964844,4819900,-0.02908115560817537,-5.746318849576813,,,Tuesday
740,EMR,Emerson Electric,2025-04-09,104.43000030517578,105.06999969482422,92.36000061035156,93.29000091552734,4978100,0.10918745207318148,11.941257669978517,,,Wednesday
741,EMR,Emerson Electric,2025-04-10,99.7300033569336,102.31999969482422,96.01000213623048,101.52999877929688,3565900,-0.045006194910537034,-1.772870524972685,100.46857234409877,,Thursday
742,EMR,Emerson Electric,2025-04-11,100.48999786376952,101.3499984741211,97.61000061035156,99.19000244140624,3621100,0.007620520217129778,1.3106113422380625,98.89000047956195,,Friday
743,EMR,Emerson Electric,2025-04-14,101.04000091552734,102.16000366210938,99.73999786376952,102.16000366210938,3388000,0.005473211896207308,-1.0963221480359389,98.76857212611607,,Monday
744,EMR,Emerson Electric,2025-04-15,100.44000244140624,101.63999938964844,99.87999725341795,100.86000061035156,2972500,-0.005938227124747564,-0.41641698037251557,99.60714394705636,,Tuesday
745,EMR,Emerson Electric,2025-04-16,98.66999816894533,100.36000061035156,97.72000122070312,99.5199966430664,2460400,-0.017622503279940416,-0.8540981740279221,99.8500006539481,,Wednesday
746,EMR,Emerson Electric,2025-04-17,99.56999969482422,101.0500030517578,99.1999969482422,99.1999969482422,2878400,0.009121329102873554,0.3729866511740587,100.62428610665458,,Thursday
747,EMR,Emerson Electric,2025-04-21,96.41999816894533,98.54000091552734,95.30999755859376,97.88999938964844,2721600,-0.031636050371933844,-1.5016868218088464,99.48000008719308,,Monday
748,EMR,Emerson Electric,2025-04-22,99.79000091552734,100.11000061035156,97.61000061035156,97.6500015258789,2797700,0.03495128407570758,2.1914995967320094,99.48857116699219,,Tuesday
749,EMR,Emerson Electric,2025-04-23,101.06999969482422,106.79000091552734,100.79000091552734,103.30999755859376,3838100,0.012826924216389202,-2.1682295196058816,99.57142857142857,,Wednesday
750,EMR,Emerson Electric,2025-04-24,105.0500030517578,105.23999786376952,100.69000244140624,101.0500030517578,2762700,0.03937868179431092,3.9584362980683934,100.14428601946149,,Thursday
751,EMR,Emerson Electric,2025-04-25,105.27999877929688,105.97000122070312,104.5199966430664,104.62000274658205,2636100,0.0021893928687062303,0.6308507124717999,100.83571406773159,,Friday
752,EMR,Emerson Electric,2025-04-28,104.5,106.3000030517578,103.41999816894533,105.12000274658205,2676500,-0.007408803080744875,-0.5898047282939257,101.66857147216797,,Monday
753,EMR,Emerson Electric,2025-04-29,105.08999633789062,105.4000015258789,103.8000030517578,104.30999755859376,1635300,0.005645897970245173,0.7477699142488372,102.45714242117745,,Tuesday
754,EMR,Emerson Electric,2025-04-30,105.11000061035156,105.33000183105467,102.83999633789062,103.88999938964844,3842100,0.00019035372688214203,1.1743201731356305,103.69857134137835,,Wednesday
755,EMR,Emerson Electric,2025-05-01,105.80999755859376,107.0199966430664,104.5199966430664,105.63999938964844,2687200,0.006659660776115128,0.16092216009799093,104.5585708618164,,Thursday
756,FDX,FedEx,2025-04-02,245.1699981689453,245.72000122070312,240.3300018310547,240.5500030517578,990900,,1.9205965739245663,,,Wednesday
757,FDX,FedEx,2025-04-03,215.8600006103516,232.88999938964844,213.6699981689453,230.17999267578125,5066500,-0.11954969114286307,-6.221214927919476,,,Thursday
758,FDX,FedEx,2025-04-04,210.1199951171875,214.0,203.8999938964844,212.0,3618500,-0.026591334554498358,-0.886794756043632,,,Friday
759,FDX,FedEx,2025-04-07,205.22999572753903,215.7400054931641,199.6000061035156,203.7100067138672,3023800,-0.02327241339845465,0.7461533373796586,,,Monday
760,FDX,FedEx,2025-04-08,198.07000732421875,211.3500061035156,195.52999877929688,208.8000030517578,2407600,-0.0348876312058487,-5.1388867675827035,,,Tuesday
761,FDX,FedEx,2025-04-09,217.94000244140625,221.1999969482422,194.3000030517578,194.33999633789065,3529100,0.10031804100790742,12.143669109925922,,,Wednesday
762,FDX,FedEx,2025-04-10,206.3999938964844,213.4900054931641,201.38999938964844,212.4499969482422,2807500,-0.052950391922769735,-2.847730354748702,214.11285618373327,,Thursday
763,FDX,FedEx,2025-04-11,207.7700042724609,209.0,199.8500061035156,204.7899932861328,2198000,0.0066376473667126845,1.4551545895918956,208.76999991280692,,Friday
764,FDX,FedEx,2025-04-14,210.4499969482422,214.17999267578125,209.3000030517578,211.75999450683597,1507200,0.012898843050832554,-0.6186237214657131,207.9971422467913,,Monday
765,FDX,FedEx,2025-04-15,207.3500061035156,210.75,206.3300018310547,209.94000244140625,1081300,-0.014730296458445702,-1.2336840562881841,207.60142953055245,,Tuesday
766,FDX,FedEx,2025-04-16,203.55999755859372,207.0,201.02999877929688,205.5,1272400,-0.01827831412278702,-0.9440401174726415,207.36285836356026,,Wednesday
767,FDX,FedEx,2025-04-17,207.5500030517578,209.8500061035156,204.75,205.07000732421875,1107000,0.01960112763322064,1.2093410245107916,208.71714346749442,,Thursday
768,FDX,FedEx,2025-04-21,205.1199951171875,206.3000030517578,201.1000061035156,206.3000030517578,1182100,-0.011708060220863126,-0.5719863873556341,206.8857138497489,,Monday
769,FDX,FedEx,2025-04-22,206.57000732421875,209.1100006103516,204.1100006103516,206.8000030517578,1369500,0.007069092441245539,-0.1112165010372361,206.91000148228235,,Tuesday
770,FDX,FedEx,2025-04-23,211.0399932861328,218.4900054931641,210.1300048828125,212.1999969482422,1365800,0.021639085072491904,-0.5466558335494756,207.37714276994978,,Wednesday
771,FDX,FedEx,2025-04-24,215.69000244140625,216.00999450683597,208.88999938964844,210.0,1132800,0.022033781762724303,2.7095249720982144,208.12571498325892,,Thursday
772,FDX,FedEx,2025-04-25,211.55999755859372,213.6199951171875,208.02999877929688,213.17999267578125,1328900,-0.019147873503939872,-0.7599189290016197,208.72714233398438,,Friday
773,FDX,FedEx,2025-04-28,211.5,214.0500030517578,209.5500030517578,212.97999572753903,1360800,-0.00028359595049198827,-0.6948989375661189,209.8614283970424,,Monday
774,FDX,FedEx,2025-04-29,209.8500061035156,211.05999755859372,207.80999755859372,208.22000122070312,1647300,-0.007801389581486573,0.7828281977026527,210.19000026157923,,Tuesday
775,FDX,FedEx,2025-04-30,210.3300018310547,210.6100006103516,204.3300018310547,207.5,1278900,0.0022873276796679942,1.363856304122741,210.93428693498885,,Wednesday
776,FDX,FedEx,2025-05-01,210.05999755859372,211.88999938964844,207.83999633789065,210.32000732421875,1368400,-0.001283717349452762,-0.1236257876428325,211.43285696847096,,Thursday
777,GD,General Dynamics,2025-04-02,274.5167236328125,276.7343982926319,269.75314802340534,270.2305101419227,1350000,,1.5861323314820046,,,Wednesday
778,GD,General Dynamics,2025-04-03,268.13214111328125,277.5498836755451,267.5056128097446,272.41835465273505,1416700,-0.02325753577064804,-1.5733938136869092,,,Thursday
779,GD,General Dynamics,2025-04-04,248.63034057617188,264.2636077936243,248.3717808217506,263.4978375343887,3232200,-0.07273205090646029,-5.6423601412958355,,,Friday
780,GD,General Dynamics,2025-04-07,246.31320190429688,251.85247184627656,237.8800019626322,243.30987831874165,2328400,-0.009319613473179889,1.2343615500973608,,,Monday
781,GD,General Dynamics,2025-04-08,252.99612426757807,259.54975466232673,250.27125427363484,255.60166132005983,2277200,0.02713180743709298,-1.0193740678465928,,,Tuesday
782,GD,General Dynamics,2025-04-09,270.0216369628906,271.24486027406255,248.54084320084155,248.54084320084155,2676600,0.06729554748951716,8.642762085059323,,,Wednesday
783,GD,General Dynamics,2025-04-10,270.32000732421875,273.0945892551448,261.5785051896497,267.515561808816,2094300,0.0011049868621051395,1.0483298603043407,261.5614536830357,,Thursday
784,GD,General Dynamics,2025-04-11,276.6499938964844,277.7699890136719,267.2300109863281,270.32000732421875,1568500,0.02341664102085317,2.341664102085315,261.86620657784596,,Friday
785,GD,General Dynamics,2025-04-14,278.7799987792969,280.3900146484375,273.8900146484375,276.8299865722656,1244600,0.0076992768111519005,0.7044078682286123,263.3873291015625,,Monday
786,GD,General Dynamics,2025-04-15,277.1400146484375,280.92999267578125,276.32000732421875,277.9100036621094,1544800,-0.005882718050220337,-0.27706415872961837,267.4601396833147,,Tuesday
787,GD,General Dynamics,2025-04-16,276.6300048828125,280.7900085449219,275.2099914550781,277.5599975585937,1964500,-0.0018402602968465853,-0.33506005330788674,271.7911115373884,,Wednesday
788,GD,General Dynamics,2025-04-17,276.0799865722656,278.4100036621094,273.3500061035156,275.5400085449219,1722000,-0.00198828146201957,0.1959708247797765,275.08880615234375,,Thursday
789,GD,General Dynamics,2025-04-21,273.17999267578125,276.260009765625,270.6000061035156,275.010009765625,1423100,-0.010504180083786285,-0.6654365386203095,275.53999982561385,,Monday
790,GD,General Dynamics,2025-04-22,274.79998779296875,275.6700134277344,266.8900146484375,271.67999267578125,3048600,0.005930138226155401,1.1484081276867726,276.1799970354353,,Tuesday
791,GD,General Dynamics,2025-04-23,265.7300109863281,272.8800048828125,263.6000061035156,271.6300048828125,2245700,-0.03300573948159646,-2.1720700181961745,274.61999947684154,,Wednesday
792,GD,General Dynamics,2025-04-24,271.7099914550781,272.2699890136719,262.8399963378906,264.92999267578125,1835000,0.022503971028916547,2.559166182288078,273.60999843052457,,Thursday
793,GD,General Dynamics,2025-04-25,271.9700012207031,273.5199890136719,268.17999267578125,273.3299865722656,947600,0.0009569385514038853,-0.4975617086941662,272.87142508370533,,Friday
794,GD,General Dynamics,2025-04-28,271.94000244140625,275.1000061035156,269.6300048828125,272.92999267578125,1031000,-0.00011030179491200442,-0.3627268020891454,272.201424734933,,Monday
795,GD,General Dynamics,2025-04-29,272.0799865722656,273.3999938964844,270.9200134277344,272.0,1002000,0.0005147610855431584,0.02940682803883272,271.6299961635045,,Tuesday
796,GD,General Dynamics,2025-04-30,272.1199951171875,273.0299987792969,268.2900085449219,272.8500061035156,1388800,0.00014704699682588362,-0.2675502913682064,271.4785679408482,,Wednesday
797,GD,General Dynamics,2025-05-01,271.510009765625,273.2799987792969,269.239990234375,271.510009765625,1319900,-0.0022416043014399367,0.0,271.0085710797991,,Thursday
798,GE,GE Aerospace,2025-04-02,199.7700042724609,202.19000244140625,198.42999267578125,199.47999572753903,6026500,,0.14538226946725272,,,Wednesday
799,GE,GE Aerospace,2025-04-03,187.6300048828125,194.1499938964844,186.72000122070312,189.83999633789065,12750500,-0.06076988101322256,-1.1641337429993701,,,Thursday
800,GE,GE Aerospace,2025-04-04,166.80999755859375,183.16000366210935,165.4199981689453,179.67999267578125,18167100,-0.11096310175561863,-7.1627313233535235,,,Friday
801,GE,GE Aerospace,2025-04-07,167.6999969482422,175.33999633789062,159.36000061035156,163.2100067138672,18545500,0.005335407965195937,2.751050823891368,,,Monday
802,GE,GE Aerospace,2025-04-08,169.3699951171875,178.35000610351562,166.36000061035156,176.0,11903400,0.009958248058052899,-3.7670482288707388,,,Tuesday
803,GE,GE Aerospace,2025-04-09,187.2700042724609,189.1100006103516,165.6999969482422,165.80999755859375,12548600,0.10568583380361063,12.942528816022476,,,Wednesday
804,GE,GE Aerospace,2025-04-10,181.50999450683597,185.41000366210935,175.9600067138672,181.8999938964844,8150900,-0.03075778092707604,-0.21440319006848246,180.0085710797991,,Thursday
805,GE,GE Aerospace,2025-04-11,181.6699981689453,184.25,175.0500030517578,179.00999450683594,6491100,0.0008815143350320298,1.4859525969136858,177.422855922154,,Friday
806,GE,GE Aerospace,2025-04-14,186.0,187.6100006103516,183.8300018310547,185.3500061035156,5319100,0.023834435375663876,0.350684583264265,177.18999808175224,,Monday
807,GE,GE Aerospace,2025-04-15,185.6699981689453,188.44000244140625,182.2899932861328,183.8800048828125,4999300,-0.0017742033927671264,0.9734572757236888,179.88428388323103,,Tuesday
808,GE,GE Aerospace,2025-04-16,182.4499969482422,185.8800048828125,181.27999877929688,184.07000732421875,5128000,-0.01734260382645758,-0.880105563924434,181.9914267403739,,Wednesday
809,GE,GE Aerospace,2025-04-17,181.7899932861328,184.2400054931641,181.58999633789065,183.38999938964844,4928200,-0.0036174495650805882,-0.8724609350786323,183.76571219308036,,Thursday
810,GE,GE Aerospace,2025-04-21,178.35000610351562,180.7899932861328,176.02000427246094,179.2899932861328,8501600,-0.018922863246948585,-0.5242831266756988,182.4914267403739,,Monday
811,GE,GE Aerospace,2025-04-22,189.17999267578125,190.0,182.1000061035156,186.5,13041000,0.06072321952139337,1.4369933918398123,183.58714076450892,,Tuesday
812,GE,GE Aerospace,2025-04-23,193.67999267578125,197.02999877929688,192.57000732421875,195.94000244140625,7235700,0.023786870568877516,-1.1534192801190923,185.30285426548548,,Wednesday
813,GE,GE Aerospace,2025-04-24,197.41000366210935,197.6999969482422,194.0500030517578,194.3300018310547,5906300,0.019258628290905078,1.5849337734954227,186.93285478864397,,Thursday
814,GE,GE Aerospace,2025-04-25,198.42999267578125,199.9900054931641,197.25999450683597,198.6999969482422,4390600,0.005166855755789124,-0.13588539336076025,188.7557111467634,,Friday
815,GE,GE Aerospace,2025-04-28,200.8600006103516,201.47999572753903,198.6000061035156,199.5,3416900,0.01224617257604188,0.6817045665922761,191.38571166992188,,Monday
816,GE,GE Aerospace,2025-04-29,200.5,202.42999267578125,199.6499938964844,200.4900054931641,3444200,-0.0017922961727454556,0.004985039933199987,194.0585697719029,,Tuesday
817,GE,GE Aerospace,2025-04-30,201.5399932861328,202.02999877929688,196.8600006103516,198.6000061035156,4436300,0.005186998933330633,1.480356038400531,197.37142508370536,,Wednesday
818,GE,GE Aerospace,2025-05-01,203.6100006103516,205.2400054931641,200.8600006103516,202.25,4687600,0.010270950645909327,0.6724354068487471,199.43285478864397,,Thursday
819,GILD,Gilead Sciences,2025-04-02,111.88999938964844,112.0199966430664,110.47000122070312,111.12999725341795,7444300,,0.6838856789471468,,,Wednesday
820,GILD,Gilead Sciences,2025-04-03,112.38999938964844,114.75,112.27999877929688,113.0199966430664,10045200,0.004468674615492496,-0.5574210512566123,,,Thursday
821,GILD,Gilead Sciences,2025-04-04,107.25,112.87000274658205,107.12000274658205,110.51000213623048,12920000,-0.045733601010428115,-2.9499611557438365,,,Friday
822,GILD,Gilead Sciences,2025-04-07,105.5199966430664,109.0,103.31999969482422,104.75,14202800,-0.01613056743061625,0.7350803275096957,,,Monday
823,GILD,Gilead Sciences,2025-04-08,103.19000244140624,107.47000122070312,101.8000030517578,105.4000015258789,11293700,-0.02208106781448871,-2.0967732945715833,,,Tuesday
824,GILD,Gilead Sciences,2025-04-09,105.25,107.45999908447266,97.31999969482422,97.97000122070312,19225200,0.019963150594588752,7.430844838816291,,,Wednesday
825,GILD,Gilead Sciences,2025-04-10,101.4000015258789,105.0,99.25,104.81999969482422,14193700,-0.036579557948894004,-3.262734381704243,106.69857134137835,,Thursday
826,GILD,Gilead Sciences,2025-04-11,103.62999725341795,104.79000091552734,100.76000213623048,102.18000030517578,8683700,0.021992067987986363,1.4190614052765136,105.51857103620257,,Friday
827,GILD,Gilead Sciences,2025-04-14,106.5,107.18000030517578,103.9800033569336,103.9800033569336,6335100,0.027694710244599463,2.423539682352172,104.67714255196708,,Monday
828,GILD,Gilead Sciences,2025-04-15,105.68000030517578,106.5,104.87000274658205,106.4000015258789,7577300,-0.007699527650931626,-0.6766928668962512,104.4528568812779,,Tuesday
829,GILD,Gilead Sciences,2025-04-16,104.87999725341795,106.4000015258789,104.3499984741211,105.93000030517578,7115800,-0.007570051565552904,-0.9912234954525183,104.36142839704242,,Wednesday
830,GILD,Gilead Sciences,2025-04-17,104.54000091552734,105.75,103.5199966430664,104.73999786376952,8066400,-0.0032417653203126173,-0.1909461068562366,104.55428532191685,,Thursday
831,GILD,Gilead Sciences,2025-04-21,104.33000183105467,105.2300033569336,103.08999633789062,104.0999984741211,6721000,-0.0020087916838872344,0.22094463045622195,104.42285701206752,,Monday
832,GILD,Gilead Sciences,2025-04-22,105.51000213623048,106.44000244140624,104.77999877929688,104.9000015258789,7540700,0.011310268230289466,0.581506769760236,105.00999995640346,,Tuesday
833,GILD,Gilead Sciences,2025-04-23,106.37999725341795,106.63999938964844,99.31999969482422,105.9499969482422,8178700,0.008245617472968814,0.40585211662234677,105.4028570992606,,Wednesday
834,GILD,Gilead Sciences,2025-04-24,106.1500015258789,107.55999755859376,105.73999786376952,106.11000061035156,10133200,-0.002162020431257905,0.03769759240152286,105.3528573172433,,Thursday
835,GILD,Gilead Sciences,2025-04-25,103.16999816894533,104.1999969482422,93.37000274658205,102.68000030517578,14208000,-0.028073512144105472,0.4772086699583368,104.9942855834961,,Friday
836,GILD,Gilead Sciences,2025-04-28,106.33999633789062,106.54000091552734,103.13999938964844,103.86000061035156,9458900,0.030725969033694067,2.3878256431397378,105.2028568812779,,Monday
837,GILD,Gilead Sciences,2025-04-29,104.20999908447266,107.16999816894533,104.11000061035156,105.68000030517578,7646100,-0.020030067018716013,-1.3909928240519982,105.1557137625558,,Tuesday
838,GILD,Gilead Sciences,2025-04-30,106.54000091552734,106.80999755859376,103.8000030517578,105.33000183105467,9628500,0.022358716548553037,1.1487696415437865,105.47142791748047,,Wednesday
839,GILD,Gilead Sciences,2025-05-01,103.25,105.86000061035156,103.16000366210938,105.51000213623048,7270900,-0.030880428827252393,-2.1419790450884975,105.14857046944755,,Thursday
840,GM,General Motors,2025-04-02,47.97999954223633,48.27000045776367,46.869998931884766,46.869998931884766,12305600,,2.3682539698042326,,,Wednesday
841,GM,General Motors,2025-04-03,45.900001525878906,47.77999877929688,45.84999847412109,46.95000076293945,18871200,-0.04335135548566271,-2.2364200638935374,,,Thursday
842,GM,General Motors,2025-04-04,44.18000030517578,44.72999954223633,42.72999954223633,44.459999084472656,26717400,-0.037472792233642305,-0.6297768444953986,,,Friday
843,GM,General Motors,2025-04-07,43.52999877929688,45.34999847412109,41.59999847412109,41.75,25522100,-0.014712574046830684,4.263470130052412,,,Monday
844,GM,General Motors,2025-04-08,42.47999954223633,45.400001525878906,41.93999862670898,44.93999862670898,16415600,-0.024121278807844537,-5.473963417103021,,,Tuesday
845,GM,General Motors,2025-04-09,45.7400016784668,46.29999923706055,41.63999938964844,41.86000061035156,23918100,0.07674204734840373,9.268994294175306,,,Wednesday
846,GM,General Motors,2025-04-10,43.72999954223633,44.459999084472656,42.619998931884766,44.15999984741211,17437900,-0.04394407657349797,-0.973732578490895,44.79142870221819,,Thursday
847,GM,General Motors,2025-04-11,43.630001068115234,43.93999862670898,42.75,43.5,10735600,-0.0022867247923136214,0.2988530301499641,44.17000034877232,,Friday
848,GM,General Motors,2025-04-14,45.13999938964844,45.869998931884766,43.11000061035156,43.869998931884766,22020900,0.0346091745259367,2.894917913573584,44.061428615025115,,Monday
849,GM,General Motors,2025-04-15,44.540000915527344,44.869998931884766,44.130001068115234,44.20000076293945,9799300,-0.013291946881565209,0.7692311011744866,44.11285727364676,,Tuesday
850,GM,General Motors,2025-04-16,44.220001220703125,45.060001373291016,43.88999938964844,44.36000061035156,9877000,-0.0071845462111937985,-0.3155982590671294,44.21142905099051,,Wednesday
851,GM,General Motors,2025-04-17,44.56999969482422,45.27999877929688,43.93000030517578,44.27000045776367,11707500,0.00791493587651071,0.6776580843877894,44.51000050136021,,Thursday
852,GM,General Motors,2025-04-21,44.38999938964844,44.68999862670898,43.77000045776367,44.470001220703125,6424600,-0.004038597855244852,-0.17990067204550117,44.31714303152902,,Monday
853,GM,General Motors,2025-04-22,45.15999984741211,45.650001525878906,44.7400016784668,45.09999847412109,8438500,0.017346259706037204,0.1330407435056838,44.521428789411274,,Tuesday
854,GM,General Motors,2025-04-23,45.84000015258789,47.41999816894531,45.68000030517578,46.5,9032800,0.015057579882050254,-1.4193545105636762,44.83714294433594,,Wednesday
855,GM,General Motors,2025-04-24,46.880001068115234,47.06999969482422,45.84000015258789,46.209999084472656,7509200,0.022687628971760132,1.4499069398763744,45.085714612688335,,Thursday
856,GM,General Motors,2025-04-25,47.11000061035156,47.560001373291016,46.540000915527344,46.540000915527344,8108100,0.004906133468344898,1.2247522209094914,45.45285742623465,,Friday
857,GM,General Motors,2025-04-28,47.2400016784668,47.810001373291016,46.650001525878906,47.20000076293945,15269800,0.0027595216818288026,0.08474770101858073,45.884286063058035,,Monday
858,GM,General Motors,2025-04-29,46.93999862670898,47.459999084472656,45.34000015258789,45.90999984741211,24183100,-0.006350614756530981,2.243517278850367,46.222857339041575,,Tuesday
859,GM,General Motors,2025-04-30,45.2400016784668,46.540000915527344,44.720001220703125,46.209999084472656,17948600,-0.036216382573025396,-2.099107174256134,46.344286237444194,,Wednesday
860,GM,General Motors,2025-05-01,45.04999923706055,46.540000915527344,44.720001220703125,46.5,15875500,-0.0041998769751745435,-3.1182812106224795,46.32857186453683,,Thursday
861,GOOG,Alphabet Inc.,2025-04-02,158.86000061035156,160.27499389648438,156.52999877929688,156.9600067138672,17113300,,1.2104955499575123,,,Wednesday
862,GOOG,Alphabet Inc.,2025-04-03,152.6300048828125,154.68699645996094,152.17999267578125,152.8350067138672,28416100,-0.03921689351380442,-0.13413277197578521,,,Thursday
863,GOOG,Alphabet Inc.,2025-04-04,147.74000549316406,153.08999633789062,147.5399932861328,149.89999389648438,39832200,-0.03203825744094635,-1.440952962821282,,,Friday
864,GOOG,Alphabet Inc.,2025-04-07,149.24000549316406,154.92999267578125,142.66000366210938,143.38999938964844,47823000,0.010152971058806415,4.079786685554549,,,Monday
865,GOOG,Alphabet Inc.,2025-04-08,146.5800018310547,154.44000244140625,145.2100067138672,153.5749969482422,35304400,-0.01782366365720356,-4.554774706943313,,,Tuesday
866,GOOG,Alphabet Inc.,2025-04-09,161.05999755859375,161.8699951171875,145.80999755859375,146.3300018310547,46479500,0.09878561568192934,10.06628548022953,,,Wednesday
867,GOOG,Alphabet Inc.,2025-04-10,155.3699951171875,160.02999877929688,152.1999969482422,158.75999450683594,35270500,-0.03532846471909468,-2.1352982533030196,153.06857299804688,,Thursday
868,GOOG,Alphabet Inc.,2025-04-11,159.39999389648438,159.86000061035156,155.5850067138672,155.5850067138672,22582000,0.025938076243468,2.452027520642296,153.14571489606584,,Friday
869,GOOG,Alphabet Inc.,2025-04-14,161.47000122070312,164.02999877929688,159.9199981689453,162.30999755859375,18255900,0.012986244689338067,-0.5175259383436237,154.40857151576452,,Monday
870,GOOG,Alphabet Inc.,2025-04-15,158.67999267578125,162.0500030517578,157.64500427246094,161.57000732421875,15690800,-0.017278804259797997,-1.7887073822050248,155.97142682756697,,Tuesday
871,GOOG,Alphabet Inc.,2025-04-16,155.5,158.17999267578125,153.91000366210938,155.47000122070312,16921500,-0.020040287512986477,0.01929554194464123,156.86571175711495,,Wednesday
872,GOOG,Alphabet Inc.,2025-04-17,153.36000061035156,157.07000732421875,150.89999389648438,156.61000061035156,19513400,-0.013762053952723119,-2.0752186880364407,157.83428301130022,,Thursday
873,GOOG,Alphabet Inc.,2025-04-21,149.86000061035156,151.05999755859375,148.39999389648438,150.96499633789062,16147800,-0.022822117801711506,-0.7319549262041217,156.23428344726562,,Monday
874,GOOG,Alphabet Inc.,2025-04-22,153.89999389648438,154.61000061035156,150.8699951171875,151.07000732421875,15910300,0.02695844968422989,1.8732947872254033,156.02428327287947,,Tuesday
875,GOOG,Alphabet Inc.,2025-04-23,157.72000122070312,160.02000427246094,156.35000610351562,157.91000366210938,18575700,0.024821361115765495,-0.1203232455195245,155.78428431919642,,Wednesday
876,GOOG,Alphabet Inc.,2025-04-24,161.47000122070312,161.7100067138672,158.08999633789062,158.52499389648438,30787500,0.023776312268426247,1.8577558351093946,155.78428431919642,,Thursday
877,GOOG,Alphabet Inc.,2025-04-25,163.85000610351562,168.24000549316406,163.0,167.10000610351562,35148100,0.014739610236079947,-1.9449430767744438,156.52285766601562,,Friday
878,GOOG,Alphabet Inc.,2025-04-28,162.4199981689453,164.9499969482422,160.3800048828125,164.25999450683594,20871200,-0.008727542760461504,-1.1201731397927512,157.5114288330078,,Monday
879,GOOG,Alphabet Inc.,2025-04-29,162.05999755859375,162.67999267578125,159.38999938964844,162.0449981689453,15955200,-0.002216479586319764,0.009256311406045003,158.75428553989954,,Tuesday
880,GOOG,Alphabet Inc.,2025-04-30,160.88999938964844,161.37399291992188,157.15499877929688,159.86000061035156,20639500,-0.0072195371255777685,0.6443130084851123,160.32999965122767,,Wednesday
881,GOOG,Alphabet Inc.,2025-05-01,162.7899932861328,163.94000244140625,160.92999267578125,162.52000427246094,21904300,0.011809272818025907,0.16612663461369642,161.5999995640346,,Thursday
882,GOOGL,Alphabet Inc.,2025-04-02,157.0399932861328,158.41000366210938,154.6999969482422,155.14999389648438,25041700,,1.2181756132774582,,,Wednesday
883,GOOGL,Alphabet Inc.,2025-04-03,150.72000122070312,152.77999877929688,150.38999938964844,151.11000061035156,46883400,-0.04024447488299632,-0.2580897280611361,,,Thursday
884,GOOGL,Alphabet Inc.,2025-04-04,145.60000610351562,151.07000732421875,145.3800048828125,148.00999450683594,62259500,-0.03397024333678289,-1.6282605856113357,,,Friday
885,GOOGL,Alphabet Inc.,2025-04-07,146.75,152.85000610351562,140.52999877929688,141.5500030517578,76794100,0.007898309397506242,3.673611328952643,,,Monday
886,GOOGL,Alphabet Inc.,2025-04-08,144.6999969482422,152.24000549316406,143.02999877929688,151.22000122070312,52200200,-0.013969356400393984,-4.311601785365084,,,Tuesday
887,GOOGL,Alphabet Inc.,2025-04-09,158.7100067138672,159.5500030517578,143.91000366210938,144.4199981689453,70406200,0.09682107851485466,9.894757461639866,,,Wednesday
888,GOOGL,Alphabet Inc.,2025-04-10,152.82000732421875,157.72000122070312,149.92999267578125,156.5399932861328,48022000,-0.037111707771944835,-2.3763805554242348,150.9057159423828,,Thursday
889,GOOGL,Alphabet Inc.,2025-04-11,157.13999938964844,157.6699981689453,152.82000732421875,152.89999389648438,33636200,0.028268497960901806,2.7730579871929955,150.92000252859933,,Friday
890,GOOGL,Alphabet Inc.,2025-04-14,159.07000732421875,161.72000122070312,157.55999755859375,160.0,30333000,0.012282092033006897,-0.5812454223632812,152.11286054338728,,Monday
891,GOOGL,Alphabet Inc.,2025-04-15,156.30999755859375,159.64999389648438,155.2100067138672,159.1300048828125,27551500,-0.017350912419331843,-1.772140537729184,153.64285932268416,,Tuesday
892,GOOGL,Alphabet Inc.,2025-04-16,153.3300018310547,155.88999938964844,151.50999450683594,153.10000610351562,28187400,-0.01906465212771813,0.15022581212933156,154.5828595842634,,Wednesday
893,GOOGL,Alphabet Inc.,2025-04-17,151.16000366210938,154.67999267578125,148.5,154.2899932861328,32938500,-0.014152469464758122,-2.028640715680654,155.50571768624442,,Thursday
894,GOOGL,Alphabet Inc.,2025-04-21,147.6699981689453,148.9499969482422,146.10000610351562,148.8800048828125,26049100,-0.023088154330594857,-0.8127395715896278,153.92857360839844,,Monday
895,GOOGL,Alphabet Inc.,2025-04-22,151.47000122070312,152.19000244140625,148.5399932861328,148.88999938964844,26971800,0.025733074415090984,1.7328241262885395,153.73571559361048,,Tuesday
896,GOOGL,Alphabet Inc.,2025-04-23,155.35000610351562,157.52999877929688,153.80999755859375,155.61000061035156,31128800,0.025615665488501804,-0.16708084687112457,153.4800022670201,,Wednesday
897,GOOGL,Alphabet Inc.,2025-04-24,159.27999877929688,159.58999633789062,155.7899932861328,156.14999389648438,45894000,0.025297666696984633,2.0044860743878457,153.51000104631697,,Thursday
898,GOOGL,Alphabet Inc.,2025-04-25,161.9600067138672,166.10000610351562,161.0399932861328,165.07000732421875,56034000,0.016825765664927106,-1.8840494774093763,154.31714521135603,,Friday
899,GOOGL,Alphabet Inc.,2025-04-28,160.61000061035156,163.14999389648438,158.60000610351562,162.42999267578125,29745800,-0.00833542879447191,-1.1204778350649112,155.35714503696985,,Monday
900,GOOGL,Alphabet Inc.,2025-04-29,160.16000366210938,160.74000549316406,157.52000427246094,160.32000732421875,26809000,-0.002801799056921128,-0.09980267889197136,156.64285932268416,,Tuesday
901,GOOGL,Alphabet Inc.,2025-04-30,158.8000030517578,159.27000427246094,155.39999389648438,157.97999572753906,34981100,-0.008491512108233734,0.5190576948951052,158.2328600202288,,Wednesday
902,GOOGL,Alphabet Inc.,2025-05-01,161.3000030517578,161.9499969482422,158.91000366210938,160.4499969482422,30203200,0.0157430727453145,0.5297638639343939,159.63714599609375,,Thursday
903,GS,Goldman Sachs,2025-04-02,563.0999755859375,567.3200073242188,539.0800170898438,539.7999877929688,2560700,,4.316411322688853,,,Wednesday
904,GS,Goldman Sachs,2025-04-03,511.2300109863281,529.989990234375,509.55999755859375,525.4299926757812,5193900,-0.09211501837775027,-2.702544941741703,,,Thursday
905,GS,Goldman Sachs,2025-04-04,470.80999755859375,492.0,460.0,487.0,8105200,-0.0790642422375617,-3.324435819590606,,,Friday
906,GS,Goldman Sachs,2025-04-07,465.510009765625,489.9800109863281,439.3800048828125,446.8999938964844,6353800,-0.01125716917748576,4.164246167667496,,,Monday
907,GS,Goldman Sachs,2025-04-08,462.2200012207031,491.9200134277344,452.8299865722656,488.25,4240900,-0.007067535554344695,-5.331284952236944,,,Tuesday
908,GS,Goldman Sachs,2025-04-09,516.8699951171875,522.0,447.1099853515625,451.3599853515625,7024100,0.11823372799133769,14.513916140483635,,,Wednesday
909,GS,Goldman Sachs,2025-04-10,489.7999877929688,503.1000061035156,474.0,503.1000061035156,5374500,-0.05237295176726453,-2.643613227826172,497.077139718192,,Thursday
910,GS,Goldman Sachs,2025-04-11,494.4400024414063,498.5199890136719,478.5799865722656,487.0,3770200,0.00947328453262175,1.5277212405351759,487.26857212611606,,Friday
911,GS,Goldman Sachs,2025-04-14,503.9800109863281,512.0,497.1499938964844,510.0,4392600,0.01929457264342682,-1.1803900026807599,486.2328578404018,,Monday
912,GS,Goldman Sachs,2025-04-15,507.8900146484375,518.6500244140625,507.0,507.4100036621094,2501200,0.007758251472032018,0.09460022129318725,491.5300031389509,,Tuesday
913,GS,Goldman Sachs,2025-04-16,499.0499877929688,509.4500122070313,492.6900024414063,501.7200012207031,2765600,-0.01740539605132374,-0.5321720125245312,496.32142857142856,,Wednesday
914,GS,Goldman Sachs,2025-04-17,509.489990234375,514.8300170898438,499.1199951171875,503.239990234375,2588000,0.020919752924104307,1.241952174168268,503.0742841448103,,Thursday
915,GS,Goldman Sachs,2025-04-21,501.3599853515625,509.2699890136719,494.6799926757813,505.3999938964844,2859300,-0.015957143493776083,-0.7993685385262086,500.8585684640067,,Monday
916,GS,Goldman Sachs,2025-04-22,519.989990234375,521.0,508.9299926757813,510.2300109863281,2514600,0.03715893854143304,1.9128587182043275,505.17142595563615,,Tuesday
917,GS,Goldman Sachs,2025-04-23,529.3099975585938,551.7899780273438,528.260009765625,533.6300048828125,3048100,0.017923436026177963,-0.8095510531060642,510.1528538295201,,Wednesday
918,GS,Goldman Sachs,2025-04-24,545.3699951171875,546.8400268554688,523.4199829101562,527.0999755859375,2223600,0.030341383372068043,3.4661393241273806,516.0657087053571,,Thursday
919,GS,Goldman Sachs,2025-04-25,544.8599853515625,549.0900268554688,541.219970703125,544.5999755859375,1612700,-0.0009351628622609187,0.04774325693739783,521.3471330915179,,Friday
920,GS,Goldman Sachs,2025-04-28,546.4000244140625,554.5,542.469970703125,544.8599853515625,1459700,0.0028264858934470283,0.28264858934471276,528.1114240373884,,Monday
921,GS,Goldman Sachs,2025-04-29,548.9199829101562,550.8800048828125,541.2999877929688,543.7899780273438,1695600,0.004611929691613836,0.9433798139167884,533.7442801339286,,Tuesday
922,GS,Goldman Sachs,2025-04-30,547.5499877929688,549.52001953125,531.4500122070312,535.760009765625,2438300,-0.0024958011364868415,2.200608073100011,540.3428519112723,,Wednesday
923,GS,Goldman Sachs,2025-05-01,553.8300170898438,558.3499755859375,545.5,548.0999755859375,2583000,0.011469325973667122,1.0454372850100278,545.1771414620536,,Thursday
924,HD,Home Depot,2025-04-02,370.8900146484375,372.30999755859375,362.260009765625,362.55999755859375,3189500,,2.2975554793513937,,,Wednesday
925,HD,Home Depot,2025-04-03,355.9100036621094,360.0400085449219,351.7099914550781,355.7799987792969,5407100,-0.04038936179106223,0.03654080703202956,,,Thursday
926,HD,Home Depot,2025-04-04,353.8999938964844,365.4400024414063,349.0400085449219,350.7099914550781,7531100,-0.005647522533626881,0.9095841347921371,,,Friday
927,HD,Home Depot,2025-04-07,341.510009765625,354.2200012207031,333.5,344.29998779296875,6950500,-0.03500984556242581,-0.8103334668200435,,,Monday
928,HD,Home Depot,2025-04-08,335.239990234375,354.0,329.739990234375,350.3800048828125,4868000,-0.018359694743802835,-4.321027009946302,,,Tuesday
929,HD,Home Depot,2025-04-09,355.3900146484375,356.0400085449219,326.3099975585937,328.6000061035156,6793000,0.06010626715498679,8.152771773376804,,,Wednesday
930,HD,Home Depot,2025-04-10,353.6199951171875,355.2900085449219,339.6600036621094,352.8500061035156,5574800,-0.004980498771190778,0.2182199235802148,352.3514317103795,,Thursday
931,HD,Home Depot,2025-04-11,353.8599853515625,354.4700012207031,344.20001220703125,350.3099975585937,3576400,0.0006786670371834447,1.013384664357182,349.9185703822545,,Friday
932,HD,Home Depot,2025-04-14,357.20001220703125,359.0199890136719,353.6000061035156,357.79998779296875,2841800,0.00943883737560891,-0.16768463007457104,350.1028573172433,,Monday
933,HD,Home Depot,2025-04-15,354.1099853515625,361.4400024414063,353.32000732421875,356.5599975585937,2883100,-0.008650690789108295,-0.6871248103563781,350.1328560965402,,Tuesday
934,HD,Home Depot,2025-04-16,345.989990234375,353.79998779296875,344.32000732421875,351.8399963378906,2637200,-0.02293071489956977,-1.6626893373138718,350.7728533063616,,Wednesday
935,HD,Home Depot,2025-04-17,355.0599975585937,357.5,348.3699951171875,348.54998779296875,3231700,0.026214652389436655,1.8677406379631691,353.60428292410717,,Thursday
936,HD,Home Depot,2025-04-21,346.8999938964844,354.3599853515625,341.79998779296875,354.2900085449219,4015200,-0.02298204167807638,-2.0858659488559894,352.3914228166853,,Monday
937,HD,Home Depot,2025-04-22,354.42999267578125,356.2200012207031,350.4200134277344,351.1600036621094,2802400,0.02170654053555232,0.9311963149477296,352.5071367536272,,Tuesday
938,HD,Home Depot,2025-04-23,356.4200134277344,364.8399963378906,354.8500061035156,361.9200134277344,3283300,0.005614707539080888,-1.5196727994977821,352.8728550502232,,Wednesday
939,HD,Home Depot,2025-04-24,359.6400146484375,360.3999938964844,354.6099853515625,356.5,2749500,0.009034288478180441,0.8807895227033661,353.221426827567,,Thursday
940,HD,Home Depot,2025-04-25,357.5799865722656,359.0,354.739990234375,357.70001220703125,2811300,-0.005728028006521058,-0.033554831051041734,353.7171412876674,,Friday
941,HD,Home Depot,2025-04-28,356.9200134277344,360.1000061035156,354.510009765625,357.989990234375,2413000,-0.001845665779166561,-0.29888455985602125,355.278573172433,,Monday
942,HD,Home Depot,2025-04-29,359.0,360.5799865722656,354.7300109863281,355.8900146484375,2836900,0.005827598604769113,0.8738613682754401,355.8414306640625,,Tuesday
943,HD,Home Depot,2025-04-30,360.489990234375,361.2699890136719,352.3800048828125,356.5,3741500,0.004150390625,1.1192118469495091,357.7828587123326,,Wednesday
944,HD,Home Depot,2025-05-01,358.29998779296875,362.8800048828125,357.7200012207031,360.30999755859375,3210100,-0.006075071432586565,-0.5578556740708066,358.3357151576451,,Thursday
945,HON,Honeywell,2025-04-02,215.9900054931641,216.41000366210935,212.3300018310547,212.4900054931641,3423900,,1.6471362932467883,,,Wednesday
946,HON,Honeywell,2025-04-03,206.67999267578125,216.2899932861328,206.3300018310547,213.58999633789065,6510700,-0.043103905646585505,-3.2351719558897596,,,Thursday
947,HON,Honeywell,2025-04-04,190.9900054931641,204.6300048828125,190.7100067138672,203.25,8445300,-0.07591439780641962,-6.031977617139439,,,Friday
948,HON,Honeywell,2025-04-07,187.4600067138672,196.22999572753903,183.38999938964844,190.80999755859372,9352200,-0.01848263614727863,-1.75566840710106,,,Monday
949,HON,Honeywell,2025-04-08,182.8600006103516,191.1699981689453,180.8300018310547,188.2400054931641,6952000,-0.02453859990806939,-2.858056059187628,,,Tuesday
950,HON,Honeywell,2025-04-09,199.1000061035156,199.77999877929688,179.36000061035156,180.5,9141300,0.08881114207020668,10.304712522723323,,,Wednesday
951,HON,Honeywell,2025-04-10,193.38999938964844,199.5500030517578,188.8000030517578,196.9900054931641,5821300,-0.028679088592787005,-1.8275069816374925,196.6385737827846,,Thursday
952,HON,Honeywell,2025-04-11,198.5500030517578,199.41000366210935,191.6000061035156,192.77999877929688,5102900,0.02668185365528042,2.9930513066693685,194.1471448625837,,Friday
953,HON,Honeywell,2025-04-14,200.25,201.3600006103516,198.1999969482422,199.0200042724609,4492100,0.008562059542245537,0.6180261788434147,193.22857448032923,,Monday
954,HON,Honeywell,2025-04-15,198.80999755859372,202.3600006103516,198.38999938964844,200.8300018310547,3019500,-0.00719102342774669,-1.0058279410664275,194.34571620396204,,Tuesday
955,HON,Honeywell,2025-04-16,193.27999877929688,198.58999633789065,192.50999450683597,197.5,4128900,-0.027815496439845933,-2.1367094788370253,195.17714364188058,,Wednesday
956,HON,Honeywell,2025-04-17,196.6000061035156,198.3300018310547,194.97999572753903,195.25,3215600,0.017177190320710745,0.691424380801842,197.14000156947546,,Thursday
957,HON,Honeywell,2025-04-21,194.22999572753903,195.8000030517578,192.1199951171875,194.97999572753903,4948500,-0.01205498627873225,-0.38465484482215,196.4442858014788,,Monday
958,HON,Honeywell,2025-04-22,198.3699951171875,199.6499938964844,195.41000366210935,195.8600006103516,4346700,0.021314933227182697,1.2815248131390289,197.1557137625558,,Tuesday
959,HON,Honeywell,2025-04-23,197.30999755859372,201.27999877929688,196.82000732421875,199.6300048828125,4157700,-0.0053435377561389386,-1.162153617929668,196.97857012067522,,Wednesday
960,HON,Honeywell,2025-04-24,200.7400054931641,201.6000061035156,196.2400054931641,197.3300018310547,3239700,0.01738385270392495,1.7280715707026137,197.04857090541296,,Thursday
961,HON,Honeywell,2025-04-25,199.16000366210935,200.5800018310547,197.7899932861328,199.1999969482422,3639000,-0.007870886658457033,-0.020076951177480346,197.09857177734375,,Friday
962,HON,Honeywell,2025-04-28,200.66000366210935,201.72000122070312,197.9900054931641,199.57000732421875,5690600,0.007531632719513626,0.5461724196461061,198.1528581891741,,Monday
963,HON,Honeywell,2025-04-29,211.4900054931641,212.42999267578125,206.8600006103516,207.4499969482422,8744600,0.053971900894068225,1.947461366282819,200.2800009591239,,Tuesday
964,HON,Honeywell,2025-04-30,210.5,211.66000366210935,205.7899932861328,211.1199951171875,5032000,-0.004681098243179638,-0.2936695393742104,202.60428728376115,,Wednesday
965,HON,Honeywell,2025-05-01,210.7400054931641,211.52999877929688,209.7700042724609,210.3999938964844,3591600,0.0011401686136061073,0.16160247459273752,204.3714316231864,,Thursday
966,IBM,IBM,2025-04-02,249.97999572753903,252.7899932861328,247.22999572753903,248.22000122070312,4080800,,0.709046208275143,,,Wednesday
967,IBM,IBM,2025-04-03,243.4900054931641,250.6100006103516,242.52999877929688,242.7100067138672,5309600,-0.02596203834425448,0.3213706718802288,,,Thursday
968,IBM,IBM,2025-04-04,227.47999572753903,240.16000366210935,226.8800048828125,238.0,7407100,-0.06575222557163451,-4.420169862378557,,,Friday
969,IBM,IBM,2025-04-07,225.77999877929688,232.2899932861328,214.5,219.2400054931641,7797900,-0.007473171180635618,2.9830291562990774,,,Monday
970,IBM,IBM,2025-04-08,221.02999877929688,233.0500030517578,217.27999877929688,232.55999755859372,6850000,-0.02103817887182824,-4.957859864266576,,,Tuesday
971,IBM,IBM,2025-04-09,235.30999755859372,236.3000030517578,215.16000366210935,217.1199951171875,7302800,0.06460660932073625,8.377856876603383,,,Wednesday
972,IBM,IBM,2025-04-10,229.5500030517578,232.57000732421875,222.0200042724609,231.0,5656100,-0.0244783246211272,-0.6277043065983496,233.23142787388392,,Thursday
973,IBM,IBM,2025-04-11,235.47999572753903,237.5800018310547,227.50999450683597,229.72000122070312,4325900,0.02583311956848089,2.5073979088577505,231.15999930245536,,Friday
974,IBM,IBM,2025-04-14,239.05999755859372,241.7700042724609,236.72999572753903,239.7700042724609,3321500,0.015202997689862885,-0.29611990708411406,230.52714102608817,,Monday
975,IBM,IBM,2025-04-15,240.6999969482422,241.52999877929688,238.2700042724609,239.5500030517578,3363700,0.006860199976562287,0.4800642378768429,232.41571262904577,,Tuesday
976,IBM,IBM,2025-04-16,238.57000732421875,243.3000030517578,235.88999938964844,240.27999877929688,4869900,-0.008849146867589863,-0.7116661660418913,234.24285670689173,,Wednesday
977,IBM,IBM,2025-04-17,238.80999755859372,241.77999877929688,237.3999938964844,239.67999267578125,4626900,0.0010059530829824581,-0.36298195250881204,236.78285653250555,,Thursday
978,IBM,IBM,2025-04-21,236.22000122070312,240.80999755859372,232.92999267578125,238.07000732421875,4908900,-0.010845426759217291,-0.7770849105726158,236.91285705566403,,Monday
979,IBM,IBM,2025-04-22,240.8999938964844,242.63999938964844,238.0200042724609,238.5,4232700,0.01981200851577647,1.0062867490500644,238.53428431919642,,Tuesday
980,IBM,IBM,2025-04-23,245.47999572753903,249.33999633789065,243.66000366210935,246.0,7948300,0.019012046272706362,-0.21138385059388856,239.96285574776783,,Wednesday
981,IBM,IBM,2025-04-24,229.3300018310547,232.77999877929688,224.44000244140625,231.17999267578125,15428100,-0.06578944996564773,-0.8002383006046224,238.57285635811942,,Thursday
982,IBM,IBM,2025-04-25,232.41000366210935,233.3600006103516,226.32000732421875,228.9499969482422,6700100,0.013430435644977923,1.5112499497649474,237.3885716029576,,Friday
983,IBM,IBM,2025-04-28,236.16000366210935,236.6300048828125,232.07000732421875,232.8600006103516,3653500,0.01613527791795044,1.4171618324779205,237.0442853655134,,Monday
984,IBM,IBM,2025-04-29,239.38999938964844,239.97999572753903,236.13999938964844,237.0,3426500,0.013677149718207549,1.0084385610330961,237.12714276994978,,Tuesday
985,IBM,IBM,2025-04-30,241.82000732421875,242.47000122070312,234.33999633789065,236.72999572753903,5143000,0.010150833120706304,2.150133776261286,237.92714364188058,,Wednesday
986,IBM,IBM,2025-05-01,239.66000366210935,242.3699951171875,237.9499969482422,241.44000244140625,4243300,-0.008932278540598082,-0.7372426943745088,237.75000217982702,,Thursday
987,INTC,Intel,2025-04-02,21.979999542236328,22.3799991607666,21.700000762939453,21.88999938964844,58878800,,0.4111473508329435,,,Wednesday
988,INTC,Intel,2025-04-03,22.43000030517578,23.899999618530277,20.86000061035156,21.399999618530277,242972100,0.020473192552836084,4.813087406569979,,,Thursday
989,INTC,Intel,2025-04-04,19.850000381469727,22.200000762939453,19.700000762939453,21.700000762939453,175014700,-0.1150245157647507,-8.525347080306405,,,Friday
990,INTC,Intel,2025-04-07,19.56999969482422,20.670000076293945,18.559999465942383,19.13999938964844,142491200,-0.014105827771514479,2.2466056368232508,,,Monday
991,INTC,Intel,2025-04-08,18.1299991607666,20.38999938964844,17.670000076293945,20.059999465942383,163982700,-0.07358204172269156,-9.621138367687953,,,Tuesday
992,INTC,Intel,2025-04-09,21.530000686645508,21.729999542236328,17.979999542236328,18.06999969482422,224183500,0.18753456609289443,19.147764528254726,,,Wednesday
993,INTC,Intel,2025-04-10,19.8799991607666,20.81999969482422,19.15999984741211,20.68000030517578,129064900,-0.076637318776416,-3.8684774303845426,20.481428418840682,,Thursday
994,INTC,Intel,2025-04-11,19.739999771118164,19.799999237060547,18.18000030517578,19.25,128425800,-0.007042223116625057,2.545453356457995,20.161428451538086,,Friday
995,INTC,Intel,2025-04-14,20.309999465942383,21.049999237060547,19.979999542236328,20.59000015258789,101964400,0.028875364814248572,-1.3598867633340714,19.858571188790457,,Monday
996,INTC,Intel,2025-04-15,19.850000381469727,20.46999931335449,19.809999465942383,20.200000762939453,64056900,-0.02264889692606953,-1.7326750903488353,19.858571188790457,,Tuesday
997,INTC,Intel,2025-04-16,19.229999542236328,19.43000030517578,18.71999931335449,19.34000015258789,89469700,-0.031234298605463895,-0.568772541280685,19.80999973842076,,Wednesday
998,INTC,Intel,2025-04-17,18.93000030517578,19.100000381469727,18.559999465942383,18.90999984741211,85433400,-0.015600584721889077,0.10576656755715942,19.924285616193497,,Thursday
999,INTC,Intel,2025-04-21,18.84000015258789,18.989999771118164,18.25,18.93000030517578,72409900,-0.0047543661456403985,-0.47543661456404235,19.53999982561384,,Monday
1000,INTC,Intel,2025-04-22,19.51000022888184,19.739999771118164,19.040000915527344,19.059999465942383,83365600,0.03556263645793645,2.360969441492098,19.48714283534459,,Tuesday
1001,INTC,Intel,2025-04-23,20.59000015258789,21.030000686645508,20.309999465942383,20.71999931335449,97188100,0.05535622301568521,-0.6274090978507453,19.608571461268834,,Wednesday
1002,INTC,Intel,2025-04-24,21.489999771118164,21.549999237060547,20.8799991607666,21.040000915527344,117086200,0.04371052024577837,2.1387777376888084,19.777142933436803,,Thursday
1003,INTC,Intel,2025-04-25,20.049999237060547,20.18000030517578,19.34000015258789,19.729999542236328,147711200,-0.06700793622124324,1.6218940813414122,19.805714198521205,,Friday
1004,INTC,Intel,2025-04-28,20.51000022888184,21.07999992370605,20.049999237060547,20.1200008392334,96624400,0.02294269373192903,1.938366666903681,19.988571439470565,,Monday
1005,INTC,Intel,2025-04-29,20.34000015258789,20.850000381469727,20.21999931335449,20.309999465942383,70031900,-0.008288643315301214,0.14771387215354503,20.189999989100865,,Tuesday
1006,INTC,Intel,2025-04-30,20.100000381469727,20.18000030517578,19.549999237060547,19.709999084472656,68297300,-0.011799398688186802,1.97869769209837,20.37000002179827,,Wednesday
1007,INTC,Intel,2025-05-01,19.979999542236328,20.649999618530277,19.940000534057617,20.21999931335449,72607500,-0.005970190893330951,-1.1869425285274386,20.437142780848912,,Thursday
1008,INTU,Intuit,2025-04-02,619.827392578125,623.9102883134938,603.905250763356,604.0050520379905,1604500,,2.6195708937777775,,,Wednesday
1009,INTU,Intuit,2025-04-03,597.4864501953125,615.3452114192316,597.1570085134204,602.9468836207195,2833900,-0.03604381260061296,-0.90562428859685,,,Thursday
1010,INTU,Intuit,2025-04-04,560.5509643554688,593.1739772911739,559.9619662510526,587.0745841765786,3335200,-0.06181811458279918,-4.5179301805939085,,,Friday
1011,INTU,Intuit,2025-04-07,555.2701416015625,574.8859046362793,531.7213067615834,547.054510757877,2834700,-0.009420771865013666,1.5017938216620803,,,Monday
1012,INTU,Intuit,2025-04-08,543.1213989257812,567.6185904937709,536.6127473163098,563.6455492843945,2764000,-0.021878977034026525,-3.6413221721826363,,,Tuesday
1013,INTU,Intuit,2025-04-09,595.4400024414062,597.5064006551702,538.1800256842101,540.59578929257,2883800,0.09632948290953713,10.145142495579934,,,Wednesday
1014,INTU,Intuit,2025-04-10,577.469970703125,585.969970703125,558.6599731445312,583.0800170898438,2289100,-0.030179416338507736,-0.9621400532157711,578.4523315429688,,Thursday
1015,INTU,Intuit,2025-04-11,587.0399780273438,588.4600219726562,569.469970703125,573.2899780273438,1479900,0.016572302993636878,2.3984371831011106,573.7684151785714,,Friday
1016,INTU,Intuit,2025-04-14,593.5499877929688,600.0,585.8200073242188,600.0,1227400,0.01108955098339437,-1.0750020345052083,573.2060634068081,,Monday
1017,INTU,Intuit,2025-04-15,594.0800170898438,600.5599975585938,591.3499755859375,598.969970703125,1177800,0.0008929817332585799,-0.8163937847403238,577.9959280831473,,Tuesday
1018,INTU,Intuit,2025-04-16,588.0800170898438,598.0700073242188,581.0800170898438,587.6500244140625,1985500,-0.010099649588268478,0.07317155754566497,582.6830531529018,,Wednesday
1019,INTU,Intuit,2025-04-17,585.3800048828125,593.9099731445312,584.8300170898438,592.0,1639800,-0.004591232703999082,-1.1182424184438344,588.7199968610491,,Thursday
1020,INTU,Intuit,2025-04-21,568.8400268554688,581.3699951171875,559.0999755859375,578.4299926757812,1502600,-0.02825511272913206,-1.6579302494239472,584.9200003487723,,Monday
1021,INTU,Intuit,2025-04-22,583.5599975585938,584.8400268554688,571.469970703125,574.1799926757812,1467500,0.02587717109939769,1.6336349232755398,585.7900041852679,,Tuesday
1022,INTU,Intuit,2025-04-23,596.0499877929688,608.72998046875,593.8099975585938,597.0,1744800,0.02140309528862261,-0.15913102295330822,587.0771484375,,Wednesday
1023,INTU,Intuit,2025-04-24,614.8300170898438,617.0999755859375,596.6699829101562,598.8300170898438,1601000,0.0315074736708123,2.671876750226348,590.1171526227679,,Thursday
1024,INTU,Intuit,2025-04-25,624.1199951171875,625.2100219726562,612.97998046875,616.0599975585938,1540600,0.015109831610557567,1.3083137341387208,594.4085780552456,,Friday
1025,INTU,Intuit,2025-04-28,618.22998046875,628.5999755859375,614.5700073242188,623.3200073242188,1357300,-0.009437311245462654,-0.8165993062406517,598.7157156808036,,Monday
1026,INTU,Intuit,2025-04-29,623.1500244140625,624.1900024414062,616.0800170898438,618.6799926757812,843300,0.007958274591572057,0.7225111190275335,604.1114327566964,,Tuesday
1027,INTU,Intuit,2025-04-30,627.469970703125,629.2999877929688,610.219970703125,614.0900268554688,1315400,0.0069324337957372695,2.1788244821642953,612.4871390206473,,Wednesday
1028,INTU,Intuit,2025-05-01,623.1900024414062,635.1799926757812,622.4199829101562,624.5,1449900,-0.006820992974249762,-0.20976742331365092,618.1485682896206,,Thursday
1029,ISRG,Intuitive Surgical,2025-04-02,507.0499877929688,508.6199951171875,486.4299926757813,488.6000061035156,1432200,,3.776091170482781,,,Wednesday
1030,ISRG,Intuitive Surgical,2025-04-03,494.6099853515625,504.0899963378906,484.8800048828125,487.5799865722656,2729000,-0.02453407502395133,1.441814465913264,,,Thursday
1031,ISRG,Intuitive Surgical,2025-04-04,451.5799865722656,480.55999755859375,451.0199890136719,476.8399963378906,4108600,-0.08699783678793238,-5.297376470015251,,,Friday
1032,ISRG,Intuitive Surgical,2025-04-07,463.6199951171875,479.8900146484375,425.0,430.9700012207031,4125800,0.026661962228025304,7.575931921944622,,,Monday
1033,ISRG,Intuitive Surgical,2025-04-08,457.6300048828125,488.4700012207031,450.9100036621094,479.5799865722656,3157700,-0.0129200429176074,-4.576917783066326,,,Tuesday
1034,ISRG,Intuitive Surgical,2025-04-09,522.9500122070312,529.1900024414062,442.8999938964844,450.0,6038200,0.1427354120736588,16.21111382378472,,,Wednesday
1035,ISRG,Intuitive Surgical,2025-04-10,489.5199890136719,510.6000061035156,472.0199890136719,509.0,4056200,-0.0639258483851507,-3.827114142697077,483.85142299107144,,Thursday
1036,ISRG,Intuitive Surgical,2025-04-11,493.6000061035156,496.6099853515625,480.2900085449219,489.2699890136719,2843700,0.008334730310123772,0.8849954395471321,481.9299970354353,,Friday
1037,ISRG,Intuitive Surgical,2025-04-14,490.1300048828125,506.1400146484375,487.2000122070313,502.2699890136719,1518100,-0.007029986178678116,-2.417023592171843,481.28999982561385,,Monday
1038,ISRG,Intuitive Surgical,2025-04-15,488.2699890136719,494.6400146484375,483.6900024414063,487.4599914550781,1733400,-0.003794943893682512,0.16616698247909342,486.5314287458147,,Tuesday
1039,ISRG,Intuitive Surgical,2025-04-16,481.3399963378906,492.0400085449219,477.6199951171875,483.8999938964844,1990500,-0.014192952324962982,-0.5290344267169764,489.0628574916295,,Wednesday
1040,ISRG,Intuitive Surgical,2025-04-17,482.739990234375,489.25,481.3900146484375,484.8500061035156,1619000,0.002908534314903788,-0.435189407564973,492.6499982561384,,Thursday
1041,ISRG,Intuitive Surgical,2025-04-21,468.3200073242188,478.8999938964844,463.0499877929688,475.9400024414063,2648500,-0.02987111737553616,-1.6010411140268903,484.845711844308,,Monday
1042,ISRG,Intuitive Surgical,2025-04-22,478.739990234375,482.5899963378906,464.7099914550781,475.5299987792969,3114400,0.02224970692516748,0.6750344801207688,483.3057120186942,,Tuesday
1043,ISRG,Intuitive Surgical,2025-04-23,487.9299926757813,517.3099975585938,485.0899963378906,500.0,3770000,0.019196228911036117,-2.4140014648437385,482.49571010044644,,Wednesday
1044,ISRG,Intuitive Surgical,2025-04-24,508.1300048828125,511.760009765625,489.4299926757813,490.8200073242188,2287100,0.04139940669819331,3.5267506010934278,485.067138671875,,Thursday
1045,ISRG,Intuitive Surgical,2025-04-25,514.5900268554688,515.3599853515625,505.75,513.1799926757812,2016000,0.012713325154152466,0.2747640593576953,488.82714407784596,,Friday
1046,ISRG,Intuitive Surgical,2025-04-28,514.010009765625,518.4000244140625,508.1700134277344,515.9099731445312,1388100,-0.0011271440556049894,-0.36827421019325374,493.4942888532366,,Monday
1047,ISRG,Intuitive Surgical,2025-04-29,514.8900146484375,516.780029296875,507.510009765625,512.9000244140625,1321500,0.0017120384157767177,0.38798793910145873,498.087149483817,,Tuesday
1048,ISRG,Intuitive Surgical,2025-04-30,515.7999877929688,517.5999755859375,501.6700134277344,509.989990234375,1652200,0.001767315579333184,1.139237567373364,504.8700038364955,,Wednesday
1049,ISRG,Intuitive Surgical,2025-05-01,517.1799926757812,524.4400024414062,512.6699829101562,518.1199951171875,1673400,0.0026754651327491885,-0.1814256253888912,510.36143275669644,,Thursday
1050,JNJ,Johnson & Johnson,2025-04-02,155.36000061035156,155.7899932861328,153.4499969482422,154.00999450683594,10356900,,0.8765704510532291,,,Wednesday
1051,JNJ,Johnson & Johnson,2025-04-03,159.82000732421875,160.64999389648438,157.47999572753906,158.75,13249300,0.028707561124777792,0.6740203617125984,,,Thursday
1052,JNJ,Johnson & Johnson,2025-04-04,153.24000549316406,159.82000732421875,152.92999267578125,159.16000366210938,16601700,-0.04117132730263351,-3.71952628344571,,,Friday
1053,JNJ,Johnson & Johnson,2025-04-07,150.6199951171875,152.7100067138672,147.39999389648438,151.27999877929688,18083000,-0.017097430710373063,-0.4362795263320021,,,Monday
1054,JNJ,Johnson & Johnson,2025-04-08,150.0,153.58999633789062,148.0,153.58999633789062,12018400,-0.004116286929269353,-2.3373894286661776,,,Tuesday
1055,JNJ,Johnson & Johnson,2025-04-09,150.97000122070312,153.19000244140625,141.5,142.1999969482422,18773700,0.006466674804687544,6.167373038448823,,,Wednesday
1056,JNJ,Johnson & Johnson,2025-04-10,148.69000244140625,151.1999969482422,145.1300048828125,150.3699951171875,13830500,-0.015102330005043463,-1.1172392966242934,152.67143031529017,,Thursday
1057,JNJ,Johnson & Johnson,2025-04-11,151.72999572753906,152.35000610351562,148.19000244140625,149.3300018310547,9943900,0.020445176112837693,1.6071746246943872,152.1528581891741,,Friday
1058,JNJ,Johnson & Johnson,2025-04-14,154.36000061035156,154.6699981689453,151.1699981689453,151.58999633789062,10685300,0.01733345387773677,1.8273001777021365,151.37285723005022,,Monday
1059,JNJ,Johnson & Johnson,2025-04-15,153.6199951171875,156.3000030517578,152.10000610351562,155.6999969482422,10847700,-0.004794023647564316,-1.33590357856341,151.42714146205358,,Tuesday
1060,JNJ,Johnson & Johnson,2025-04-16,153.91000366210938,155.6300048828125,152.24000549316406,155.3699951171875,7986900,0.0018878307130569816,-0.9396868771070819,151.8971426827567,,Wednesday
1061,JNJ,Johnson & Johnson,2025-04-17,157.47000122070312,159.44000244140625,154.16000366210938,154.16000366210938,10972400,0.023130384470715137,2.147118240765394,152.96428571428572,,Thursday
1062,JNJ,Johnson & Johnson,2025-04-21,156.9199981689453,158.22999572753906,155.49000549316406,157.9600067138672,6285400,-0.003492748126590506,-0.6583999118243729,153.8142852783203,,Monday
1063,JNJ,Johnson & Johnson,2025-04-22,157.75,158.72000122070312,156.25999450683594,157.5500030517578,7136300,0.005289331128853769,0.1269418878884345,155.1085706438337,,Tuesday
1064,JNJ,Johnson & Johnson,2025-04-23,155.3800048828125,157.10000610351562,154.3300018310547,156.49000549316406,9099400,-0.015023740837955657,-0.7093108642008774,155.6300005231585,,Wednesday
1065,JNJ,Johnson & Johnson,2025-04-24,154.92999267578125,155.89999389648438,153.44000244140625,155.8000030517578,8310400,-0.002896204098916333,-0.5584148645283011,155.71142796107702,,Thursday
1066,JNJ,Johnson & Johnson,2025-04-25,154.5800018310547,154.89999389648438,152.4499969482422,154.32000732421875,8643600,-0.002259025761777278,0.1684775106896553,155.84857177734375,,Friday
1067,JNJ,Johnson & Johnson,2025-04-28,155.35000610351562,155.80999755859375,153.82000732421875,155.5,5815200,0.004981267067796447,-0.0964590974176045,156.05428641183036,,Monday
1068,JNJ,Johnson & Johnson,2025-04-29,155.91000366210938,157.02000427246094,154.2899932861328,155.4499969482422,5246700,0.003604747580251866,0.2959194100340503,155.83142961774553,,Tuesday
1069,JNJ,Johnson & Johnson,2025-04-30,156.30999755859375,158.1999969482422,155.02000427246094,158.1999969482422,9598200,0.002565543500026024,-1.1946899027228066,155.7442866734096,,Wednesday
1070,JNJ,Johnson & Johnson,2025-05-01,154.4600067138672,155.08999633789062,153.36000061035156,155.0,7325800,-0.011835396798807296,-0.3483827652469758,155.2742876325335,,Thursday
1071,JPM,JPMorgan Chase,2025-04-02,244.3151397705078,245.73637827854148,239.98183032953705,240.1209726671444,7758800,,1.7466892028533323,,,Wednesday
1072,JPM,JPMorgan Chase,2025-04-03,227.29000854492188,233.7005199176536,225.9085184501305,232.8358507344424,17188500,-0.06968512570108476,-2.3818678146114873,,,Thursday
1073,JPM,JPMorgan Chase,2025-04-04,210.27999877929688,217.6999969482422,208.92999267578125,215.30999755859372,27170700,-0.07483835244021786,-2.3361659172041005,,,Friday
1074,JPM,JPMorgan Chase,2025-04-07,214.44000244140625,222.0500030517578,202.16000366210935,205.7700042724609,22914400,0.019783163811388338,4.213441215399579,,,Monday
1075,JPM,JPMorgan Chase,2025-04-08,216.8699951171875,227.83999633789065,213.25,223.5200042724609,19485700,0.011331806790317644,-2.975129307517078,,,Tuesday
1076,JPM,JPMorgan Chase,2025-04-09,234.33999633789065,237.47999572753903,211.0,212.5,24022400,0.0805551787432055,10.277645335477954,,,Wednesday
1077,JPM,JPMorgan Chase,2025-04-10,227.1100006103516,230.3500061035156,220.1000061035156,230.0,18896400,-0.030852589572947897,-1.2565214737601778,224.94930594308036,,Thursday
1078,JPM,JPMorgan Chase,2025-04-11,236.1999969482422,238.5800018310547,225.0,226.30999755859372,20284500,0.04002464142248918,4.370111571004659,223.78999982561385,,Friday
1079,JPM,JPMorgan Chase,2025-04-14,234.72000122070312,239.77999877929688,233.6300048828125,237.1000061035156,13017800,-0.006265858368589949,-1.0037979002722524,224.85142735072546,,Monday
1080,JPM,JPMorgan Chase,2025-04-15,233.1300048828125,238.6499938964844,232.82000732421875,236.1000061035156,10912900,-0.006774012992593614,-1.2579420346990293,228.11571393694197,,Tuesday
1081,JPM,JPMorgan Chase,2025-04-16,229.6100006103516,233.5800018310547,227.92999267578125,232.0,9322300,-0.015098889884338607,-1.0301721507105213,230.28285653250558,,Wednesday
1082,JPM,JPMorgan Chase,2025-04-17,231.9600067138672,234.33999633789065,230.5500030517578,230.8000030517578,9553800,0.01023477242832982,0.5026012334363963,232.4385724748884,,Thursday
1083,JPM,JPMorgan Chase,2025-04-21,228.9900054931641,231.80999755859372,226.33999633789065,230.6300048828125,8716200,-0.012803936604324773,-0.7110954147018832,231.6742880684989,,Monday
1084,JPM,JPMorgan Chase,2025-04-22,235.58999633789065,235.9900054931641,231.3699951171875,231.97999572753903,10701400,0.02882217863837555,1.5561689269929861,232.88571602957592,,Tuesday
1085,JPM,JPMorgan Chase,2025-04-23,240.8800048828125,246.7899932861328,240.0,240.22000122070312,14126800,0.022454300382664494,0.2747496706167252,233.5542885916574,,Wednesday
1086,JPM,JPMorgan Chase,2025-04-24,244.63999938964844,245.47000122070312,237.5800018310547,239.7400054931641,9055200,0.015609408961383853,2.0438782782225573,234.97143118722101,,Thursday
1087,JPM,JPMorgan Chase,2025-04-25,243.5500030517578,245.6199951171875,241.75,244.6499938964844,8588600,-0.004455511529635636,-0.4496181778741494,236.4600023542132,,Friday
1088,JPM,JPMorgan Chase,2025-04-28,243.22000122070312,246.83999633789065,240.83999633789065,244.55999755859372,7394300,-0.0013549654153958146,-0.5479213081728744,238.404288155692,,Monday
1089,JPM,JPMorgan Chase,2025-04-29,244.6199951171875,245.25,241.69000244140625,242.19000244140625,7216800,0.005756080459904167,1.0033414473287954,240.2128579275949,,Tuesday
1090,JPM,JPMorgan Chase,2025-04-30,244.6199951171875,245.22000122070312,238.42999267578125,241.2100067138672,12991700,0.0,1.4137010523636255,242.44571358816964,,Wednesday
1091,JPM,JPMorgan Chase,2025-05-01,246.88999938964844,248.4499969482422,242.1699981689453,242.83999633789065,8689600,0.009279716776110059,1.6677660652418058,244.05999973842077,,Thursday
1092,KO,The Coca-Cola Company,2025-04-02,71.33000183105469,72.36000061035156,71.05000305175781,71.95999908447266,14606500,,-0.875482575643762,,,Wednesday
1093,KO,The Coca-Cola Company,2025-04-03,73.18000030517578,73.94999694824219,72.31999969482422,72.4800033569336,24959600,0.025935769334519687,0.9657794092461564,,,Thursday
1094,KO,The Coca-Cola Company,2025-04-04,69.93000030517578,73.01000213623047,69.79000091552734,72.41999816894531,26517300,-0.044411041082902836,-3.438273856291364,,,Friday
1095,KO,The Coca-Cola Company,2025-04-07,68.37000274658203,69.37999725341797,66.05000305175781,66.2300033569336,34258400,-0.022307987298525567,3.2311630396805677,,,Monday
1096,KO,The Coca-Cola Company,2025-04-08,68.41999816894531,69.9800033569336,67.76000213623047,68.95999908447266,22774400,0.0007312479209427014,-0.7830639830285799,,,Tuesday
1097,KO,The Coca-Cola Company,2025-04-09,69.94999694824219,70.47000122070312,67.27999877929688,67.91999816894531,27918700,0.0223618652476274,2.9888086484446346,,,Wednesday
1098,KO,The Coca-Cola Company,2025-04-10,70.76000213623047,71.20999908447266,68.9800033569336,70.19000244140625,22450200,0.011579774457854963,0.8120810300584438,70.27714320591518,,Thursday
1099,KO,The Coca-Cola Company,2025-04-11,71.43000030517578,71.8499984741211,70.54000091552734,70.91000366210938,19988200,0.009468600179737052,0.7333191597961592,70.2914287022182,,Friday
1100,KO,The Coca-Cola Company,2025-04-14,72.44999694824219,72.66000366210938,70.93000030517578,71.30000305175781,13930200,0.014279667348573444,1.612894596441428,70.18714250837054,,Monday
1101,KO,The Coca-Cola Company,2025-04-15,71.86000061035156,72.62999725341797,71.72000122070312,72.62000274658203,14965500,-0.008143497070291272,-1.0465465539606296,70.46285683768136,,Tuesday
1102,KO,The Coca-Cola Company,2025-04-16,71.68000030517578,72.66999816894531,71.38999938964844,72.36000061035156,15276200,-0.002504874807221391,-0.9397461296849449,70.93571363176618,,Wednesday
1103,KO,The Coca-Cola Company,2025-04-17,73.0,73.43000030517578,71.72000122070312,71.9000015258789,20746800,0.018415174235551834,1.529900487867406,71.58999960763114,,Thursday
1104,KO,The Coca-Cola Company,2025-04-21,72.7699966430664,73.47000122070312,71.81999969482422,73.37999725341797,16037200,-0.0031507309168985476,-0.8312900424960826,71.99285670689174,,Monday
1105,KO,The Coca-Cola Company,2025-04-22,73.9000015258789,74.37999725341797,72.91999816894531,73.0,15613500,0.015528444894056026,1.2328788025738442,72.44142804827008,,Tuesday
1106,KO,The Coca-Cola Company,2025-04-23,73.30000305175781,73.94999694824219,72.37999725341797,73.29000091552734,16353900,-0.008119059022089203,0.013647340845304425,72.7085712977818,,Wednesday
1107,KO,The Coca-Cola Company,2025-04-24,72.5199966430664,73.43000030517578,72.30000305175781,73.0199966430664,16893900,-0.010641287533653121,-0.6847439372588322,72.71857125418526,,Thursday
1108,KO,The Coca-Cola Company,2025-04-25,71.91000366210938,72.91999816894531,71.12999725341797,72.6500015258789,16316000,-0.008411376298861906,-1.0185792817993735,72.72571454729352,,Friday
1109,KO,The Coca-Cola Company,2025-04-28,71.79000091552734,72.26000213623047,71.30999755859375,72.08000183105469,15997500,-0.001668790717156643,-0.4023320035521986,72.74142892020089,,Monday
1110,KO,The Coca-Cola Company,2025-04-29,72.3499984741211,72.70999908447266,70.27999877929688,71.19000244140625,16244100,0.007800495214544956,1.6294367087142492,72.64857155936105,,Tuesday
1111,KO,The Coca-Cola Company,2025-04-30,72.55000305175781,73.4800033569336,71.69000244140625,73.3499984741211,21074700,0.002764403342845334,-1.090654995235659,72.61714390345982,,Wednesday
1112,KO,The Coca-Cola Company,2025-05-01,71.29000091552734,72.04000091552734,71.2300033569336,72.0,18034200,-0.017367361588276897,-0.9861098395453559,72.2442866734096,,Thursday
1113,LIN,Linde plc,2025-04-02,469.739990234375,470.30999755859375,462.3999938964844,462.8999938964844,1527700,,1.477640187530487,,,Wednesday
1114,LIN,Linde plc,2025-04-03,467.2200012207031,472.010009765625,464.989990234375,466.55999755859375,2445200,-0.005364646540769402,0.1414616910071651,,,Thursday
1115,LIN,Linde plc,2025-04-04,437.9599914550781,470.0,437.1199951171875,464.3599853515625,4430700,-0.06262576449890311,-5.685243072031108,,,Friday
1116,LIN,Linde plc,2025-04-07,425.8599853515625,441.55999755859375,417.8299865722656,429.0899963378906,4159300,-0.027628108365137627,-0.7527583989128064,,,Monday
1117,LIN,Linde plc,2025-04-08,413.3299865722656,433.05999755859375,408.6499938964844,430.760009765625,3780800,-0.02942281315525086,-4.046341999769893,,,Tuesday
1118,LIN,Linde plc,2025-04-09,445.9700012207031,448.3299865722656,412.9700012207031,414.1600036621094,4103300,0.0789684167827267,7.680605871479998,,,Wednesday
1119,LIN,Linde plc,2025-04-10,431.8800048828125,444.5299987792969,427.1000061035156,440.3699951171875,4239000,-0.031594045113625735,-1.9279220493021367,441.7085658482143,,Thursday
1120,LIN,Linde plc,2025-04-11,441.8299865722656,449.6300048828125,432.7099914550781,437.3200073242188,3343000,0.02303876441826236,1.031276678979662,437.72142246791293,,Friday
1121,LIN,Linde plc,2025-04-14,446.0299987792969,448.1300048828125,441.75,443.0899963378906,1897800,0.009505946483205241,0.6635226400291532,434.6942792619978,,Monday
1122,LIN,Linde plc,2025-04-15,450.9700012207031,454.510009765625,447.9400024414063,449.3699951171875,2321000,0.011075493699809646,0.35605539330643843,436.55285208565846,,Tuesday
1123,LIN,Linde plc,2025-04-16,447.989990234375,454.8299865722656,445.25,450.510009765625,1828900,-0.006608002701425142,-0.5593703750469439,439.7142813546317,,Wednesday
1124,LIN,Linde plc,2025-04-17,452.1199951171875,455.1600036621094,449.6900024414063,451.3599853515625,1726100,0.009218966880603308,0.16838217615436854,445.2557111467634,,Thursday
1125,LIN,Linde plc,2025-04-21,443.8500061035156,452.4700012207031,440.2699890136719,450.5400085449219,1303400,-0.018291579896899557,-1.484885318622977,444.9528547014509,,Monday
1126,LIN,Linde plc,2025-04-22,454.6099853515625,455.260009765625,447.3500061035156,448.2900085449219,1458600,0.0242423771546314,1.4097964902573372,448.1999947684152,,Tuesday
1127,LIN,Linde plc,2025-04-23,448.2099914550781,457.80999755859375,445.5,454.3900146484375,1973400,-0.014077987951661597,-1.3600702027180047,449.1114240373884,,Wednesday
1128,LIN,Linde plc,2025-04-24,449.5299987792969,451.1300048828125,442.0700073242188,447.0799865722656,2114500,0.002945064477330117,0.5480031047274876,449.6114240373884,,Thursday
1129,LIN,Linde plc,2025-04-25,448.3999938964844,449.3500061035156,443.1000061035156,447.9200134277344,1866600,-0.002513747438171121,0.10715762956803852,449.24428013392856,,Friday
1130,LIN,Linde plc,2025-04-28,448.0,450.8900146484375,444.1700134277344,448.6499938964844,1644900,-0.0008920470605018327,-0.14487772324239598,449.24571010044644,,Monday
1131,LIN,Linde plc,2025-04-29,450.5799865722656,452.3500061035156,446.7699890136719,448.8399963378906,1214000,0.005758898598807294,0.38766381083942447,449.0257088797433,,Tuesday
1132,LIN,Linde plc,2025-04-30,453.2300109863281,455.2699890136719,444.9200134277344,449.3699951171875,2670400,0.005881362894571085,0.8589838910214741,450.36570957728793,,Wednesday
1133,LIN,Linde plc,2025-05-01,448.0499877929688,450.6099853515625,433.1499938964844,437.4400024414063,2540400,-0.0114291266416503,2.4254721315716146,449.4285670689174,,Thursday
1134,LLY,Eli Lilly and Company,2025-04-02,818.219970703125,819.8499755859375,795.0399780273438,795.0399780273438,2683800,,2.915575734102773,,,Wednesday
1135,LLY,Eli Lilly and Company,2025-04-03,789.0900268554688,818.7899780273438,787.0599975585938,810.510009765625,2675100,-0.03560160456927475,-2.6427783311831354,,,Thursday
1136,LLY,Eli Lilly and Company,2025-04-04,738.2100219726562,768.27001953125,734.7000122070312,762.1099853515625,5299400,-0.06447934095120911,-3.1360254869093676,,,Friday
1137,LLY,Eli Lilly and Company,2025-04-07,723.72998046875,748.0,677.0900268554688,697.9299926757812,6274400,-0.019615070336233664,3.696644085183191,,,Monday
1138,LLY,Eli Lilly and Company,2025-04-08,726.239990234375,763.5,713.280029296875,754.97998046875,4115200,0.003468157784481063,-3.806722161895073,,,Tuesday
1139,LLY,Eli Lilly and Company,2025-04-09,753.7100219726562,754.8300170898438,689.0,704.4000244140625,6619000,0.0378250056560725,7.000283340366298,,,Wednesday
1140,LLY,Eli Lilly and Company,2025-04-10,720.9099731445312,741.9500122070312,691.77001953125,738.9000244140625,4182700,-0.04351812749189499,-2.434707088255561,752.8728550502232,,Thursday
1141,LLY,Eli Lilly and Company,2025-04-11,732.4099731445312,735.8400268554688,711.97998046875,722.8900146484375,3603400,0.015952061184336674,1.3169304186230297,740.6142839704241,,Friday
1142,LLY,Eli Lilly and Company,2025-04-14,754.3499755859375,759.5599975585938,734.52001953125,750.4500122070312,3461200,0.0299559034500978,0.5196832987498631,735.6514195033482,,Monday
1143,LLY,Eli Lilly and Company,2025-04-15,757.1799926757812,765.3099975585938,751.489990234375,755.5700073242188,2458100,0.0037515969794332804,0.213082220834058,738.3614153180804,,Tuesday
1144,LLY,Eli Lilly and Company,2025-04-16,734.9000244140625,756.2999877929688,730.3400268554688,755.6400146484375,3302600,-0.0294249299733661,-2.744691894595379,739.9571358816964,,Wednesday
1145,LLY,Eli Lilly and Company,2025-04-17,839.9600219726562,858.0,821.8400268554688,840.7999877929688,10846400,0.14295821753762805,-0.09990078883294726,756.2028547014509,,Thursday
1146,LLY,Eli Lilly and Company,2025-04-21,818.02001953125,843.9099731445312,807.0,841.510009765625,3326600,-0.02612029366573887,-2.7914094855410414,765.3899972098214,,Monday
1147,LLY,Eli Lilly and Company,2025-04-22,827.5399780273438,832.0,814.0,821.8800048828125,3086500,0.011637806250205163,0.6886617402668502,780.6228550502232,,Tuesday
1148,LLY,Eli Lilly and Company,2025-04-23,829.4199829101562,846.010009765625,818.6400146484375,836.9600219726562,2714600,0.0022717994691856536,-0.9008840165063864,794.481427873884,,Wednesday
1149,LLY,Eli Lilly and Company,2025-04-24,859.72998046875,862.25,829.2100219726562,836.0,2939500,0.03654360659631828,2.8385144101375595,809.5357142857143,,Thursday
1150,LLY,Eli Lilly and Company,2025-04-25,884.5399780273438,885.5800170898438,851.0700073242188,859.6599731445312,3398900,0.028857895062664563,2.8941681199607885,827.729997907366,,Friday
1151,LLY,Eli Lilly and Company,2025-04-28,877.2899780273438,882.25,864.4099731445312,870.4400024414062,3457600,-0.008196350849136946,0.7869555129273377,848.0714198521206,,Monday
1152,LLY,Eli Lilly and Company,2025-04-29,885.2000122070312,892.469970703125,874.030029296875,877.7000122070312,2454400,0.009016441972212963,0.8545060835923636,854.5342755998884,,Tuesday
1153,LLY,Eli Lilly and Company,2025-04-30,898.9500122070312,902.5,882.1199951171875,888.2000122070312,4374100,0.015533212619052827,1.2103129759352305,866.095703125,,Wednesday
1154,LLY,Eli Lilly and Company,2025-05-01,794.0999755859375,850.9299926757812,792.0700073242188,844.0,12601100,-0.1166361145751299,-5.91232516754295,861.3185599190848,,Thursday
1155,LMT,Lockheed Martin,2025-04-02,452.8699951171875,455.9200134277344,445.010009765625,446.2200012207031,1270300,,1.490294894512191,,,Wednesday
1156,LMT,Lockheed Martin,2025-04-03,454.7799987792969,461.8800048828125,450.7999877929688,453.510009765625,1813800,0.004217554006012536,0.2800354978555398,,,Thursday
1157,LMT,Lockheed Martin,2025-04-04,432.1499938964844,454.9299926757813,432.1300048828125,450.0,2392700,-0.04976033454319695,-3.9666680230034723,,,Friday
1158,LMT,Lockheed Martin,2025-04-07,430.8200073242188,438.9100036621094,418.8800048828125,422.2000122070313,1968100,-0.003077604051949012,2.041685189000083,,,Monday
1159,LMT,Lockheed Martin,2025-04-08,443.3599853515625,451.3900146484375,437.4299926757813,448.4400024414063,2151500,0.029107232287628237,-1.1328197890881886,,,Tuesday
1160,LMT,Lockheed Martin,2025-04-09,462.239990234375,468.3299865722656,435.3800048828125,439.25,2291600,0.042583917147691164,5.233919233779169,,,Wednesday
1161,LMT,Lockheed Martin,2025-04-10,463.7000122070313,469.1000061035156,450.3800048828125,460.0,1832600,0.0031585799660389657,0.8043504797894144,448.55999755859375,,Thursday
1162,LMT,Lockheed Martin,2025-04-11,474.8999938964844,478.1799926757813,460.3200073242188,464.3299865722656,1452300,0.024153507428532395,2.276399894447415,451.70714024135043,,Friday
1163,LMT,Lockheed Martin,2025-04-14,475.3399963378906,478.75,467.5899963378906,472.7999877929688,1079600,0.0009265159971809656,0.5372268634731957,454.64428274972096,,Monday
1164,LMT,Lockheed Martin,2025-04-15,469.5799865722656,475.3399963378906,468.0,474.2699890136719,1224300,-0.012117662746668034,-0.9888887237330656,459.9914245605469,,Tuesday
1165,LMT,Lockheed Martin,2025-04-16,477.0799865722656,482.8200073242188,474.5299987792969,477.3299865722656,1529700,0.015971719865548017,-0.052374668894209754,466.59999302455356,,Wednesday
1166,LMT,Lockheed Martin,2025-04-17,464.0799865722656,469.6700134277344,448.3900146484375,461.6400146484375,3051600,-0.027249099450602943,0.5285442869778714,469.5599931989397,,Thursday
1167,LMT,Lockheed Martin,2025-04-21,458.3299865722656,463.2300109863281,452.7900085449219,459.260009765625,1532900,-0.012390105512780192,-0.20250471924041358,469.0014212472098,,Monday
1168,LMT,Lockheed Martin,2025-04-22,462.0799865722656,470.7699890136719,442.3500061035156,458.0499877929688,2878000,0.008181877926088266,0.8798163708538973,468.7699890136719,,Tuesday
1169,LMT,Lockheed Martin,2025-04-23,463.5499877929688,471.3900146484375,457.6499938964844,467.0,1352700,0.00318127004722224,-0.7387606439038957,467.1485595703125,,Wednesday
1170,LMT,Lockheed Martin,2025-04-24,466.80999755859375,467.5899963378906,460.1600036621094,465.7699890136719,1105000,0.007032703810750496,0.22328801113275404,465.9299883161272,,Thursday
1171,LMT,Lockheed Martin,2025-04-25,477.6400146484375,478.4599914550781,467.8999938964844,469.989990234375,1521700,0.023200053868778436,1.6276994346725513,467.0814208984375,,Friday
1172,LMT,Lockheed Martin,2025-04-28,476.2900085449219,483.7900085449219,474.2900085449219,479.30999755859375,1159700,-0.002826409141012398,-0.6300701068315799,466.96856689453125,,Monday
1173,LMT,Lockheed Martin,2025-04-29,475.8800048828125,479.2999877929688,473.3500061035156,475.9800109863281,897100,-0.0008608277619804872,-0.02101056792456302,468.65428379603793,,Tuesday
1174,LMT,Lockheed Martin,2025-04-30,477.75,478.6099853515625,471.1300048828125,478.2699890136719,1095000,0.003929551773556916,-0.10872290246440917,471.42857142857144,,Wednesday
1175,LMT,Lockheed Martin,2025-05-01,477.7200012207031,479.4500122070313,473.0,476.0,986400,-6.279179340007435e-05,0.3613447942653624,473.66285923549106,,Thursday
1176,LOW,Lowe's,2025-04-02,234.0449066162109,234.8705513886028,230.92139051735805,230.92139051735805,2534400,,1.3526317730267046,,,Wednesday
1177,LOW,Lowe's,2025-04-03,221.35189819335935,224.98273165492867,219.45192098660672,221.62046991509297,4475000,-0.05423321791687474,-0.12118543103735717,,,Thursday
1178,LOW,Lowe's,2025-04-04,222.1178436279297,228.6235207249091,217.89015379048575,219.4917027831121,4829800,0.0034603066014877726,1.196464746283638,,,Friday
1179,LOW,Lowe's,2025-04-07,215.8011932373047,224.4654622883768,210.58869473417477,216.9053669881679,4478000,-0.028438284324450946,-0.5090578283954852,,,Monday
1180,LOW,Lowe's,2025-04-08,210.5787506103516,222.7047624883049,206.4903251601456,218.8650246806207,3294400,-0.02420024907466689,-3.7860202114800576,,,Tuesday
1181,LOW,Lowe's,2025-04-09,222.0283203125,223.13249403307293,205.3065659512879,207.7039184260247,4106200,0.054371913922760085,6.896548700200397,,,Wednesday
1182,LOW,Lowe's,2025-04-10,220.038818359375,222.22726653100275,212.23997769964876,219.80008794202325,3482500,-0.008960577417893467,0.10861252130832469,220.85167585100447,,Thursday
1183,LOW,Lowe's,2025-04-11,219.19329833984372,220.00898592983907,212.7075202500569,218.19854775092443,2904000,-0.003842594801387933,0.4558923967059601,218.73001752580916,,Friday
1184,LOW,Lowe's,2025-04-14,222.96339416503903,224.41573668897055,219.34250266470576,221.74979724439044,2766100,0.017199868124389672,0.5472820880693267,218.9602312360491,,Monday
1185,LOW,Lowe's,2025-04-15,219.3524475097656,223.8487244342484,217.65143249803768,222.82413253910036,2805200,-0.01619524437540898,-1.5580381665911192,218.56517464773995,,Tuesday
1186,LOW,Lowe's,2025-04-16,213.2844696044922,220.18804086743503,212.1802958840692,218.19853976243428,1916400,-0.02766314200803832,-2.2521095527460138,218.2056427001953,,Wednesday
1187,LOW,Lowe's,2025-04-17,217.85037231445312,219.53150318693116,214.6472743017446,215.8807704586293,2166900,0.021407572330173874,0.9123563213339834,219.24444580078125,,Thursday
1188,LOW,Lowe's,2025-04-21,211.653076171875,217.02472300437077,209.3054642955845,216.5273477354845,2769700,-0.028447489332874443,-2.2511112866740737,217.76226806640625,,Monday
1189,LOW,Lowe's,2025-04-22,217.9200134277344,219.3922400130057,213.44363588795787,213.67242426773572,2224000,0.029609478724373917,1.9878976777444946,217.45958164760046,,Tuesday
1190,LOW,Lowe's,2025-04-23,217.75999450683597,225.66000366210935,217.1499938964844,222.1300048828125,2382500,-0.0007343011703305757,-1.9673210642038155,217.25482395717077,,Wednesday
1191,LOW,Lowe's,2025-04-24,222.0500030517578,222.94000244140625,216.2899932861328,217.75999450683597,2243200,0.019700627540138793,1.97006275401388,217.1243395124163,,Thursday
1192,LOW,Lowe's,2025-04-25,220.91000366210935,222.33999633789065,218.75999450683597,222.2100067138672,1493700,-0.005133976014324748,-0.5850335324600452,217.3468475341797,,Friday
1193,LOW,Lowe's,2025-04-28,221.1499938964844,223.5399932861328,219.3000030517578,220.5,2046700,0.0010863710578816743,0.29478181246458207,218.47049386160714,,Monday
1194,LOW,Lowe's,2025-04-29,223.2700042724609,223.8800048828125,219.30999755859372,219.30999755859372,1603900,0.009586300856823993,1.805666297912014,219.2447269984654,,Tuesday
1195,LOW,Lowe's,2025-04-30,223.55999755859372,224.0,218.19000244140625,221.92999267578125,3455500,0.0012988457051261726,0.7344680469546785,220.94571576799666,,Wednesday
1196,LOW,Lowe's,2025-05-01,222.32000732421875,225.5399932861328,221.19000244140625,223.4900054931641,2067800,-0.005546565789570579,-0.5235125241343859,221.57428632463728,,Thursday
1197,MA,Mastercard,2025-04-02,546.51318359375,548.6598032671982,540.7922770206701,542.0003218854415,2994600,,0.8326308170094299,,,Wednesday
1198,MA,Mastercard,2025-04-03,529.7098388671875,539.1348926551342,526.1654726339199,527.583206939526,3443500,-0.030746458147756672,0.40308938944397765,,,Thursday
1199,MA,Mastercard,2025-04-04,488.9944152832031,520.0551669842571,487.51677843288405,518.7971525031458,6125100,-0.07686363476097868,-5.74458380816998,,,Friday
1200,MA,Mastercard,2025-04-07,484.7511291503906,501.4047381885305,464.85269721729895,477.7422568526428,6009400,-0.008677575858110687,1.4670823435050808,,,Monday
1201,MA,Mastercard,2025-04-08,479.1600341796875,504.76940992621263,470.9131045854138,500.2066394552875,3555400,-0.0115339493494373,-4.207582150152825,,,Tuesday
1202,MA,Mastercard,2025-04-09,515.4299926757812,518.510009765625,470.0,470.1099853515625,4698400,0.07569487417327525,9.640298810144838,,,Wednesday
1203,MA,Mastercard,2025-04-10,499.3399963378906,508.6300048828125,484.1300048828125,506.8299865722656,4105300,-0.03121664739446317,-1.4778111857647653,506.27122715541293,,Thursday
1204,MA,Mastercard,2025-04-11,509.75,515.9099731445312,495.9100036621094,498.260009765625,3736200,0.02084752621150976,2.3060229617423524,501.0193437848772,,Friday
1205,MA,Mastercard,2025-04-14,512.4600219726562,523.4199829101562,508.5,515.8699951171875,3005500,0.005316374639835697,-0.6610140494324784,498.5550842285156,,Monday
1206,MA,Mastercard,2025-04-15,517.3800048828125,521.2899780273438,513.3800048828125,513.4000244140625,2210700,0.009600715566489226,0.7752201557240488,502.61016845703125,,Tuesday
1207,MA,Mastercard,2025-04-16,513.4299926757812,521.719970703125,509.8699951171875,516.0499877929688,2501000,-0.007634644110233735,-0.5077018078021157,506.70714896065846,,Wednesday
1208,MA,Mastercard,2025-04-17,517.3300170898438,523.97998046875,509.1300048828125,510.9500122070313,3329800,0.0075960198463225215,1.2486553929716584,512.1600036621094,,Thursday
1209,MA,Mastercard,2025-04-21,509.3200073242188,517.6500244140625,503.5400085449219,517.0,3345600,-0.015483365552000916,-1.4854918134973294,511.28714861188615,,Monday
1210,MA,Mastercard,2025-04-22,527.3300170898438,528.7999877929688,512.75,515.6199951171875,2384000,0.035360891986637055,2.2710566082672674,515.2857230050223,,Tuesday
1211,MA,Mastercard,2025-04-23,530.010009765625,543.9400024414062,527.6199951171875,537.739990234375,3051800,0.005082192533949037,-1.4374940694629896,518.1800101143973,,Wednesday
1212,MA,Mastercard,2025-04-24,535.4600219726562,536.0399780273438,525.27001953125,528.6900024414062,2209100,0.010282847694595976,1.280527246588195,521.4657244001116,,Thursday
1213,MA,Mastercard,2025-04-25,533.47998046875,536.9199829101562,529.8800048828125,535.4600219726562,2006100,-0.003697832560144665,-0.3697832560144635,523.7657209123884,,Friday
1214,MA,Mastercard,2025-04-28,534.489990234375,537.760009765625,530.5,536.030029296875,1735400,0.001893247736752146,-0.2873046244293646,526.7742919921875,,Monday
1215,MA,Mastercard,2025-04-29,539.6799926757812,540.47998046875,533.4099731445312,534.3400268554688,2041500,0.009710195768363183,0.9993572541697092,529.9671456473214,,Tuesday
1216,MA,Mastercard,2025-04-30,548.0599975585938,549.0700073242188,529.5499877929688,538.530029296875,3783500,0.015527729388787881,1.7696261569965621,535.5014299665179,,Wednesday
1217,MA,Mastercard,2025-05-01,546.6300048828125,552.8300170898438,539.72998046875,550.0,2839900,-0.0026091900196171247,-0.6127263849431819,538.2585710797991,,Thursday
1218,MCD,McDonald's,2025-04-02,311.5799865722656,313.92999267578125,309.8299865722656,312.7099914550781,2776800,,-0.361358739308088,,,Wednesday
1219,MCD,McDonald's,2025-04-03,318.2699890136719,319.7200012207031,311.29998779296875,311.3800048828125,7023900,0.02147122000679147,2.2127252947575786,,,Thursday
1220,MCD,McDonald's,2025-04-04,300.1099853515625,314.9599914550781,299.29998779296875,314.57000732421875,8831100,-0.057058485842123474,-4.5967579985312135,,,Friday
1221,MCD,McDonald's,2025-04-07,299.8900146484375,304.8800048828125,290.5,292.6000061035156,7725900,-0.0007329669583213683,2.491458780880143,,,Monday
1222,MCD,McDonald's,2025-04-08,299.8299865722656,308.25,294.9200134277344,303.7799987792969,5562500,-0.00020016697202218658,-1.3002871232154505,,,Tuesday
1223,MCD,McDonald's,2025-04-09,303.9599914550781,311.6499938964844,296.7099914550781,297.4100036621094,8265700,0.013774489103067333,2.202342796918916,,,Wednesday
1224,MCD,McDonald's,2025-04-10,306.7799987792969,307.6300048828125,296.9200134277344,301.3399963378906,6049500,0.009277560874769053,1.8052706270383072,305.77427891322543,,Thursday
1225,MCD,McDonald's,2025-04-11,309.8999938964844,310.8900146484375,303.9599914550781,306.4700012207031,4439900,0.010170138632251913,1.1191936118116679,305.5342799595424,,Friday
1226,MCD,McDonald's,2025-04-14,316.07000732421875,318.20001220703125,311.1300048828125,312.42999267578125,4068300,0.019909691995009693,1.16506568952068,305.2199968610491,,Monday
1227,MCD,McDonald's,2025-04-15,312.4800109863281,317.20001220703125,311.8399963378906,316.1300048828125,2901200,-0.011358231577500044,-1.1545863537494347,306.98714338030135,,Tuesday
1228,MCD,McDonald's,2025-04-16,309.1000061035156,314.2900085449219,307.3699951171875,313.57000732421875,3098900,-0.010816707514005985,-1.4255193788611689,308.3028564453125,,Wednesday
1229,MCD,McDonald's,2025-04-17,311.29998779296875,312.989990234375,307.1300048828125,309.2200012207031,2726900,0.007117378343617364,0.6726558967901473,309.9414280482701,,Thursday
1230,MCD,McDonald's,2025-04-21,308.7200012207031,311.2799987792969,305.1199951171875,311.0,2669900,-0.00828778243955941,-0.7331185785520498,310.6214294433594,,Monday
1231,MCD,McDonald's,2025-04-22,319.0799865722656,320.0,311.19000244140625,311.760009765625,4200700,0.033557868977061034,2.347952456167691,312.3785705566406,,Tuesday
1232,MCD,McDonald's,2025-04-23,318.4800109863281,319.8999938964844,314.7900085449219,318.5,3210100,-0.0018803297329386126,-0.006275985454277865,313.60428728376115,,Wednesday
1233,MCD,McDonald's,2025-04-24,316.2200012207031,318.8900146484375,313.5299987792969,318.42999267578125,2479500,-0.007096237401605809,-0.6940274176146127,313.62571498325894,,Thursday
1234,MCD,McDonald's,2025-04-25,316.739990234375,321.7799987792969,315.0299987792969,316.5,2282900,0.0016443900185458826,0.0758262983807267,314.2342834472656,,Friday
1235,MCD,McDonald's,2025-04-28,316.8099975585937,318.0199890136719,314.25,317.70001220703125,2578300,0.0002210245828664359,-0.2801430954486628,315.33571079799106,,Monday
1236,MCD,McDonald's,2025-04-29,314.5,316.7300109863281,313.0,316.0599975585937,3164500,-0.007291428857659321,-0.49357640025434996,315.7928553989955,,Tuesday
1237,MCD,McDonald's,2025-04-30,319.6499938964844,321.0,313.1000061035156,316.7900085449219,5564600,0.01637517932109489,0.902801627077498,317.35428292410717,,Wednesday
1238,MCD,McDonald's,2025-05-01,313.6400146484375,319.25,311.6000061035156,313.1499938964844,5186900,-0.01880174992273942,0.15648116286251867,316.57714407784596,,Thursday
1239,MDLZ,Mondelēz International,2025-04-02,66.12999725341797,67.70999908447266,65.66999816894531,67.6500015258789,11356900,,-2.2468650970827744,,,Wednesday
1240,MDLZ,Mondelēz International,2025-04-03,67.9000015258789,69.0,67.20999908447266,67.69000244140625,13777300,0.026765527687504287,0.3102364852984537,,,Thursday
1241,MDLZ,Mondelēz International,2025-04-04,66.30999755859375,69.12000274658203,65.95999908447266,68.41000366210938,13787000,-0.023416847298289856,-3.0697354057865183,,,Friday
1242,MDLZ,Mondelēz International,2025-04-07,65.2300033569336,66.69000244140625,64.62999725341797,65.18000030517578,15963400,-0.01628704933529579,0.07671532912503205,,,Monday
1243,MDLZ,Mondelēz International,2025-04-08,64.05999755859375,66.41999816894531,63.68999862670898,65.31999969482422,12421600,-0.017936620238046874,-1.9289683743374357,,,Tuesday
1244,MDLZ,Mondelēz International,2025-04-09,66.19000244140625,66.6500015258789,63.13999938964844,63.4900016784668,13380300,0.03325015554151789,4.252639299984745,,,Wednesday
1245,MDLZ,Mondelēz International,2025-04-10,65.9800033569336,66.95999908447266,64.70999908447266,66.44999694824219,10703600,-0.003172670746742434,-0.7072891089440848,65.97142900739398,,Thursday
1246,MDLZ,Mondelēz International,2025-04-11,67.05000305175781,67.69000244140625,66.04000091552734,66.58999633789062,8840600,0.016217030014924694,0.6908045339618638,66.1028584071568,,Friday
1247,MDLZ,Mondelēz International,2025-04-14,68.30000305175781,68.5999984741211,66.5199966430664,66.69999694824219,6728400,0.01864280302918231,2.3988098601521624,66.16000148228237,,Monday
1248,MDLZ,Mondelēz International,2025-04-15,67.02999877929688,68.61000061035156,66.87999725341797,68.5,5782500,-0.018594498033895013,-2.1459871835082116,66.26285879952567,,Tuesday
1249,MDLZ,Mondelēz International,2025-04-16,66.4800033569336,67.76000213623047,66.12999725341797,67.25,6266300,-0.008205213074435447,-1.1449764209165891,66.4414302280971,,Wednesday
1250,MDLZ,Mondelēz International,2025-04-17,67.31999969482422,67.8499984741211,66.37000274658203,66.4800033569336,10777600,0.012635323337465199,1.2635323337465156,66.90714481898716,,Thursday
1251,MDLZ,Mondelēz International,2025-04-21,67.76000213623047,67.86000061035156,66.91000366210938,67.30000305175781,7637100,0.00653598400773725,0.6835052951169837,67.13143048967633,,Monday
1252,MDLZ,Mondelēz International,2025-04-22,68.29000091552734,69.08999633789062,67.80000305175781,67.9800033569336,6720500,0.007821705469124973,0.4560128615559003,67.46143014090401,,Tuesday
1253,MDLZ,Mondelēz International,2025-04-23,67.37999725341797,68.54000091552734,66.87999725341797,67.7300033569336,6369500,-0.013325576949911322,-0.5167667003810867,67.50857216971261,,Wednesday
1254,MDLZ,Mondelēz International,2025-04-24,65.5199966430664,66.94000244140625,65.4800033569336,66.94000244140625,8277000,-0.02760464063772594,-2.121311243725752,67.11142839704242,,Thursday
1255,MDLZ,Mondelēz International,2025-04-25,65.58999633789062,65.9000015258789,64.61000061035156,65.88999938964844,6454700,0.001068371465364315,-0.4553089308495943,66.9057137625558,,Friday
1256,MDLZ,Mondelēz International,2025-04-28,65.0999984741211,65.73999786376953,64.7699966430664,65.58999633789062,6660800,-0.007470618861529998,-0.747061886153003,66.7085702078683,,Monday
1257,MDLZ,Mondelēz International,2025-04-29,65.6500015258789,65.72000122070312,64.29000091552734,65.06999969482422,8194000,0.008448587782631911,0.8913505974717592,66.46999904087612,,Tuesday
1258,MDLZ,Mondelēz International,2025-04-30,68.12999725341797,68.86000061035156,67.4000015258789,68.06999969482422,15854800,0.037776019343449097,0.0881409708575509,66.52285548618862,,Wednesday
1259,MDLZ,Mondelēz International,2025-05-01,67.87000274658203,68.20999908447266,66.9000015258789,67.20999908447266,9414200,-0.003816153197083727,0.9820021888110008,66.46285574776786,,Thursday
1260,MDT,Medtronic,2025-04-02,88.86000061035156,88.98999786376953,87.45999908447266,88.43000030517578,5577200,,0.4862606623225506,,,Wednesday
1261,MDT,Medtronic,2025-04-03,87.88999938964844,89.54000091552734,87.69000244140625,88.5999984741211,7663100,-0.010916061377903352,-0.8013533822802917,,,Thursday
1262,MDT,Medtronic,2025-04-04,82.87999725341797,88.0999984741211,82.68000030517578,87.98999786376953,12034000,-0.05700309672343151,-5.8074789571686525,,,Friday
1263,MDT,Medtronic,2025-04-07,83.1500015258789,85.37000274658203,80.58000183105469,81.22000122070312,12129100,0.0032577736656451695,2.3762623444578583,,,Monday
1264,MDT,Medtronic,2025-04-08,81.87999725341797,85.30999755859375,80.61000061035156,84.5,10183900,-0.015273653026520617,-3.100594966369268,,,Tuesday
1265,MDT,Medtronic,2025-04-09,85.27999877929688,85.5,79.55000305175781,80.5,11981100,0.04152420175779836,5.937886682356367,,,Wednesday
1266,MDT,Medtronic,2025-04-10,82.54000091552734,85.30000305175781,80.98999786376953,84.83000183105469,8838400,-0.0321294313202396,-2.6995177014000924,84.63999938964844,,Thursday
1267,MDT,Medtronic,2025-04-11,82.9000015258789,83.44000244140625,81.18000030517578,83.16000366210938,8014000,0.0043615290326928235,-0.31265286770175416,83.78857094900948,,Friday
1268,MDT,Medtronic,2025-04-14,84.22000122070312,84.26000213623047,83.12000274658203,83.97000122070312,5596000,0.01592279457814194,0.29772537378308567,83.26428549630302,,Monday
1269,MDT,Medtronic,2025-04-15,82.37000274658203,84.7300033569336,82.22000122070312,84.62999725341797,5829400,-0.021966260357478173,-2.670441427604634,83.1914291381836,,Tuesday
1270,MDT,Medtronic,2025-04-16,82.69999694824219,84.48999786376953,82.19999694824219,83.19999694824219,7111600,0.004006242450609321,-0.6009615605046772,83.12714276994977,,Wednesday
1271,MDT,Medtronic,2025-04-17,82.5999984741211,83.31999969482422,82.12000274658203,82.51000213623047,5937600,-0.0012091714366528894,0.10907324634658716,83.23000008719308,,Thursday
1272,MDT,Medtronic,2025-04-21,81.80000305175781,82.88999938964844,81.16000366210938,82.5999984741211,5220000,-0.009685174783797601,-0.9685174783797641,82.73285784040179,,Monday
1273,MDT,Medtronic,2025-04-22,83.37000274658203,83.62000274658203,82.5,82.80999755859375,5284900,0.01919314958742513,0.6762531149599892,82.85142953055245,,Tuesday
1274,MDT,Medtronic,2025-04-23,83.75,85.3499984741211,83.36000061035156,84.16000366210938,6468200,0.004557961387779308,-0.4871716305473111,82.97285788399833,,Wednesday
1275,MDT,Medtronic,2025-04-24,84.30000305175781,84.54000091552734,83.26000213623047,84.02999877929688,5959000,0.0065672006180037545,0.32131890560905324,82.98428671700614,,Thursday
1276,MDT,Medtronic,2025-04-25,84.16000366210938,84.66000366210938,83.5,84.41000366210938,5879600,-0.0016607281682122776,-0.29617342631655635,83.24000113351005,,Friday
1277,MDT,Medtronic,2025-04-28,84.04000091552734,84.87999725341797,83.37999725341797,84.5999984741211,4513400,-0.0014258880865051227,-0.6619356603949015,83.43143027169364,,Monday
1278,MDT,Medtronic,2025-04-29,84.5999984741211,85.08000183105469,83.80999755859375,84.0,4495500,0.006663464451370338,0.7142838977632069,83.71714455740792,,Tuesday
1279,MDT,Medtronic,2025-04-30,84.76000213623047,85.0,83.68000030517578,84.9800033569336,7469800,0.0018912962765398333,-0.2588858696310876,84.14000156947544,,Wednesday
1280,MDT,Medtronic,2025-05-01,83.55999755859375,84.4800033569336,82.94999694824219,84.19999694824219,6015000,-0.014157675169804929,-0.7600943145423695,84.16714368547711,,Thursday
1281,MET,MetLife,2025-04-02,82.48999786376953,82.7300033569336,79.80000305175781,79.80000305175781,3205700,,3.370920688144591,,,Wednesday
1282,MET,MetLife,2025-04-03,75.91000366210938,79.25,75.75,78.37999725341797,6198900,-0.07976717628877716,-3.1513060447330945,,,Thursday
1283,MET,MetLife,2025-04-04,69.06999969482422,73.41000366210938,67.9000015258789,72.8499984741211,8886800,-0.09010675322492911,-5.18874242755086,,,Friday
1284,MET,MetLife,2025-04-07,69.33999633789062,71.33000183105469,65.20999908447266,67.19000244140625,9179800,0.003909029162579181,3.1998717344284957,,,Monday
1285,MET,MetLife,2025-04-08,68.41999816894531,73.33999633789062,67.31999969482422,72.48999786376953,6038700,-0.013267929298152903,-5.614567271022645,,,Tuesday
1286,MET,MetLife,2025-04-09,75.23999786376953,75.94999694824219,66.83000183105469,67.88999938964844,7865800,0.0996784547989027,10.826334570923251,,,Wednesday
1287,MET,MetLife,2025-04-10,71.11000061035156,73.69999694824219,69.30000305175781,73.16999816894531,5153300,-0.05489098047152785,-2.8153582207796894,73.08285631452289,,Thursday
1288,MET,MetLife,2025-04-11,71.4000015258789,71.63999938964844,68.97000122070312,70.73999786376953,3904700,0.004078201561499295,0.9329992677981194,71.49857112339565,,Friday
1289,MET,MetLife,2025-04-14,72.94999694824219,73.86000061035156,72.22000122070312,73.04000091552734,2891700,0.021708618896898457,-0.12322558345699937,71.07571302141461,,Monday
1290,MET,MetLife,2025-04-15,72.70999908447266,73.94999694824219,72.55999755859375,73.0199966430664,2353000,-0.00328989546003422,-0.42453789762421984,71.59571293422154,,Tuesday
1291,MET,MetLife,2025-04-16,71.69999694824219,73.29000091552734,71.16000366210938,72.37999725341797,4293700,-0.01389082861983082,-0.939486503149418,71.93285587855748,,Wednesday
1292,MET,MetLife,2025-04-17,72.55000305175781,73.45999908447266,71.91000366210938,72.30000305175781,2739200,0.011855036815820341,0.34578145151810175,72.52285657610211,,Thursday
1293,MET,MetLife,2025-04-21,70.4000015258789,72.27999877929688,69.62000274658203,71.79000091552734,3396200,-0.02963475445128616,-1.9362019388800382,71.83142852783203,,Monday
1294,MET,MetLife,2025-04-22,73.08999633789062,73.27999877929688,71.12999725341797,72.12999725341797,3847100,0.03821015275152906,1.3309290462050662,72.11428506033761,,Tuesday
1295,MET,MetLife,2025-04-23,74.23999786376953,76.94000244140625,74.01000213623047,74.75,3673900,0.015734048207671547,-0.6822771053250418,72.51999882289341,,Wednesday
1296,MET,MetLife,2025-04-24,75.86000061035156,76.19999694824219,73.76000213623047,74.23999786376953,2091600,0.021821158313537925,2.182115831353791,72.93571363176618,,Thursday
1297,MET,MetLife,2025-04-25,75.19000244140625,75.55999755859375,74.38999938964844,75.30000305175781,3030300,-0.008832034847807368,-0.1460831419567846,73.28999982561383,,Friday
1298,MET,MetLife,2025-04-28,75.94000244140625,76.7300033569336,75.51000213623047,75.66000366210938,4129500,0.009974730358393913,0.37007502741782017,73.89571489606585,,Monday
1299,MET,MetLife,2025-04-29,76.41999816894531,76.61000061035156,75.26000213623047,75.58000183105469,2510800,0.006320723098599101,1.111400261365809,74.44857134137835,,Tuesday
1300,MET,MetLife,2025-04-30,75.37000274658203,75.5199966430664,73.23999786376953,74.56999969482422,3667000,-0.013739799103920536,1.072821583789465,75.1585715157645,,Wednesday
1301,MET,MetLife,2025-05-01,75.7699966430664,77.25,74.7699966430664,76.36000061035156,3267100,0.0053070702123931834,-0.7726610300801566,75.5414287022182,,Thursday
1302,META,Meta Platforms,2025-04-02,583.9299926757812,592.6599731445312,573.3599853515625,574.9099731445312,13470800,,1.5689446961433013,,,Wednesday
1303,META,Meta Platforms,2025-04-03,531.6199951171875,552.5599975585938,530.2999877929688,546.219970703125,34777500,-0.08958265239791874,-2.672911348727069,,,Thursday
1304,META,Meta Platforms,2025-04-04,504.7300109863281,518.0,494.2000122070313,506.6199951171875,38589800,-0.05058121285474204,-0.37305754788106976,,,Friday
1305,META,Meta Platforms,2025-04-07,516.25,539.3699951171875,481.8999938964844,485.1000061035156,36606100,0.022824061900261983,6.42135508236569,,,Monday
1306,META,Meta Platforms,2025-04-08,510.4500122070313,547.4299926757812,502.8599853515625,543.25,28034200,-0.011234843182505894,-6.037733602019087,,,Tuesday
1307,META,Meta Platforms,2025-04-09,585.77001953125,587.8900146484375,502.1099853515625,509.2699890136719,39216600,0.14755608879027693,15.021507681169174,,,Wednesday
1308,META,Meta Platforms,2025-04-10,546.2899780273438,581.2999877929688,535.2999877929688,575.489990234375,28173500,-0.0673985355814204,-5.073939200078737,539.8628583635602,,Thursday
1309,META,Meta Platforms,2025-04-11,543.5700073242188,547.4000244140625,528.5900268554688,535.510009765625,17642300,-0.004978987007865032,1.5051067975594599,534.09714617048,,Friday
1310,META,Meta Platforms,2025-04-14,531.47998046875,557.77001953125,528.280029296875,556.1699829101562,14130900,-0.022241894682495822,-4.439290720476491,534.077144077846,,Monday
1311,META,Meta Platforms,2025-04-15,521.52001953125,537.9400024414062,517.5,532.1099853515625,15558700,-0.018740049114767454,-1.990183629671178,536.4757167271206,,Tuesday
1312,META,Meta Platforms,2025-04-16,502.30999755859375,513.3699951171875,495.6300048828125,508.510009765625,18735100,-0.0368346779667682,-1.2192507694959376,534.4842878069196,,Wednesday
1313,META,Meta Platforms,2025-04-17,501.4800109863281,507.2999877929688,498.010009765625,505.25,14593500,-0.0016523393448262258,-0.7461630902863682,533.202859061105,,Thursday
1314,META,Meta Platforms,2025-04-21,484.6600036621094,493.5,479.7999877929688,491.3299865722656,16166000,-0.03354073334076979,-1.3575362978940055,518.7585710797991,,Monday
1315,META,Meta Platforms,2025-04-22,500.2799987792969,506.8800048828125,486.3599853515625,491.8699951171875,17399400,0.03222876861957302,1.7098021317819356,512.1857169015067,,Tuesday
1316,META,Meta Platforms,2025-04-23,520.27001953125,535.3400268554688,516.52001953125,528.530029296875,18173900,0.039957665308886225,-1.5628269554737746,508.8571472167969,,Wednesday
1317,META,Meta Platforms,2025-04-24,533.1500244140625,533.9000244140625,517.5,518.72998046875,13910000,0.02475638495260024,2.779874788089525,509.0957249232701,,Thursday
1318,META,Meta Platforms,2025-04-25,547.27001953125,549.8599853515625,536.25,546.7999877929688,17098900,0.02648409353953518,0.0859604514949651,512.7742963518415,,Friday
1319,META,Meta Platforms,2025-04-28,549.739990234375,558.489990234375,540.5900268554688,555.6400146484375,15179000,0.004513257834296569,-1.0618429664025442,519.5500095912388,,Monday
1320,META,Meta Platforms,2025-04-29,554.4400024414062,556.5700073242188,544.1199951171875,546.0,11835000,0.008549518482414697,1.5457879929315477,527.11572265625,,Tuesday
1321,META,Meta Platforms,2025-04-30,549.0,549.0999755859375,529.5,538.4000244140625,29244000,-0.009811706257578656,1.968791810043729,536.30715070452,,Wednesday
1322,META,Meta Platforms,2025-05-01,572.2100219726562,592.9500122070312,570.5,592.0800170898438,31159000,0.042276907054018764,-3.355964488524931,546.5828683035714,,Thursday
1323,MMM,3M,2025-04-02,147.75999450683594,148.1699981689453,145.58999633789062,145.7100067138672,4411100,,1.406895682184917,,,Wednesday
1324,MMM,3M,2025-04-03,139.74000549316406,144.49000549316406,138.85000610351562,142.83999633789062,6712300,-0.05427713394575717,-2.17025407743184,,,Thursday
1325,MMM,3M,2025-04-04,126.91000366210938,135.30999755859375,126.43000030517578,134.19000244140625,9609100,-0.09181337717696247,-5.425142444926678,,,Friday
1326,MMM,3M,2025-04-07,128.5500030517578,134.3699951171875,121.9800033569336,124.7300033569336,7174700,0.012922538352570179,3.0626149218425955,,,Monday
1327,MMM,3M,2025-04-08,127.16000366210938,133.8699951171875,124.81999969482422,132.24000549316406,5496800,-0.010812908258654663,-3.8415015275519555,,,Tuesday
1328,MMM,3M,2025-04-09,138.32000732421875,139.22999572753906,123.44000244140624,125.0,6428100,0.08776347389674366,10.656005859375,,,Wednesday
1329,MMM,3M,2025-04-10,132.97000122070312,135.7899932861328,128.67999267578125,135.75,4757100,-0.0386784689143006,-2.0478812370511053,134.48714556012834,,Thursday
1330,MMM,3M,2025-04-11,135.9499969482422,136.49000549316406,131.66000366210938,133.1300048828125,3337600,0.022411037829449088,2.1182242635024178,132.8000030517578,,Friday
1331,MMM,3M,2025-04-14,136.00999450683594,138.2899932861328,134.42999267578125,138.11000061035156,3815800,0.0004413207792610674,-1.520531528661963,132.26714433942522,,Monday
1332,MMM,3M,2025-04-15,135.25999450683594,137.47000122070312,135.13999938964844,136.00999450683594,2541700,-0.005514300641798142,-0.5514300641798089,133.46000017438615,,Tuesday
1333,MMM,3M,2025-04-16,130.4600067138672,134.47999572753906,129.8699951171875,133.50999450683594,5635500,-0.03548712101068552,-2.2844640240117644,133.73285784040178,,Wednesday
1334,MMM,3M,2025-04-17,130.2100067138672,132.9499969482422,130.0800018310547,130.33999633789062,4952000,-0.0019162960841195842,-0.09973118587977797,134.16857256208147,,Thursday
1335,MMM,3M,2025-04-21,126.08999633789062,129.83999633789062,124.6500015258789,129.0,5971800,-0.03164127304770181,-2.2558167923328485,132.42142813546317,,Monday
1336,MMM,3M,2025-04-22,136.3300018310547,137.27000427246094,130.36000061035156,133.2899932861328,7943800,0.08121187874193714,2.2807477665603204,132.90142822265625,,Tuesday
1337,MMM,3M,2025-04-23,136.05999755859375,142.14999389648438,135.1999969482422,139.3800048828125,4655800,-0.00198051983301184,-2.381982499577422,132.9171425955636,,Wednesday
1338,MMM,3M,2025-04-24,138.8800048828125,139.75999450683594,135.1199951171875,135.63999938964844,2921100,0.02072620443054407,2.38867996737202,133.327144077846,,Thursday
1339,MMM,3M,2025-04-25,137.32000732421875,139.0,137.10000610351562,139.0,2141300,-0.011232700919834193,-1.2086278243030575,133.6214316231864,,Friday
1340,MMM,3M,2025-04-28,137.92999267578125,138.41000366210938,136.0399932861328,137.32000732421875,2499900,0.004442071941652914,0.4442071941653025,134.6885724748884,,Monday
1341,MMM,3M,2025-04-29,138.3800048828125,139.22000122070312,136.83999633789062,137.5,1917200,0.003262613143821813,0.6400035511363636,135.85571507045202,,Tuesday
1342,MMM,3M,2025-04-30,138.91000366210938,139.30999755859375,134.85000610351562,137.6300048828125,3062800,0.003830024285269351,0.9300288700757895,137.68714468819755,,Wednesday
1343,MMM,3M,2025-05-01,137.89999389648438,140.25,137.6699981689453,138.27999877929688,2236300,-0.007270964934115165,-0.2748082775289942,137.91142926897322,,Thursday
1344,MO,Altria,2025-04-02,57.119998931884766,58.91999816894531,55.709999084472656,58.77999877929688,20161000,,-2.8240896255288646,,,Wednesday
1345,MO,Altria,2025-04-03,57.88999938964844,59.2400016784668,57.77000045776367,58.0,14319800,0.013480400423009353,-0.18965622474407326,,,Thursday
1346,MO,Altria,2025-04-04,56.06999969482422,58.83000183105469,55.810001373291016,57.650001525878906,16333000,-0.03143893097275896,-2.740679599714199,,,Friday
1347,MO,Altria,2025-04-07,55.65999984741211,56.16999816894531,52.81999969482422,53.0,16833100,-0.00731228552958163,5.018867636626621,,,Monday
1348,MO,Altria,2025-04-08,55.560001373291016,56.970001220703125,55.08000183105469,56.43999862670898,12315600,-0.0017965949406257842,-1.5591730595853035,,,Tuesday
1349,MO,Altria,2025-04-09,56.36000061035156,57.150001525878906,54.93999862670898,55.0099983215332,15940600,0.014398834004441197,2.454103490292077,,,Wednesday
1350,MO,Altria,2025-04-10,56.380001068115234,56.77000045776367,55.5099983215332,56.52999877929688,13148000,0.00035486972226883573,-0.26534179094407084,56.43428584507534,,Thursday
1351,MO,Altria,2025-04-11,56.650001525878906,56.93999862670898,55.93000030517578,56.560001373291016,9760300,0.004788940274007336,0.1591233210796753,56.36714335850307,,Friday
1352,MO,Altria,2025-04-14,57.130001068115234,57.5099983215332,56.43000030517578,56.790000915527344,9782600,0.008473072008957638,0.5986972127252226,56.258572169712615,,Monday
1353,MO,Altria,2025-04-15,57.52000045776367,57.900001525878906,57.16999816894531,57.650001525878906,6384000,0.006826525159407071,-0.22550054583585274,56.46571513584682,,Tuesday
1354,MO,Altria,2025-04-16,57.27000045776367,58.18999862670898,57.060001373291016,57.9900016784668,8526100,-0.0043463142908625185,-1.241595447255316,56.6957152230399,,Wednesday
1355,MO,Altria,2025-04-17,58.15999984741211,58.52000045776367,57.43999862670898,57.47999954223633,8765200,0.015540411778149243,1.1830207212790889,57.06714357648577,,Thursday
1356,MO,Altria,2025-04-21,57.630001068115234,58.45000076293945,57.02000045776367,58.29999923706055,6727900,-0.009112771332313807,-1.1492250046538652,57.24857221330915,,Monday
1357,MO,Altria,2025-04-22,58.81999969482422,59.0,57.77999877929688,57.79999923706055,9475200,0.020648943339467873,1.7647066976251136,57.59714344569615,,Tuesday
1358,MO,Altria,2025-04-23,58.560001373291016,58.93000030517578,57.95000076293945,58.52999877929688,8942500,-0.004420236703198799,0.05126019924802387,57.870000566755024,,Wednesday
1359,MO,Altria,2025-04-24,58.709999084472656,58.77999877929688,58.22999954223633,58.4900016784668,6053700,0.0025614362647548017,0.3761282265219217,58.0957145690918,,Thursday
1360,MO,Altria,2025-04-25,58.2599983215332,58.93000030517578,57.95000076293945,58.75,5680300,-0.007664806165164295,-0.83404541015625,58.2014285496303,,Friday
1361,MO,Altria,2025-04-28,58.18999862670898,58.77999877929688,57.869998931884766,58.25,8849800,-0.0012015052667510018,-0.10300664942664846,58.332856859479634,,Monday
1362,MO,Altria,2025-04-29,58.77000045776367,59.43999862670898,56.810001373291016,57.0,12724200,0.009967380043698348,3.105263960988898,58.41999980381557,,Tuesday
1363,MO,Altria,2025-04-30,59.150001525878906,59.65999984741211,58.58000183105469,59.119998931884766,13422300,0.006465902078532926,0.05074863757813694,58.63714272635324,,Wednesday
1364,MO,Altria,2025-05-01,59.310001373291016,59.560001373291016,58.61000061035156,58.91999816894531,9436800,0.002704984670915067,0.6619199193242004,58.70714296613421,,Thursday
1365,MRK,Merck & Co.,2025-04-02,86.5999984741211,87.06999969482422,85.31999969482422,86.87999725341797,10590800,,-0.3222822147198669,,,Wednesday
1366,MRK,Merck & Co.,2025-04-03,86.38999938964844,88.9000015258789,86.26000213623047,88.7300033569336,12684100,-0.00242493173409708,-2.6372183914746827,,,Thursday
1367,MRK,Merck & Co.,2025-04-04,81.47000122070312,86.2699966430664,81.08000183105469,86.12000274658203,22965700,-0.05695101520668422,-5.399444237783025,,,Friday
1368,MRK,Merck & Co.,2025-04-07,81.18000030517578,83.20999908447266,79.30000305175781,81.01000213623047,26582000,-0.0035596036722981284,0.20984836990799613,,,Monday
1369,MRK,Merck & Co.,2025-04-08,78.94999694824219,83.2699966430664,77.54000091552734,83.20999908447266,20571600,-0.02746986140121288,-5.1195795975262826,,,Tuesday
1370,MRK,Merck & Co.,2025-04-09,81.91000366210938,81.98999786376953,76.0,76.76000213623047,22928300,0.03749217008593053,6.709225355073463,,,Wednesday
1371,MRK,Merck & Co.,2025-04-10,77.55000305175781,81.12000274658203,75.95999908447266,80.61000061035156,19466900,-0.05322915902112757,-3.7960520226082215,82.00714329310826,,Thursday
1372,MRK,Merck & Co.,2025-04-11,79.18000030517578,79.44000244140625,76.3499984741211,77.87000274658203,16194400,0.021018661370394653,1.6822878032468673,80.9471435546875,,Friday
1373,MRK,Merck & Co.,2025-04-14,79.16999816894531,80.0199966430664,78.36000061035156,80.0199966430664,15796700,-0.00012632149775093637,-1.06223257907965,79.91571480887276,,Monday
1374,MRK,Merck & Co.,2025-04-15,78.38999938964844,79.95999908447266,77.72000122070312,79.55000305175781,16042500,-0.00985220155787292,-1.458206936025683,79.47571454729352,,Tuesday
1375,MRK,Merck & Co.,2025-04-16,76.45999908447266,78.69000244140625,75.93000030517578,78.47000122070312,16551300,-0.024620491391796562,-2.5614911494357924,78.80142865862165,,Wednesday
1376,MRK,Merck & Co.,2025-04-17,78.0,78.75,76.87999725341797,76.88999938964844,21305700,0.020141262542077154,1.4436215621832869,78.66571480887276,,Thursday
1377,MRK,Merck & Co.,2025-04-21,77.8499984741211,78.19000244140625,76.98999786376953,78.08000183105469,11010000,-0.0019230964856270516,-0.2945739645745176,78.08571406773159,,Monday
1378,MRK,Merck & Co.,2025-04-22,78.97000122070312,79.04000091552734,77.66000366210938,78.02999877929688,12918200,0.014386676538655774,1.2046680201354225,78.28857094900948,,Tuesday
1379,MRK,Merck & Co.,2025-04-23,78.73999786376953,80.19999694824219,78.0,78.5,17935700,-0.0029125408810718456,0.30572976276373404,78.22571345738002,,Wednesday
1380,MRK,Merck & Co.,2025-04-24,79.83999633789062,79.97000122070312,76.02999877929688,78.27999877929688,18471500,0.01397000894036382,1.9928431054170261,78.32142748151507,,Thursday
1381,MRK,Merck & Co.,2025-04-25,82.73999786376953,83.27999877929688,78.05999755859375,80.16999816894531,28378000,0.03632266606834267,3.205687605740441,78.94285583496094,,Friday
1382,MRK,Merck & Co.,2025-04-28,83.19000244140625,83.68000030517578,82.4000015258789,83.0,14241000,0.005438779178815523,0.22891860410391568,79.90428488595145,,Monday
1383,MRK,Merck & Co.,2025-04-29,84.70999908447266,85.69000244140625,82.75,83.77999877929688,18802900,0.018271385965362708,1.110050511728578,80.86285618373326,,Tuesday
1384,MRK,Merck & Co.,2025-04-30,85.19999694824219,85.83000183105469,83.79000091552734,85.2699966430664,13825100,0.0057844158784714494,-0.08209182312652367,81.91285596575055,,Wednesday
1385,MRK,Merck & Co.,2025-05-01,83.26000213623047,84.58000183105469,83.16999816894531,84.51000213623047,10036400,-0.022769892975351147,-1.4791148602564166,82.52571323939732,,Thursday
1386,MS,Morgan Stanley,2025-04-02,118.32064056396484,119.39204588011545,112.9735440738799,113.06283163455912,8415300,,4.65034251609758,,,Wednesday
1387,MS,Morgan Stanley,2025-04-03,107.07090759277344,110.50336604915395,106.02926227257512,109.2335557032868,15186100,-0.09507836432908534,-1.9798386096556282,,,Thursday
1388,MS,Morgan Stanley,2025-04-04,99.03538513183594,102.87457625533808,96.5354393331832,100.73177313944544,18876900,-0.07504860696146598,-1.684064476122294,,,Friday
1389,MS,Morgan Stanley,2025-04-07,100.11669921875,103.50947502355908,93.5791576691676,95.50371058835184,20721400,0.010918461976743066,4.830166913913384,,,Monday
1390,MS,Morgan Stanley,2025-04-08,99.51155853271484,106.08879046398668,97.48779544375942,104.3824799633772,10710100,-0.006044353147449999,-4.6664166557178195,,,Tuesday
1391,MS,Morgan Stanley,2025-04-09,110.81089782714844,112.99339101544032,97.11082378715014,97.41835385635788,16919500,0.11354800850314173,13.747454602381898,,,Wednesday
1392,MS,Morgan Stanley,2025-04-10,105.73165130615234,108.00342437925768,102.58688554070076,107.90421429965792,10956700,-0.04583706675600718,-2.013418111244675,105.79967716761998,,Thursday
1393,MS,Morgan Stanley,2025-04-11,107.2593994140625,108.33079718041522,102.07102534129211,102.07102534129211,10573200,0.01444929771773329,5.083101747456893,104.21949986049107,,Friday
1394,MS,Morgan Stanley,2025-04-14,108.24151611328124,110.61249178918844,107.68597597559592,109.60061402859488,8224500,0.009156462786327868,-1.2400458951434803,104.38672964913505,,Monday
1395,MS,Morgan Stanley,2025-04-15,109.56092834472656,111.25731627502252,109.18394820332756,109.21370820003456,6003800,0.012189520978849622,0.3179272551171306,105.890378679548,,Tuesday
1396,MS,Morgan Stanley,2025-04-16,107.00146484375,109.44188301604136,105.8010970172571,108.70777533055534,6520100,-0.02336109724192348,-1.5696305821886598,106.87391662597656,,Wednesday
1397,MS,Morgan Stanley,2025-04-17,108.31095886230467,109.86846181050603,107.28915857744649,107.65620863977414,5231700,0.012238094314567238,0.6081862168501418,108.13097381591797,,Thursday
1398,MS,Morgan Stanley,2025-04-21,105.45388793945312,107.4677285569832,103.94598243038612,107.27923847618308,7784500,-0.026378410392282947,-1.7014946812240843,107.36568668910435,,Monday
1399,MS,Morgan Stanley,2025-04-22,109.50140380859376,109.81885639668474,107.11059066017934,107.1601881331727,6571300,0.03838185531352378,2.1847812291179785,107.9042227608817,,Tuesday
1400,MS,Morgan Stanley,2025-04-23,111.4160385131836,115.68181463317244,111.03906594135503,112.34855877398732,9243800,0.01748502428276244,-0.8300242308222995,108.49802834647042,,Wednesday
1401,MS,Morgan Stanley,2025-04-24,114.67985534667967,114.97747045942428,110.35455910181436,110.97954932484464,6640700,0.029293958724891045,3.3342233270419825,109.41779109409877,,Thursday
1402,MS,Morgan Stanley,2025-04-25,115.08659362792967,116.16791388725906,114.05487084080812,114.78897852001644,5013200,0.003546728237670216,0.2592715012803549,110.20717184884208,,Friday
1403,MS,Morgan Stanley,2025-04-28,114.90802764892578,116.96155072935414,112.92394708547164,114.95762512181211,4171200,-0.0015515793227940389,-0.04314413492256674,111.33668082101005,,Monday
1404,MS,Morgan Stanley,2025-04-29,115.28499603271484,115.54292861579697,113.3207605848838,114.46160081238848,4689800,0.003280609644965793,0.7193637119193976,112.33297184535435,,Tuesday
1405,MS,Morgan Stanley,2025-04-30,115.41999816894533,115.81999969482422,112.02999877929688,113.11000061035156,6502400,0.0011710295430999995,2.0422575776932304,113.75670187813895,,Wednesday
1406,MS,Morgan Stanley,2025-05-01,116.76000213623048,117.81999969482422,114.66999816894533,115.54000091552734,7743600,0.011609807559723961,1.055912420837781,114.79364449637276,,Thursday
1407,MSFT,Microsoft,2025-04-02,382.1400146484375,385.0799865722656,376.6199951171875,377.9700012207031,16092600,,1.1032657126932763,,,Wednesday
1408,MSFT,Microsoft,2025-04-03,373.1099853515625,377.4800109863281,369.3500061035156,374.7900085449219,30198000,-0.02363015897506171,-0.4482571987129186,,,Thursday
1409,MSFT,Microsoft,2025-04-04,359.8399963378906,374.5899963378906,359.4800109863281,364.1300048828125,49209900,-0.035565890848963,-1.1781529913478355,,,Friday
1410,MSFT,Microsoft,2025-04-07,357.8599853515625,371.0,344.7900085449219,350.8800048828125,50425000,-0.005502476118493749,1.989278491682986,,,Monday
1411,MSFT,Microsoft,2025-04-08,354.5599975585937,373.6499938964844,350.25,368.260009765625,35868900,-0.009221449527884173,-3.720200902549948,,,Tuesday
1412,MSFT,Microsoft,2025-04-09,390.489990234375,393.2300109863281,353.1000061035156,353.5400085449219,50199700,0.10133684827162037,10.451428635058752,,,Wednesday
1413,MSFT,Microsoft,2025-04-10,381.3500061035156,383.8999938964844,367.7999877929688,382.05999755859375,38024400,-0.023406449229014803,-0.18583245029970424,371.33571079799106,,Thursday
1414,MSFT,Microsoft,2025-04-11,388.4500122070313,390.0499877929688,378.8900146484375,380.6400146484375,23839200,0.01861808309919999,2.0518067617791553,372.2371390206473,,Friday
1415,MSFT,Microsoft,2025-04-14,387.80999755859375,394.6499938964844,384.2099914550781,393.2200012207031,19251200,-0.001647611348500777,-1.3758210786111298,374.33714076450894,,Monday
1416,MSFT,Microsoft,2025-04-15,385.7300109863281,391.8900146484375,384.1600036621094,388.510009765625,17199900,-0.005363416583790803,-0.7155539649992427,378.0357142857143,,Tuesday
1417,MSFT,Microsoft,2025-04-16,371.6099853515625,381.6099853515625,368.0,380.6700134277344,21967800,-0.03660598147045935,-2.380021477024434,380.0,,Wednesday
1418,MSFT,Microsoft,2025-04-17,367.7799987792969,374.3200073242188,366.8900146484375,373.75,20943700,-0.010306468403001201,-1.5973247413252507,381.8885716029576,,Thursday
1419,MSFT,Microsoft,2025-04-21,359.1199951171875,364.4800109863281,355.6700134277344,362.8200073242188,20807300,-0.02354669555400757,-1.019792771164614,377.40714372907365,,Monday
1420,MSFT,Microsoft,2025-04-22,366.8200073242188,367.7699890136719,359.8599853515625,363.3800048828125,19485000,0.021441335240937054,0.9466680596571855,375.3314296177455,,Tuesday
1421,MSFT,Microsoft,2025-04-23,374.3900146484375,380.3900146484375,373.0199890136719,376.05999755859375,20545500,0.020636844155362155,-0.4440735310849037,373.32285853794644,,Wednesday
1422,MSFT,Microsoft,2025-04-24,387.2999877929688,388.4500122070313,375.1900024414063,375.7000122070313,22232300,0.034482685540249136,3.0875632709709033,373.25,,Thursday
1423,MSFT,Microsoft,2025-04-25,391.8500061035156,392.1600036621094,384.6000061035156,387.0,18973200,0.011748046614912466,1.2532315512960273,374.12428501674106,,Friday
1424,MSFT,Microsoft,2025-04-28,391.1600036621094,392.739990234375,386.6400146484375,391.9599914550781,16579400,-0.001760884089979986,-0.20409934952772732,376.9171447753906,,Monday
1425,MSFT,Microsoft,2025-04-29,394.0400085449219,395.1000061035156,390.3800048828125,391.2999877929688,14974000,0.007362728438105481,0.7002353277360115,380.66857474190846,,Tuesday
1426,MSFT,Microsoft,2025-04-30,395.260009765625,396.6600036621094,384.4400024414063,390.2999877929688,36461100,0.003096135403123812,1.2708229894404182,385.83143397739957,,Wednesday
1427,MSFT,Microsoft,2025-05-01,425.3999938964844,436.989990234375,424.8999938964844,431.1099853515625,58938100,0.07625356318928223,-1.3244860126405398,394.2000034877232,,Thursday
1428,NEE,NextEra Energy,2025-04-02,70.4800033569336,71.29000091552734,70.12999725341797,71.08999633789062,8480100,,-0.8580574094528514,,,Wednesday
1429,NEE,NextEra Energy,2025-04-03,72.13999938964844,72.95999908447266,71.37000274658203,71.66999816894531,13652700,0.023552723519436825,0.6557851719142042,,,Thursday
1430,NEE,NextEra Energy,2025-04-04,66.91000366210938,73.41999816894531,66.86000061035156,72.79000091552734,20993500,-0.07249786209853404,-8.078028821900544,,,Friday
1431,NEE,NextEra Energy,2025-04-07,65.05999755859375,67.2699966430664,63.93000030517578,65.5,19494900,-0.02764917056137106,-0.6717594525286259,,,Monday
1432,NEE,NextEra Energy,2025-04-08,64.11000061035156,66.58000183105469,63.20000076293945,66.43000030517578,14232600,-0.014601859574104759,-3.492397537507553,,,Tuesday
1433,NEE,NextEra Energy,2025-04-09,67.58000183105469,67.79000091552734,61.720001220703125,63.38999938964844,23207800,0.05412573994177805,6.609879289714074,,,Wednesday
1434,NEE,NextEra Energy,2025-04-10,66.72000122070312,67.5,65.23999786376953,66.80000305175781,12801900,-0.012725667165584098,-0.11976321467036563,67.57142966134208,,Thursday
1435,NEE,NextEra Energy,2025-04-11,65.80999755859375,66.98999786376953,64.5999984741211,66.44999694824219,14856900,-0.01363914336720673,-0.9631292987822591,66.90428597586495,,Friday
1436,NEE,NextEra Energy,2025-04-14,67.69000244140625,68.12000274658203,65.95999908447266,66.4800033569336,11588800,0.0285671623242143,1.8200948005013273,66.26857212611607,,Monday
1437,NEE,NextEra Energy,2025-04-15,67.66000366210938,68.44000244140625,67.52999877929688,67.86000061035156,7851700,-0.0004431788774544865,-0.29471993286672526,66.37571498325893,,Tuesday
1438,NEE,NextEra Energy,2025-04-16,65.63999938964844,68.05000305175781,65.30000305175781,67.94999694824219,11356100,-0.029855219673778577,-3.399555058631254,66.45857238769531,,Wednesday
1439,NEE,NextEra Energy,2025-04-17,66.30999755859375,67.33999633789062,65.97000122070312,66.04000091552734,11212300,0.01020716293685675,0.4088380365284407,66.77285766601562,,Thursday
1440,NEE,NextEra Energy,2025-04-21,64.68000030517578,66.05999755859375,63.63999938964844,65.81999969482422,11568700,-0.024581470569014052,-1.7319954344182136,66.35857173374721,,Monday
1441,NEE,NextEra Energy,2025-04-22,66.63999938964844,66.80000305175781,65.3499984741211,65.45999908447266,14352000,0.030303016005332584,1.8026280502281302,66.3471429007394,,Tuesday
1442,NEE,NextEra Energy,2025-04-23,67.2699966430664,69.0999984741211,66.98999786376953,67.55000305175781,19476200,0.00945374038397473,-0.4145172406237512,66.5557141985212,,Wednesday
1443,NEE,NextEra Energy,2025-04-24,66.3499984741211,67.19999694824219,65.23999786376953,67.04000091552734,13724700,-0.013676203580428425,-1.0292399045096619,66.36428506033761,,Thursday
1444,NEE,NextEra Energy,2025-04-25,66.08999633789062,66.87000274658203,65.36000061035156,66.66000366210938,9640200,-0.003918645700223822,-0.8550964490011742,66.13999829973493,,Friday
1445,NEE,NextEra Energy,2025-04-28,66.19000244140625,66.33999633789062,65.27999877929688,66.16000366210938,7123500,0.0015131806484651733,0.04534277151809721,66.21857016427177,,Monday
1446,NEE,NextEra Energy,2025-04-29,67.25,67.4000015258789,65.72000122070312,66.05000305175781,8891500,0.016014466225954482,1.816800746098151,66.3528562273298,,Tuesday
1447,NEE,NextEra Energy,2025-04-30,66.87999725341797,67.20999908447266,65.45999908447266,67.01000213623047,13763500,-0.005501899577427971,-0.19400817589619196,66.66714150565011,,Wednesday
1448,NEE,NextEra Energy,2025-05-01,66.05000305175781,67.62999725341797,65.94000244140625,67.48999786376953,11487900,-0.012410200893328227,-2.133641810032931,66.58285631452289,,Thursday
1449,NFLX,"Netflix, Inc.",2025-04-02,935.52001953125,949.5499877929688,916.1099853515624,923.0,3256900,,1.3564484865926327,,,Wednesday
1450,NFLX,"Netflix, Inc.",2025-04-03,917.0499877929688,946.5900268554688,900.469970703125,901.7999877929688,5864600,-0.019743064127623722,1.6910623426955544,,,Thursday
1451,NFLX,"Netflix, Inc.",2025-04-04,855.8599853515625,906.6300048828124,853.8699951171875,896.5,6798800,-0.06672482771486643,-4.533186240762689,,,Friday
1452,NFLX,"Netflix, Inc.",2025-04-07,867.8300170898438,906.739990234375,821.0999755859375,827.8499755859375,6656800,0.013985969601516324,4.829382458531703,,,Monday
1453,NFLX,"Netflix, Inc.",2025-04-08,870.4000244140625,922.4199829101562,857.7000122070312,912.4400024414062,5625400,0.00296141787401738,-4.607423821276776,,,Tuesday
1454,NFLX,"Netflix, Inc.",2025-04-09,945.469970703125,951.4299926757812,854.4000244140625,855.9299926757812,7498000,0.08624763807836322,10.46113336295492,,,Wednesday
1455,NFLX,"Netflix, Inc.",2025-04-10,921.1699829101562,941.239990234375,894.0,931.9400024414062,5129800,-0.02570149084153084,-1.155655890189899,901.8999982561384,,Thursday
1456,NFLX,"Netflix, Inc.",2025-04-11,918.2899780273438,944.8599853515624,906.6799926757812,920.0,4073600,-0.003126464101352977,-0.18587195354959238,899.4385637555804,,Friday
1457,NFLX,"Netflix, Inc.",2025-04-14,931.280029296875,948.97998046875,919.5,932.7000122070312,4035900,0.014145914232273737,-0.15224433275133878,901.4714268275669,,Monday
1458,NFLX,"Netflix, Inc.",2025-04-15,976.280029296875,993.4500122070312,948.0,950.0,7712000,0.04832058949441387,2.766318873355263,918.6742902483259,,Tuesday
1459,NFLX,"Netflix, Inc.",2025-04-16,961.6300048828124,981.2100219726562,949.1699829101562,976.280029296875,6066100,-0.015005965475513916,-1.500596547551391,932.0742885044643,,Wednesday
1460,NFLX,"Netflix, Inc.",2025-04-17,973.030029296875,984.7000122070312,956.0,969.0,8763200,0.01185489674425444,0.41589569627192985,946.7357177734375,,Thursday
1461,NFLX,"Netflix, Inc.",2025-04-21,987.9099731445312,1019.0,973.0499877929688,984.4000244140624,9775700,0.015292378857421962,0.3565571559750891,952.7985752650669,,Monday
1462,NFLX,"Netflix, Inc.",2025-04-22,1040.3399658203125,1064.969970703125,1004.52001953125,1005.2999877929688,9368900,0.05307163010906324,3.4855245650873194,969.8228585379464,,Tuesday
1463,NFLX,"Netflix, Inc.",2025-04-23,1049.5899658203125,1061.25,1032.0,1047.219970703125,6471900,0.008891324282352508,0.22631301765532955,988.5799996512277,,Wednesday
1464,NFLX,"Netflix, Inc.",2025-04-24,1096.8699951171875,1101.0,1047.02001953125,1048.0,6381900,0.04504619026147316,4.663167473014075,1012.2357090541294,,Thursday
1465,NFLX,"Netflix, Inc.",2025-04-25,1101.530029296875,1106.800048828125,1091.0,1097.0400390625,3950000,0.004248483594621044,0.40928225721023104,1030.1285661969866,,Friday
1466,NFLX,"Netflix, Inc.",2025-04-28,1110.3800048828125,1114.0,1082.6199951171875,1100.0,3831100,0.008034257215471907,0.9436368075284091,1051.3785661969866,,Monday
1467,NFLX,"Netflix, Inc.",2025-04-29,1125.6400146484375,1127.81005859375,1095.47998046875,1103.9200439453125,3777300,0.013743051656658345,1.9675311470475478,1073.1799926757812,,Tuesday
1468,NFLX,"Netflix, Inc.",2025-04-30,1131.719970703125,1133.199951171875,1101.1099853515625,1112.6500244140625,4266700,0.005401332553539584,1.7139213472902235,1093.7242780412946,,Wednesday
1469,NFLX,"Netflix, Inc.",2025-05-01,1133.469970703125,1142.4200439453125,1111.8299560546875,1122.52001953125,3499500,0.0015463189174904635,0.9754793661896167,1107.028564453125,,Thursday
1470,NKE,"Nike, Inc.",2025-04-02,64.95999908447266,65.4000015258789,64.16000366210938,64.30000305175781,11161400,,1.0264323505297268,,,Wednesday
1471,NKE,"Nike, Inc.",2025-04-03,55.58000183105469,58.68000030517578,55.400001525878906,56.369998931884766,71499500,-0.14439651147809307,-1.4014495579194153,,,Thursday
1472,NKE,"Nike, Inc.",2025-04-04,57.25,59.220001220703125,52.5,53.220001220703125,67775700,0.030046745482692927,7.572338757724725,,,Friday
1473,NKE,"Nike, Inc.",2025-04-07,55.61000061035156,57.18000030517578,53.400001525878906,55.400001525878906,45374400,-0.028646277548444288,0.37905970882430345,,,Monday
1474,NKE,"Nike, Inc.",2025-04-08,53.27000045776367,58.77000045776367,52.369998931884766,58.77000045776367,30404300,-0.04207876509449826,-9.358516176893165,,,Tuesday
1475,NKE,"Nike, Inc.",2025-04-09,59.31999969482422,59.54999923706055,52.47999954223633,53.27999877929688,44732500,0.11357235188795278,11.336338314396343,,,Wednesday
1476,NKE,"Nike, Inc.",2025-04-10,54.400001525878906,57.25,52.27999877929688,57.22999954223633,53919800,-0.08293995607310478,-4.944955511084452,57.1985718863351,,Thursday
1477,NKE,"Nike, Inc.",2025-04-11,54.38999938964844,55.02999877929688,52.86000061035156,54.400001525878906,22617100,-0.00018386279319704268,-0.01838627931969925,55.68857192993164,,Friday
1478,NKE,"Nike, Inc.",2025-04-14,55.40999984741211,56.68999862670898,54.66999816894531,55.63999938964844,28346600,0.018753455951643128,-0.41337085686438463,55.66428593226841,,Monday
1479,NKE,"Nike, Inc.",2025-04-15,54.83000183105469,55.38999938964844,54.16999816894531,54.68000030517578,15977100,-0.010467388882054118,0.2743261248019922,55.31857190813337,,Tuesday
1480,NKE,"Nike, Inc.",2025-04-16,53.54999923706055,55.150001525878906,53.34000015258789,54.720001220703125,19094900,-0.023344930717641765,-2.138161472116181,55.02428599766323,,Wednesday
1481,NKE,"Nike, Inc.",2025-04-17,55.7599983215332,56.02000045776367,53.650001525878906,53.81999969482422,18899000,0.04126982476113983,3.604605421236282,55.37999997820173,,Thursday
1482,NKE,"Nike, Inc.",2025-04-21,56.119998931884766,56.36000061035156,53.5,55.22999954223633,17280900,0.0064562521733888545,1.611441964557366,54.922857012067524,,Monday
1483,NKE,"Nike, Inc.",2025-04-22,57.060001373291016,58.09000015258789,56.2400016784668,56.650001525878906,16852200,0.016749865632520233,0.7237419882942331,55.302856990269255,,Tuesday
1484,NKE,"Nike, Inc.",2025-04-23,57.38999938964844,59.20000076293945,56.70000076293945,59.0,21660300,0.005783351006225068,-2.7288145938162076,55.73142841884068,,Wednesday
1485,NKE,"Nike, Inc.",2025-04-24,58.47999954223633,58.70000076293945,57.130001068115234,57.810001373291016,14508500,0.018992858759020903,1.1589658416006552,56.16999980381557,,Thursday
1486,NKE,"Nike, Inc.",2025-04-25,57.619998931884766,58.25,56.61000061035156,58.209999084472656,17156000,-0.014705892904982698,-1.0135718293547809,56.56857081821987,,Friday
1487,NKE,"Nike, Inc.",2025-04-28,57.310001373291016,58.08000183105469,56.79999923706055,57.72999954223633,13321200,-0.005380034091292063,-0.7275215178860933,57.1057139805385,,Monday
1488,NKE,"Nike, Inc.",2025-04-29,57.540000915527344,57.7400016784668,56.7400016784668,57.0,12968000,0.004013253127289618,0.9473700272409539,57.36000006539481,,Tuesday
1489,NKE,"Nike, Inc.",2025-04-30,56.400001525878906,56.59000015258789,54.75,55.86000061035156,17205900,-0.019812293561170313,0.9667040988668998,57.4000004359654,,Wednesday
1490,NKE,"Nike, Inc.",2025-05-01,56.7599983215332,57.209999084472656,56.2599983215332,56.68000030517578,10527000,0.0063829217360766854,0.1411397599271304,57.357142857142854,,Thursday
1491,NOW,ServiceNow,2025-04-02,824.030029296875,827.1599731445312,794.6799926757812,794.6799926757812,1626400,,3.6933151572457126,,,Wednesday
1492,NOW,ServiceNow,2025-04-03,774.0700073242188,788.0599975585938,757.25,782.75,2087800,-0.06062888510906084,-1.1089099553856596,,,Thursday
1493,NOW,ServiceNow,2025-04-04,721.6500244140625,758.77001953125,718.4500122070312,756.3400268554688,2900400,-0.06771995092712613,-4.586561759217229,,,Friday
1494,NOW,ServiceNow,2025-04-07,735.5,758.6500244140625,678.6599731445312,688.0,2878200,0.019192094668302406,6.90406976744186,,,Monday
1495,NOW,ServiceNow,2025-04-08,727.5999755859375,775.8800048828125,713.1900024414062,768.010009765625,2123200,-0.010741025715924502,-5.261654622446849,,,Tuesday
1496,NOW,ServiceNow,2025-04-09,825.9500122070312,831.6400146484375,723.2000122070312,725.0,3092000,0.13517047817640782,13.924139614762932,,,Wednesday
1497,NOW,ServiceNow,2025-04-10,783.489990234375,809.989990234375,761.0800170898438,807.0900268554688,2046400,-0.05140749602896466,-2.924089734207554,770.3271484375,,Thursday
1498,NOW,ServiceNow,2025-04-11,785.6699829101562,786.8800048828125,755.0,771.3099975585938,2103000,0.0027824129254403474,1.861765748793062,764.8471418108259,,Friday
1499,NOW,ServiceNow,2025-04-14,799.8200073242188,812.1300048828125,786.7999877929688,802.219970703125,1717000,0.018010137490107825,-0.29916524975098097,768.5257132393973,,Monday
1500,NOW,ServiceNow,2025-04-15,816.5,824.9000244140625,799.2100219726562,800.9600219726562,1735200,0.020854682957461623,1.9401689973328362,782.0757097516741,,Tuesday
1501,NOW,ServiceNow,2025-04-16,796.6599731445312,821.1699829101562,790.739990234375,804.6099853515625,1869500,-0.024298869388204247,-0.9880578605493703,790.8128487723214,,Wednesday
1502,NOW,ServiceNow,2025-04-17,772.1599731445312,800.0599975585938,769.02001953125,800.0599975585938,1803900,-0.030753396462602445,-3.4872415192860826,797.1785627092634,,Thursday
1503,NOW,ServiceNow,2025-04-21,755.989990234375,765.5499877929688,742.4099731445312,759.3599853515625,1668700,-0.020941234294113764,-0.44379414009118295,787.1842738560268,,Monday
1504,NOW,ServiceNow,2025-04-22,766.8300170898438,776.6300048828125,752.4400024414062,762.7999877929688,1582800,0.014338849714277346,0.5283205770014758,784.8042776925223,,Tuesday
1505,NOW,ServiceNow,2025-04-23,812.7000122070312,833.9600219726562,807.0,821.0399780273438,3019200,0.05981768331300641,-1.015780722438189,788.6657104492188,,Wednesday
1506,NOW,ServiceNow,2025-04-24,938.5700073242188,943.97998046875,898.3300170898438,900.3099975585938,6083100,0.1548787907303768,4.2496484399124945,808.4871390206473,,Thursday
1507,NOW,ServiceNow,2025-04-25,945.260009765625,960.0,929.1699829101562,944.0,2887800,0.007127867275962485,0.13347561076536016,826.8814261300223,,Friday
1508,NOW,ServiceNow,2025-04-28,937.4099731445312,961.030029296875,927.1300048828124,959.8499755859376,2052400,-0.008304632101214349,-2.337865605268983,846.9885689871652,,Monday
1509,NOW,ServiceNow,2025-04-29,942.8599853515624,947.22998046875,930.5499877929688,940.0,1245300,0.005813904655557645,0.30425376080450917,871.374285016741,,Tuesday
1510,NOW,ServiceNow,2025-04-30,955.010009765625,957.6599731445312,920.4000244140624,930.5599975585938,1947900,0.01288635068072419,2.6274514562390405,899.8057163783482,,Wednesday
1511,NOW,ServiceNow,2025-05-01,957.9500122070312,978.6199951171876,957.52001953125,973.8599853515624,1807700,0.0030785043207324225,-1.6337023169493565,927.1085728236607,,Thursday
1512,NVDA,Nvidia,2025-04-02,110.41999816894533,111.9800033569336,106.79000091552734,107.29000091552734,220601200,,2.917324286242037,,,Wednesday
1513,NVDA,Nvidia,2025-04-03,101.8000030517578,105.62999725341795,101.5999984741211,103.51000213623048,338769400,-0.07806552490608376,-1.6520133795593386,,,Thursday
1514,NVDA,Nvidia,2025-04-04,94.30999755859376,100.12999725341795,92.11000061035156,98.91000366210938,532273800,-0.07357569026158006,-4.650698547368258,,,Friday
1515,NVDA,Nvidia,2025-04-07,97.63999938964844,101.75,86.62000274658203,87.45999908447266,611041300,0.0353091073826588,11.63960714811293,,,Monday
1516,NVDA,Nvidia,2025-04-08,96.3000030517578,105.8499984741211,94.45999908447266,103.80999755859376,476243400,-0.013723846233787529,-7.2343653631212925,,,Tuesday
1517,NVDA,Nvidia,2025-04-09,114.33000183105467,115.0999984741211,97.52999877929688,98.88999938964844,612918300,0.18722739572091607,15.613310280819414,,,Wednesday
1518,NVDA,Nvidia,2025-04-10,107.56999969482422,110.86000061035156,99.1500015258789,109.37000274658205,437812400,-0.05912710599112647,-1.645792270782474,103.19571467808315,,Thursday
1519,NVDA,Nvidia,2025-04-11,110.93000030517578,111.5500030517578,107.4800033569336,108.5,313417300,0.031235480337304722,2.239631617673531,103.26857212611607,,Friday
1520,NVDA,Nvidia,2025-04-14,110.70999908447266,114.29000091552734,109.06999969482422,114.11000061035156,264705000,-0.0019832436680599086,-2.9795824272131965,104.5414287022182,,Monday
1521,NVDA,Nvidia,2025-04-15,112.1999969482422,113.62000274658205,110.5,110.97000122070312,228966900,0.013458566309197284,1.108403815453507,107.0971429007394,,Tuesday
1522,NVDA,Nvidia,2025-04-16,104.48999786376952,106.79000091552734,100.4499969482422,104.5500030517578,397016900,-0.06871657124936736,-0.05739376971474166,108.07571411132812,,Wednesday
1523,NVDA,Nvidia,2025-04-17,101.48999786376952,104.47000122070312,100.0500030517578,104.4499969482422,290833400,-0.02871088201103511,-2.8338910205420538,108.81714194161552,,Thursday
1524,NVDA,Nvidia,2025-04-21,96.91000366210938,99.44000244140624,95.04000091552734,98.7699966430664,288501100,-0.04512754259595009,-1.883155861266906,106.32857077462333,,Monday
1525,NVDA,Nvidia,2025-04-22,98.88999938964844,99.80999755859376,97.27999877929688,98.77999877929688,241004800,0.020431283177354986,0.11135919387621751,105.08857073102679,,Tuesday
1526,NVDA,Nvidia,2025-04-23,102.70999908447266,104.8000030517578,102.0199966430664,104.5199966430664,247526000,0.0386287766043214,-1.7317237052492969,103.91428484235492,,Wednesday
1527,NVDA,Nvidia,2025-04-24,106.43000030517578,106.54000091552734,103.11000061035156,103.4800033569336,220815000,0.036218491421109444,2.850789382047817,103.3028564453125,,Thursday
1528,NVDA,Nvidia,2025-04-25,111.01000213623048,111.91999816894533,105.7300033569336,106.8499984741211,251064700,0.04303299650401282,3.8933118591638873,103.13285718645368,,Friday
1529,NVDA,Nvidia,2025-04-28,108.7300033569336,110.37000274658205,106.0199966430664,109.69000244140624,207708500,-0.02053867881651683,-0.875192873649037,103.7385722569057,,Monday
1530,NVDA,Nvidia,2025-04-29,109.0199966430664,110.1999969482422,107.44000244140624,107.66999816894533,170444300,0.0026670953479219772,1.2538297548800852,104.81428636823382,,Tuesday
1531,NVDA,Nvidia,2025-04-30,108.91999816894533,108.91999816894533,104.08000183105467,104.47000122070312,235044600,-0.000917248919466318,4.259593085330923,106.52999986921039,,Wednesday
1532,NVDA,Nvidia,2025-05-01,111.61000061035156,114.94000244140624,111.3000030517578,113.08000183105467,236121500,0.024697048169554536,-1.2999656852670927,108.3471429007394,,Thursday
1533,ORCL,Oracle Corporation,2025-04-02,145.33790588378906,147.36063843757404,139.35938242531014,139.35938242531014,11594400,,4.290004271282643,,,Wednesday
1534,ORCL,Oracle Corporation,2025-04-03,136.73880004882812,140.89387228944443,136.15091552075057,138.7515739970123,14433800,-0.0591662978950358,-1.4506314344423237,,,Thursday
1535,ORCL,Oracle Corporation,2025-04-04,127.81087493896484,133.3410123236362,126.49559244567142,132.4342659263662,14986900,-0.06529181992730082,-3.491083636898008,,,Friday
1536,ORCL,Oracle Corporation,2025-04-07,126.70484924316406,133.6299694870059,118.43455508537816,118.43455508537816,19482700,-0.008653611802039163,6.9830077478856865,,,Monday
1537,ORCL,Oracle Corporation,2025-04-08,124.05436706542967,132.51398359423683,121.26438629139686,132.06558215234944,11950300,-0.020918553579963972,-6.0660884966062625,,,Tuesday
1538,ORCL,Oracle Corporation,2025-04-09,139.19000244140625,140.08677494093754,122.95830920943114,122.95830920943114,17762000,0.12200808189197909,13.200973026010116,,,Wednesday
1539,ORCL,Oracle Corporation,2025-04-10,133.35000610351562,136.64999389648438,129.25999450683594,136.64999389648438,12401600,-0.04195701009739583,-2.4149198246350227,133.3124008178711,,Thursday
1540,ORCL,Oracle Corporation,2025-04-11,132.35000610351562,133.0,128.83999633789062,132.11000061035156,10190200,-0.00749906227393593,0.1816709500077443,131.4569865635463,,Friday
1541,ORCL,Oracle Corporation,2025-04-14,134.63999938964844,136.8000030517578,132.8699951171875,136.8000030517578,8217700,0.017302555198537295,-1.5789500101781029,131.15715789794922,,Monday
1542,ORCL,Oracle Corporation,2025-04-15,133.94000244140625,136.47999572753906,133.72000122070312,134.75999450683594,8630000,-0.005199026674208462,-0.6084833028010341,132.03274754115515,,Tuesday
1543,ORCL,Oracle Corporation,2025-04-16,129.75999450683594,132.5399932861328,127.8499984741211,132.27999877929688,8295200,-0.03120806225458228,-1.9050531416056702,132.46919686453683,,Wednesday
1544,ORCL,Oracle Corporation,2025-04-17,128.6199951171875,131.3000030517578,128.44000244140625,130.89999389648438,8919500,-0.008785445729873054,-1.7417867728090932,133.12142944335938,,Thursday
1545,ORCL,Oracle Corporation,2025-04-21,122.81999969482422,127.1999969482422,121.23999786376952,126.88999938964844,12201200,-0.04509404169296405,-3.2075023361976984,130.78285762241907,,Monday
1546,ORCL,Oracle Corporation,2025-04-22,127.23999786376952,127.98999786376952,123.38999938964844,124.5,11233700,0.03598760934642442,2.200801497003628,129.90999930245536,,Tuesday
1547,ORCL,Oracle Corporation,2025-04-23,131.39999389648438,135.8699951171875,130.99000549316406,134.91000366210938,9528900,0.032694090714845636,-2.6017416576579753,129.77428327287947,,Wednesday
1548,ORCL,Oracle Corporation,2025-04-24,137.50999450683594,137.86000061035156,132.0,132.50999450683594,7305900,0.046499245769866304,3.7733002847132857,130.18428257533483,,Thursday
1549,ORCL,Oracle Corporation,2025-04-25,138.49000549316406,139.0,136.75999450683594,137.49000549316406,5476400,0.007126834597316556,0.7273255946227448,130.83428301130022,,Friday
1550,ORCL,Oracle Corporation,2025-04-28,140.13999938964844,140.6699981689453,138.0800018310547,139.64999389648438,6985100,0.011914173088583002,0.35088114184042096,132.31714085170202,,Monday
1551,ORCL,Oracle Corporation,2025-04-29,140.7899932861328,141.16000366210938,139.5500030517578,139.80999755859375,4851500,0.004638175391146637,0.7009482473729037,134.0557120186942,,Tuesday
1552,ORCL,Oracle Corporation,2025-04-30,140.72000122070312,141.3000030517578,135.57000732421875,138.47999572753906,9443500,-0.0004971380692336824,1.6175661194930264,136.61285509381975,,Wednesday
1553,ORCL,Oracle Corporation,2025-05-01,145.49000549316406,148.63999938964844,145.33999633789062,146.55999755859375,11525800,0.033897130692741584,-0.7300710175038803,139.2199990408761,,Thursday
1554,PEP,PepsiCo,2025-04-02,149.1199951171875,150.5,148.07000732421875,150.22999572753906,5866200,,-0.7388674977829912,,,Wednesday
1555,PEP,PepsiCo,2025-04-03,151.3699951171875,154.0500030517578,150.86000061035156,151.69000244140625,8216200,0.01508851980736603,-0.21096138115124638,,,Thursday
1556,PEP,PepsiCo,2025-04-04,146.61000061035156,154.9199981689453,146.44000244140625,152.99000549316406,12911400,-0.031446090112844716,-4.170210244941506,,,Friday
1557,PEP,PepsiCo,2025-04-07,143.19000244140625,146.10000610351562,140.6699981689453,141.32000732421875,14423200,-0.023327182011510295,1.3232345175990017,,,Monday
1558,PEP,PepsiCo,2025-04-08,140.3000030517578,145.39999389648438,139.14999389648438,143.9499969482422,9488900,-0.020182969064694523,-2.5355984535357408,,,Tuesday
1559,PEP,PepsiCo,2025-04-09,145.58999633789062,145.9499969482422,138.3300018310547,140.25,14067000,0.037704869358992754,3.8074840198863638,,,Wednesday
1560,PEP,PepsiCo,2025-04-10,144.13999938964844,147.13999938964844,142.9199981689453,145.4199981689453,10980300,-0.009959454527885159,-0.8802082212996623,145.75999886648995,,Thursday
1561,PEP,PepsiCo,2025-04-11,144.42999267578125,145.2899932861328,142.1199951171875,145.14999389648438,8563300,0.002011886272795582,-0.4960394426310506,145.08999851771765,,Friday
1562,PEP,PepsiCo,2025-04-14,146.75,147.17999267578125,143.5,144.16000366210938,5393800,0.016063196301800975,1.7966122864155925,144.42999921526228,,Monday
1563,PEP,PepsiCo,2025-04-15,142.83999633789062,145.97999572753906,142.6300048828125,145.83999633789062,5459600,-0.026643977254578344,-2.0570488722787847,143.89142717633928,,Tuesday
1564,PEP,PepsiCo,2025-04-16,140.08999633789062,144.39999389648438,139.77000427246094,144.11000061035156,7878600,-0.019252310770821013,-2.789538724193286,143.44856916155135,,Wednesday
1565,PEP,PepsiCo,2025-04-17,142.83999633789062,143.57000732421875,140.07000732421875,140.33999633789062,6052200,0.019630238217489326,1.7813881040589858,143.8114253452846,,Thursday
1566,PEP,PepsiCo,2025-04-21,141.72999572753906,142.8300018310547,140.57000732421875,142.5,7412800,-0.007770936984105137,-0.5403538754111842,143.25999668666296,,Monday
1567,PEP,PepsiCo,2025-04-22,143.4600067138672,144.27999877929688,141.9499969482422,142.27999877929688,7144700,0.012206385652151486,0.8293561601731017,143.16285487583704,,Tuesday
1568,PEP,PepsiCo,2025-04-23,142.25999450683594,144.00999450683594,140.85000610351562,143.27000427246094,7760000,-0.008364785660610607,-0.7049694531342608,142.8528551374163,,Wednesday
1569,PEP,PepsiCo,2025-04-24,135.30999755859375,141.85000610351562,134.52999877929688,141.4499969482422,15577300,-0.04885419103476929,-4.340756113197456,141.21856907435827,,Thursday
1570,PEP,PepsiCo,2025-04-25,133.3800048828125,135.61000061035156,131.8000030517578,135.47000122070312,11544700,-0.014263489103571225,-1.5427742814334768,139.8671417236328,,Friday
1571,PEP,PepsiCo,2025-04-28,133.75999450683594,135.41000366210938,133.10000610351562,133.89999389648438,8498600,0.0028489249521117532,-0.104555187475713,138.96285574776786,,Monday
1572,PEP,PepsiCo,2025-04-29,134.30999755859375,134.4600067138672,131.52000427246094,132.47999572753906,7010700,0.004111865089301503,1.3813420063949164,137.7442844935826,,Tuesday
1573,PEP,PepsiCo,2025-04-30,135.5800018310547,136.17999267578125,133.10000610351562,135.6300048828125,7923500,0.00945576871079079,-0.03686724910245068,136.86571393694197,,Wednesday
1574,PEP,PepsiCo,2025-05-01,133.5500030517578,134.80999755859375,133.24000549316406,134.47000122070312,6807000,-0.014972700633434477,-0.6841661044052023,135.4499991280692,,Thursday
1575,PFE,Pfizer,2025-04-02,24.700000762939453,24.739999771118164,24.309999465942383,24.5,41965000,,0.8163296446508291,,,Wednesday
1576,PFE,Pfizer,2025-04-03,24.290000915527344,24.8700008392334,24.280000686645508,24.739999771118164,53501800,-0.016599183593033917,-1.8189121251171374,,,Thursday
1577,PFE,Pfizer,2025-04-04,22.96999931335449,24.100000381469727,22.950000762939453,23.940000534057617,80002600,-0.054343415085219116,-4.051801165681603,,,Friday
1578,PFE,Pfizer,2025-04-07,22.6299991607666,23.15999984741211,21.75,22.13999938964844,86106100,-0.014801922627407982,2.213187825774105,,,Monday
1579,PFE,Pfizer,2025-04-08,21.84000015258789,22.989999771118164,21.440000534057617,22.899999618530277,72406000,-0.03490936975147241,-4.628818705676543,,,Tuesday
1580,PFE,Pfizer,2025-04-09,22.489999771118164,22.540000915527344,20.920000076293945,21.11000061035156,95954400,0.029761887087407013,6.537182003158754,,,Wednesday
1581,PFE,Pfizer,2025-04-10,21.59000015258789,22.270000457763672,21.09000015258789,22.26000022888184,72960700,-0.04001776912803978,-3.0098835103543222,22.930000032697404,,Thursday
1582,PFE,Pfizer,2025-04-11,21.90999984741211,22.0,21.280000686645508,21.59000015258789,55078100,0.014821662462372043,1.482166246237205,22.531428473336355,,Friday
1583,PFE,Pfizer,2025-04-14,22.1200008392334,22.229999542236328,21.8700008392334,22.07999992370605,61900900,0.00958470987146498,0.18116356732592453,22.22142846243722,,Monday
1584,PFE,Pfizer,2025-04-15,22.440000534057617,22.93000030517578,22.1299991607666,22.170000076293945,51814700,0.01446653176688173,1.2178640362404842,22.145714351109095,,Tuesday
1585,PFE,Pfizer,2025-04-16,22.040000915527344,22.68000030517578,21.950000762939453,22.489999771118164,37641200,-0.01782529451918624,-2.000884215964788,22.06142888750349,,Wednesday
1586,PFE,Pfizer,2025-04-17,22.13999938964844,22.549999237060547,22.100000381469727,22.149999618530277,53859000,0.004537135660944935,-0.04514776096641524,22.10428592136928,,Thursday
1587,PFE,Pfizer,2025-04-21,22.040000915527344,22.170000076293945,21.8700008392334,22.1299991607666,32021000,-0.004516643038745993,-0.4066798402722587,22.040000370570592,,Monday
1588,PFE,Pfizer,2025-04-22,22.530000686645508,22.549999237060547,22.149999618530277,22.18000030517578,36052600,0.02223229359182821,1.5779998947432512,22.174286161150253,,Tuesday
1589,PFE,Pfizer,2025-04-23,22.38999938964844,23.059999465942383,22.239999771118164,22.780000686645508,50781000,-0.006213994351098817,-1.7120337367930818,22.24285752432687,,Wednesday
1590,PFE,Pfizer,2025-04-24,22.780000686645508,22.86000061035156,22.229999542236328,22.399999618530277,35009600,0.017418548799843947,1.6964333686902255,22.337143216814315,,Thursday
1591,PFE,Pfizer,2025-04-25,22.920000076293945,23.11000061035156,22.479999542236328,22.770000457763672,35847700,0.006145714900285704,0.658759839765965,22.40571457999093,,Friday
1592,PFE,Pfizer,2025-04-28,23.049999237060547,23.290000915527344,22.899999618530277,23.030000686645508,55888900,0.005671865634113038,0.08683695101509786,22.550000054495676,,Monday
1593,PFE,Pfizer,2025-04-29,23.790000915527344,24.1200008392334,22.459999084472656,22.82999992370605,98540200,0.032104195356197573,4.204997788127251,22.785714558192662,,Tuesday
1594,PFE,Pfizer,2025-04-30,24.40999984741211,24.440000534057617,23.979999542236328,24.200000762939453,53941700,0.026061324423073184,0.8677647845129601,23.1242858341762,,Wednesday
1595,PFE,Pfizer,2025-05-01,23.93000030517578,24.32999992370605,23.799999237060547,24.299999237060547,46891700,-0.01966405347139799,-1.5226293971255391,23.324285779680526,,Thursday
1596,PG,Procter & Gamble,2025-04-02,168.4499969482422,169.82145310339453,167.26736622480098,169.01647324337566,6274500,,-0.33516040434577676,,,Wednesday
1597,PG,Procter & Gamble,2025-04-03,171.3220977783203,173.71717222874,169.67237731472508,173.15069591990587,9393300,0.017050168489825435,-1.0560732267754855,,,Thursday
1598,PG,Procter & Gamble,2025-04-04,162.73561096191406,172.5245988167794,162.4573467028761,170.70593337532532,13454200,-0.05011896846790076,-4.669036544785574,,,Friday
1599,PG,Procter & Gamble,2025-04-07,159.23741149902344,163.67972219465994,158.20386070781106,162.6461714034476,15708000,-0.02149621365731269,-2.0958131845407237,,,Monday
1600,PG,Procter & Gamble,2025-04-08,157.4088134765625,162.2685205590286,155.73922792972826,161.30452825010713,11541100,-0.011483469903504129,-2.4151304466197083,,,Tuesday
1601,PG,Procter & Gamble,2025-04-09,161.31448364257812,163.65984959386805,155.71935494866398,156.38520268023169,10670200,0.024812271179448064,3.152012388554163,,,Wednesday
1602,PG,Procter & Gamble,2025-04-10,162.54678344726562,164.0474390723574,159.7541931350748,161.89086834613667,10581600,0.007639114460533447,0.40515880100571894,163.28788539341517,,Thursday
1603,PG,Procter & Gamble,2025-04-11,165.87603759765625,166.9791620296036,161.612604591374,162.3579585274394,8602800,0.020481821170399872,2.16686579587799,162.92017691476005,,Friday
1604,PG,Procter & Gamble,2025-04-14,168.08229064941406,169.05621557081128,164.75303691966593,166.0052261043195,9877300,0.013300613420180962,1.2512043107542423,162.4573473249163,,Monday
1605,PG,Procter & Gamble,2025-04-15,167.42637634277344,169.10590968832386,167.2375509137331,168.0922240591028,8765000,-0.0039023403602270745,-0.3961204749692849,163.12745666503906,,Tuesday
1606,PG,Procter & Gamble,2025-04-16,165.35926818847656,168.62888105064098,164.76297892499974,168.2412975786608,5897500,-0.012346370980787835,-1.7130332633322432,164.00200762067522,,Wednesday
1607,PG,Procter & Gamble,2025-04-17,169.572998046875,170.58666850385003,166.31331797491194,166.49219564463755,7208000,0.025482272052605115,1.850418507791888,165.73974827357702,,Thursday
1608,PG,Procter & Gamble,2025-04-21,165.75,169.9499969482422,164.27999877929688,169.88999938964844,8062400,-0.022544851426276047,-2.436870565967341,166.37339346749442,,Monday
1609,PG,Procter & Gamble,2025-04-22,167.8800048828125,168.77000427246094,164.5399932861328,165.86000061035156,7907400,0.012850708191930682,1.2178971813743416,167.1352822440011,,Tuesday
1610,PG,Procter & Gamble,2025-04-23,165.72999572753906,166.61000061035156,163.11000061035156,166.39999389648438,9309200,-0.01280682090028673,-0.4026431451446513,167.11441911969865,,Wednesday
1611,PG,Procter & Gamble,2025-04-24,159.52999877929688,160.9600067138672,156.5800018310547,160.5,20077700,-0.03741022813054928,-0.6043621312792056,165.89266313825334,,Thursday
1612,PG,Procter & Gamble,2025-04-25,161.02000427246094,161.8000030517578,157.77000427246094,159.8800048828125,12892800,0.009339970567074474,0.7130343725496034,164.9774671282087,,Friday
1613,PG,Procter & Gamble,2025-04-28,161.85000610351562,162.55999755859375,160.38999938964844,161.0399932861328,8127000,0.00515465041008345,0.5029886060312962,164.47614397321428,,Monday
1614,PG,Procter & Gamble,2025-04-29,162.25999450683594,162.38999938964844,159.1999969482422,161.2899932861328,8266200,0.002533138015812675,0.6014019846738518,163.43142918178015,,Tuesday
1615,PG,Procter & Gamble,2025-04-30,162.57000732421875,163.16000366210938,159.9499969482422,162.4499969482422,12475500,0.0019105930474425659,0.07387527130258963,162.9771445138114,,Wednesday
1616,PG,Procter & Gamble,2025-05-01,159.97999572753906,161.35000610351562,159.0500030517578,160.66000366210938,6792800,-0.01593166931163592,-0.4232590060189872,161.84857177734375,,Thursday
1617,PLTR,Palantir Technologies,2025-04-02,87.44999694824219,88.40499877929688,82.30000305175781,82.4000015258789,96563100,,6.128635107824916,,,Wednesday
1618,PLTR,Palantir Technologies,2025-04-03,83.5999984741211,85.68000030517578,81.01000213623047,81.25,93878200,-0.04402514132047075,2.8923058143028846,,,Thursday
1619,PLTR,Palantir Technologies,2025-04-04,74.01000213623047,80.9800033569336,71.93000030517578,80.06999969482422,147323200,-0.11471287694890653,-7.568374649295112,,,Friday
1620,PLTR,Palantir Technologies,2025-04-07,77.83999633789062,81.80000305175781,66.12000274658203,66.6500015258789,169083700,0.051749683706403315,16.78918913102629,,,Monday
1621,PLTR,Palantir Technologies,2025-04-08,77.31999969482422,86.11399841308594,75.22000122070312,83.29000091552734,135345600,-0.00668032717793543,-7.167728604971317,,,Tuesday
1622,PLTR,Palantir Technologies,2025-04-09,92.01000213623048,93.33000183105467,77.2699966430664,78.19000244140625,187244300,0.18998968571374175,17.674893545604654,,,Wednesday
1623,PLTR,Palantir Technologies,2025-04-10,88.58999633789062,90.77999877929688,84.13999938964844,88.4000015258789,124448200,-0.037169934995503806,0.21492625422195066,82.97428458077567,,Thursday
1624,PLTR,Palantir Technologies,2025-04-11,88.55000305175781,89.55000305175781,85.47000122070312,87.9800033569336,95130700,-0.0004514424628744296,0.6478741453461172,83.13142830984933,,Friday
1625,PLTR,Palantir Technologies,2025-04-14,92.62000274658205,97.33000183105467,91.45999908447266,95.8000030517578,122836900,0.0459627278888437,-3.3194156616651633,84.42000034877232,,Monday
1626,PLTR,Palantir Technologies,2025-04-15,98.4000015258789,98.98999786376952,93.0500030517578,93.52999877929688,118457700,0.06240551293343777,5.20688849582239,87.90428597586495,,Tuesday
1627,PLTR,Palantir Technologies,2025-04-16,92.70999908447266,97.3000030517578,89.62000274658203,96.27999877929688,121997600,-0.05782522716638161,-3.707934919076751,90.02857208251953,,Wednesday
1628,PLTR,Palantir Technologies,2025-04-17,93.77999877929688,95.11000061035156,92.2699966430664,94.70999908447266,83991800,0.011541362370733,-0.9819452160973057,92.38000052315849,,Thursday
1629,PLTR,Palantir Technologies,2025-04-21,90.8000030517578,96.4749984741211,89.30999755859375,92.83999633789062,83831100,-0.031776453042532404,-2.1973215926337213,92.20714351109096,,Monday
1630,PLTR,Palantir Technologies,2025-04-22,93.98999786376952,96.33999633789062,91.3499984741211,93.01499938964844,91185400,0.035132100273095324,1.048216395762925,92.97857230050224,,Tuesday
1631,PLTR,Palantir Technologies,2025-04-23,100.81999969482422,103.76000213623048,97.83000183105467,98.86000061035156,112909500,0.07266732616543092,1.9826007205865077,94.73142896379743,,Wednesday
1632,PLTR,Palantir Technologies,2025-04-24,107.77999877929688,108.0,100.91000366210938,101.52999877929688,103190700,0.06903391296905514,6.155816088982802,96.8971426827567,,Thursday
1633,PLTR,Palantir Technologies,2025-04-25,112.77999877929688,112.87999725341795,106.5500030517578,108.0500030517578,103933800,0.046390796591476935,4.377598883799502,98.95142800467355,,Friday
1634,PLTR,Palantir Technologies,2025-04-28,114.6500015258789,114.86000061035156,108.87000274658205,113.77999877929688,111082900,0.0165809786027884,0.7646359253963491,102.08571406773159,,Monday
1635,PLTR,Palantir Technologies,2025-04-29,116.08000183105467,117.2300033569336,113.23999786376952,113.9800033569336,79709000,0.012472745627072568,1.842427103239187,105.27142878941127,,Tuesday
1636,PLTR,Palantir Technologies,2025-04-30,118.44000244140624,118.77999877929688,110.54000091552734,111.61000061035156,109461700,0.020330811277780247,6.119524947320184,109.22000013078961,,Wednesday
1637,PLTR,Palantir Technologies,2025-05-01,116.1999969482422,120.19000244140624,116.0,120.04000091552734,90677600,-0.01891257554027992,-3.198936969341885,112.39285714285714,,Thursday
1638,PM,Philip Morris International,2025-04-02,156.1699981689453,158.3699951171875,154.72000122070312,158.08999633789062,3889000,,-1.2144969406170654,,,Wednesday
1639,PM,Philip Morris International,2025-04-03,162.07000732421875,163.0800018310547,158.25,159.44000244140625,10581500,0.03777940209034769,1.6495263688791146,,,Thursday
1640,PM,Philip Morris International,2025-04-04,150.6199951171875,162.0,150.08999633789062,161.27000427246094,11951700,-0.07064855734920561,-6.603837584874469,,,Friday
1641,PM,Philip Morris International,2025-04-07,151.22999572753906,152.8300018310547,145.0800018310547,147.1699981689453,9984300,0.004049931152082076,2.758712787325739,,,Monday
1642,PM,Philip Morris International,2025-04-08,149.22999572753906,153.2899932861328,146.8000030517578,152.75,9018200,-0.013224889615174429,-2.304421782298486,,,Tuesday
1643,PM,Philip Morris International,2025-04-09,151.8000030517578,152.94000244140625,146.14999389648438,148.6300048828125,10278500,0.01722178782951267,2.1328117236117303,,,Wednesday
1644,PM,Philip Morris International,2025-04-10,151.1699981689453,153.72999572753906,149.0800018310547,152.8000030517578,7818200,-0.00415022971111334,-1.0667571009539638,153.18428475516183,,Thursday
1645,PM,Philip Morris International,2025-04-11,153.88999938964844,155.27999877929688,151.3000030517578,151.8800048828125,6460900,0.017992996319701637,1.3234095616383528,152.8585706438337,,Friday
1646,PM,Philip Morris International,2025-04-14,157.58999633789062,158.22999572753906,154.35000610351562,155.44000244140625,5904800,0.02404312796748953,1.3831664067908285,152.21856907435827,,Monday
1647,PM,Philip Morris International,2025-04-15,160.08999633789062,161.0399932861328,156.85000610351562,158.5399932861328,6007200,0.015863951126946718,0.9776732164737567,153.57142639160156,,Tuesday
1648,PM,Philip Morris International,2025-04-16,160.47999572753906,162.16000366210938,159.07000732421875,161.64999389648438,8296100,0.0024361259202310137,-0.7237848519156412,154.89285496303015,,Wednesday
1649,PM,Philip Morris International,2025-04-17,163.2100067138672,165.0,161.3000030517578,161.3000030517578,7546400,0.01701153451526194,1.1841312002309725,156.88999938964844,,Thursday
1650,PM,Philip Morris International,2025-04-21,162.17999267578125,164.0500030517578,159.1699981689453,163.75999450683594,7264800,-0.0063109735660492605,-0.964827725973533,158.37285505022322,,Monday
1651,PM,Philip Morris International,2025-04-22,164.11000061035156,164.69000244140625,161.92999267578125,163.2899932861328,9509700,0.011900407089231013,0.5021785522287654,160.22142682756697,,Tuesday
1652,PM,Philip Morris International,2025-04-23,168.11000061035156,171.6300048828125,166.0800018310547,168.94000244140625,9084500,0.02437389546720703,-0.4912997626731765,162.2528555733817,,Wednesday
1653,PM,Philip Morris International,2025-04-24,170.07000732421875,170.50999450683594,166.4600067138672,168.3300018310547,8564900,0.011659072671174053,1.0336870874096635,164.03571428571428,,Thursday
1654,PM,Philip Morris International,2025-04-25,170.24000549316406,171.36000061035156,168.77999877929688,170.9600067138672,7755700,0.0009995775952500452,-0.4211518439562176,165.48571559361048,,Friday
1655,PM,Philip Morris International,2025-04-28,169.1699981689453,170.52000427246094,168.13999938964844,170.2899932861328,6153300,-0.006285287180995303,-0.6576987264927588,166.7271445138114,,Monday
1656,PM,Philip Morris International,2025-04-29,170.25999450683594,171.10000610351562,167.77000427246094,168.11000061035156,5346500,0.00644320121586861,1.2789208784001316,167.73428562709265,,Tuesday
1657,PM,Philip Morris International,2025-04-30,171.36000061035156,172.02999877929688,169.02000427246094,171.5399932861328,6454400,0.006460743210416675,-0.10492752875477726,169.04571533203125,,Wednesday
1658,PM,Philip Morris International,2025-05-01,170.0500030517578,171.07000732421875,168.88999938964844,169.58999633789062,4885900,-0.007644710282024958,0.27124637289965586,169.894287109375,,Thursday
1659,PYPL,PayPal,2025-04-02,67.1500015258789,67.56999969482422,65.0999984741211,65.25,8123000,,2.911879733147749,,,Wednesday
1660,PYPL,PayPal,2025-04-03,61.709999084472656,63.93999862670898,60.95000076293945,63.09999847412109,18479900,-0.08101269274446299,-2.2028517008895085,,,Thursday
1661,PYPL,PayPal,2025-04-04,58.369998931884766,60.18999862670898,57.31999969482422,60.0,22125000,-0.05412413226608348,-2.7166684468587237,,,Friday
1662,PYPL,PayPal,2025-04-07,58.52999877929688,61.47999954223633,55.84999847412109,56.7400016784668,20263200,0.002741131580263234,3.1547357206184232,,,Monday
1663,PYPL,PayPal,2025-04-08,57.40999984741211,61.2599983215332,56.459999084472656,59.7599983215332,16533600,-0.019135468225585095,-3.932393808776804,,,Tuesday
1664,PYPL,PayPal,2025-04-09,63.95000076293945,64.16999816894531,56.5099983215332,56.66999816894531,22502000,0.11391745223671434,12.846308151080057,,,Wednesday
1665,PYPL,PayPal,2025-04-10,60.560001373291016,62.45000076293945,58.93999862670898,62.29999923706055,14398100,-0.0530101540141501,-2.7929340049404923,61.0971429007394,,Thursday
1666,PYPL,PayPal,2025-04-11,62.59000015258789,62.810001373291016,60.44599914550781,60.52999877929688,12919400,0.03352045464437814,3.4032734426480644,60.445714133126394,,Friday
1667,PYPL,PayPal,2025-04-14,62.27000045776367,63.900001525878906,61.68999862670898,63.70000076293945,8997500,-0.005112632913310322,-2.2448984113792236,60.52571432931082,,Monday
1668,PYPL,PayPal,2025-04-15,62.0,62.790000915527344,61.64500045776367,62.36000061035156,9140800,-0.004335963638651408,-0.5772941097306589,61.044285910470144,,Tuesday
1669,PYPL,PayPal,2025-04-16,60.2400016784668,61.459999084472656,59.720001220703125,61.375,9833600,-0.028387069702148438,-1.8492844342699846,61.28857203892299,,Wednesday
1670,PYPL,PayPal,2025-04-17,61.0,61.470001220703125,60.13199996948242,60.34999847412109,9023700,0.012616173644710793,1.0770530941399161,61.8014292035784,,Thursday
1671,PYPL,PayPal,2025-04-21,60.28499984741211,60.959999084472656,59.45500183105469,60.2400016784668,7354100,-0.011721313976850611,0.07469815353839442,61.277857644217356,,Monday
1672,PYPL,PayPal,2025-04-22,61.41999816894531,61.90999984741211,59.95000076293945,60.72999954223633,9390100,0.01882720949499883,1.1361742662769263,61.40071432931082,,Tuesday
1673,PYPL,PayPal,2025-04-23,62.459999084472656,64.56999969482422,62.16999816894531,62.71500015258789,9838900,0.016932610656657188,-0.4066029936933867,61.38214274815151,,Wednesday
1674,PYPL,PayPal,2025-04-24,64.7699966430664,64.83000183105469,62.7599983215332,62.900001525878906,10877000,0.03698363100309443,2.9729651380344233,61.739285060337615,,Thursday
1675,PYPL,PayPal,2025-04-25,65.33999633789062,65.41999816894531,64.48500061035156,64.48500061035156,8693400,0.008800366286343397,1.3258831037396515,62.21642739432199,,Friday
1676,PYPL,PayPal,2025-04-28,64.93000030517578,65.81999969482422,64.12999725341797,65.30500030517578,14251500,-0.006274809545360971,-0.5742286168709798,62.886427198137554,,Monday
1677,PYPL,PayPal,2025-04-29,66.31999969482422,67.43000030517578,64.36000061035156,66.37000274658203,19706800,0.021407660297479314,-0.0753398368066025,63.646427154541016,,Tuesday
1678,PYPL,PayPal,2025-04-30,65.83999633789062,65.98999786376953,63.540000915527344,65.15499877929688,10293800,-0.0072376863561876,1.0513353870423359,64.43999808175224,,Wednesday
1679,PYPL,PayPal,2025-05-01,65.41000366210938,66.12000274658203,64.8499984741211,65.62000274658203,10073000,-0.0065308733246965955,-0.3200229742196933,65.00999886648995,,Thursday
1680,QCOM,Qualcomm,2025-04-02,154.0800018310547,155.4600067138672,150.3699951171875,150.7899932861328,5377200,,2.1818480611501134,,,Wednesday
1681,QCOM,Qualcomm,2025-04-03,139.4199981689453,147.39999389648438,138.55999755859375,147.0,16465000,-0.09514540166077978,-5.1564638306494475,,,Thursday
1682,QCOM,Qualcomm,2025-04-04,127.45999908447266,135.86000061035156,126.68000030517578,134.33999633789062,19018600,-0.08578395668876615,-5.121332023944283,,,Friday
1683,QCOM,Qualcomm,2025-04-07,129.72000122070312,137.1999969482422,120.8000030517578,124.58999633789062,17938300,0.017731069766701246,4.117509457902078,,,Monday
1684,QCOM,Qualcomm,2025-04-08,124.66000366210938,135.2899932861328,121.73999786376952,131.1300048828125,14965900,-0.03900707301092887,-4.9340356743562985,,,Tuesday
1685,QCOM,Qualcomm,2025-04-09,143.58999633789062,144.86000061035156,124.19000244140624,125.16000366210938,21242600,0.15185297705502188,14.725145522954868,,,Wednesday
1686,QCOM,Qualcomm,2025-04-10,134.39999389648438,139.05999755859375,129.2899932861328,137.00999450683594,14898800,-0.06400169006050171,-1.9049709619697417,136.18999917166573,,Thursday
1687,QCOM,Qualcomm,2025-04-11,139.25,140.64999389648438,131.11000061035156,134.0,10955300,0.03608635657566417,3.9179104477611943,134.07142748151506,,Friday
1688,QCOM,Qualcomm,2025-04-14,139.19000244140625,143.11000061035156,136.8300018310547,142.75,6930300,-0.0004308621802064927,-2.493868692535026,134.03857094900948,,Monday
1689,QCOM,Qualcomm,2025-04-15,138.60000610351562,140.83999633789062,138.02999877929688,139.4600067138672,6346800,-0.004238783874861873,-0.6166646844611463,135.6300005231585,,Tuesday
1690,QCOM,Qualcomm,2025-04-16,135.74000549316406,137.30999755859375,131.7899932861328,133.67999267578125,10417200,-0.0206349241299133,1.5410030896538374,136.49000113351005,,Wednesday
1691,QCOM,Qualcomm,2025-04-17,136.66000366210938,138.14999389648438,135.7100067138672,137.3800048828125,7093100,0.006777649415902198,-0.5240946244814144,138.20428684779577,,Thursday
1692,QCOM,Qualcomm,2025-04-21,136.13999938964844,136.5500030517578,133.36000061035156,134.72999572753906,8128300,-0.003805094823110422,1.046540270780375,137.14000156947546,,Monday
1693,QCOM,Qualcomm,2025-04-22,138.74000549316406,139.10000610351562,136.49000549316406,136.75,8228000,0.019098032284208477,1.4552142545989488,137.76000322614397,,Tuesday
1694,QCOM,Qualcomm,2025-04-23,140.4600067138672,143.8800048828125,139.77999877929688,142.5800018310547,9073500,0.012397298202412754,-1.4868811123312482,137.932861328125,,Wednesday
1695,QCOM,Qualcomm,2025-04-24,147.2100067138672,147.82000732421875,141.99000549316406,142.77999877929688,8810600,0.04805638386270705,3.102681028466758,139.07857622419084,,Thursday
1696,QCOM,Qualcomm,2025-04-25,148.55999755859375,149.1999969482422,146.0800018310547,146.0800018310547,5145600,0.009170510041145219,1.6976969444505088,140.50143214634485,,Friday
1697,QCOM,Qualcomm,2025-04-28,147.6199951171875,149.3000030517578,145.44000244140625,148.17999267578125,5743500,-0.0063274263385437735,-0.3779171185539388,142.19857352120536,,Monday
1698,QCOM,Qualcomm,2025-04-29,146.8800048828125,148.25999450683594,145.52000427246094,146.66000366210938,6692000,-0.00501280489670497,0.15000764708146794,143.6585736955915,,Tuesday
1699,QCOM,Qualcomm,2025-04-30,148.4600067138672,148.85000610351562,143.8800048828125,145.1999969482422,10851900,0.010757092718748806,2.245185836186387,145.4185747419085,,Wednesday
1700,QCOM,Qualcomm,2025-05-01,135.2100067138672,138.9600067138672,134.8699951171875,138.7899932861328,22836600,-0.08924962549366744,-2.579427008750579,144.91428920200892,,Thursday
1701,RTX,RTX Corporation,2025-04-02,133.14999389648438,133.67999267578125,131.2100067138672,131.36000061035156,3352900,,1.3626623613092126,,,Wednesday
1702,RTX,RTX Corporation,2025-04-03,130.22999572753906,133.7100067138672,129.94000244140625,131.0,4605200,-0.021930141215142807,-0.5877895209625477,,,Thursday
1703,RTX,RTX Corporation,2025-04-04,117.4499969482422,126.37999725341795,117.3499984741211,126.0,8526700,-0.09813406433671823,-6.785716707744284,,,Friday
1704,RTX,RTX Corporation,2025-04-07,117.31999969482422,119.91999816894533,112.2699966430664,113.91999816894533,8774800,-0.0011068306240592518,2.984551949199149,,,Monday
1705,RTX,RTX Corporation,2025-04-08,120.45999908447266,123.97000122070312,118.6999969482422,123.01000213623048,8108600,0.026764399913197012,-2.0730046398452724,,,Tuesday
1706,RTX,RTX Corporation,2025-04-09,128.42999267578125,128.92999267578125,118.16999816894533,119.0199966430664,6747400,0.06616298897461914,7.906231136045852,,,Wednesday
1707,RTX,RTX Corporation,2025-04-10,127.06999969482422,129.2899932861328,123.7699966430664,126.91000366210938,6457800,-0.01058937209776456,0.12607046576156758,124.87285396030971,,Thursday
1708,RTX,RTX Corporation,2025-04-11,128.25999450683594,129.32000732421875,125.0,126.16000366210938,3654100,0.00936487616958881,1.664545643444103,124.17428261893136,,Friday
1709,RTX,RTX Corporation,2025-04-14,129.13999938964844,129.9499969482422,128.27999877929688,129.25,4099900,0.00686110182833044,-0.08510685520430368,124.01856885637555,,Monday
1710,RTX,RTX Corporation,2025-04-15,128.63999938964844,129.9499969482422,128.24000549316406,128.5,6315600,-0.0038717670927918,0.10894894136065174,125.6171406337193,,Tuesday
1711,RTX,RTX Corporation,2025-04-16,129.25,130.1999969482422,128.44000244140625,129.91000366210938,5382800,0.004741920190032722,-0.5080468351198093,127.32142639160156,,Wednesday
1712,RTX,RTX Corporation,2025-04-17,128.88999938964844,130.5,127.6999969482422,129.36000061035156,5216300,-0.0027853045288321887,-0.36332809097522134,128.5257121494838,,Thursday
1713,RTX,RTX Corporation,2025-04-21,126.12000274658205,128.72999572753906,124.7300033569336,128.5,6397400,-0.021491168098250912,-1.8521379404030776,128.19571358816964,,Monday
1714,RTX,RTX Corporation,2025-04-22,113.75,117.19000244140624,112.62999725341795,114.52999877929688,17094400,-0.09808121215662824,-0.6810432092992149,126.29285648890904,,Tuesday
1715,RTX,RTX Corporation,2025-04-23,120.27999877929688,122.62000274658205,117.27999877929688,117.37999725341795,10456300,0.05740658267513732,2.4706096385553256,125.1528570992606,,Wednesday
1716,RTX,RTX Corporation,2025-04-24,121.97000122070312,122.05999755859376,119.51000213623048,120.02999877929688,4512800,0.014050569159941961,1.6162646514505066,124.12857164655414,,Thursday
1717,RTX,RTX Corporation,2025-04-25,125.22000122070312,125.5,122.41000366210938,122.7300033569336,6205900,0.02664589626525604,2.0288420073842195,123.64000047956195,,Friday
1718,RTX,RTX Corporation,2025-04-28,124.8000030517578,126.30999755859376,123.68000030517578,125.93000030517578,5460100,-0.0033540821342515903,-0.8973217268955564,123.00428662981305,,Monday
1719,RTX,RTX Corporation,2025-04-29,125.7300033569336,126.04000091552734,124.38999938964844,124.8000030517578,4313600,0.007451925340018706,0.7451925340018624,122.5528586251395,,Tuesday
1720,RTX,RTX Corporation,2025-04-30,126.12999725341795,126.56999969482422,123.5999984741211,125.79000091552734,5674100,0.003181371874689365,0.270288842846047,122.55428641183036,,Wednesday
1721,RTX,RTX Corporation,2025-05-01,127.41000366210938,128.08999633789062,125.43000030517578,126.4000015258789,4820900,0.010148310763217205,0.7990523133211219,124.50571550641742,,Thursday
1722,SBUX,Starbucks,2025-04-02,99.41000366210938,99.75,97.41000366210938,97.41000366210938,6043300,,2.0531772146703675,,,Wednesday
1723,SBUX,Starbucks,2025-04-03,88.26000213623047,93.38999938964844,87.6500015258789,93.3499984741211,20490100,-0.1121617655681546,-5.452593916540552,,,Thursday
1724,SBUX,Starbucks,2025-04-04,82.0999984741211,85.43000030517578,81.30000305175781,84.66000366210938,19700100,-0.06979383087484325,-3.023866143693593,,,Friday
1725,SBUX,Starbucks,2025-04-07,80.0,83.2699966430664,76.1500015258789,78.62999725341797,26099400,-0.025578544618159005,1.7423410841114821,,,Monday
1726,SBUX,Starbucks,2025-04-08,79.69000244140625,83.4800033569336,78.69000244140625,83.06999969482422,20534600,-0.0038749694824218306,-4.068854298585682,,,Tuesday
1727,SBUX,Starbucks,2025-04-09,88.68000030517578,89.12999725341797,77.93000030517578,79.22000122070312,26668100,0.11281211680699355,11.941427592405045,,,Wednesday
1728,SBUX,Starbucks,2025-04-10,84.5999984741211,86.58000183105469,81.66999816894531,86.11000061035156,16209300,-0.046008139569396866,-1.7535734822059061,86.105715070452,,Thursday
1729,SBUX,Starbucks,2025-04-11,85.43000030517578,85.81999969482422,82.08000183105469,84.43000030517578,10059700,0.009810896525117352,1.1844131190162952,84.10857173374721,,Friday
1730,SBUX,Starbucks,2025-04-14,85.48999786376953,86.7699966430664,83.4000015258789,86.31999969482422,8880500,0.0007023008121200824,-0.9615405861782629,83.71285683768136,,Monday
1731,SBUX,Starbucks,2025-04-15,83.70999908447266,86.05999755859375,83.45999908447266,85.5,7088600,-0.020821134913739825,-2.093568322254203,83.94285692487445,,Tuesday
1732,SBUX,Starbucks,2025-04-16,80.76000213623047,83.5199966430664,79.88999938964844,83.30000305175781,13080800,-0.03524067591095437,-3.049220675237111,84.05142865862165,,Wednesday
1733,SBUX,Starbucks,2025-04-17,81.5,82.55000305175781,81.19999694824219,81.25,9784600,0.00916292526244944,0.3076923076923077,84.30999973842076,,Thursday
1734,SBUX,Starbucks,2025-04-21,80.68000030517578,80.81999969482422,78.12999725341797,80.36000061035156,10595600,-0.0100613459487634,0.3982076809280139,83.16714259556362,,Monday
1735,SBUX,Starbucks,2025-04-22,81.75,83.48999786376953,81.62000274658203,81.91000366210938,10408600,0.01326226686634735,-0.19534080692928946,82.75999995640346,,Tuesday
1736,SBUX,Starbucks,2025-04-23,82.80999755859375,85.73999786376953,82.6500015258789,84.0,9114400,0.01296633099197253,-1.4166695731026786,82.38571384974888,,Wednesday
1737,SBUX,Starbucks,2025-04-24,83.86000061035156,84.13999938964844,81.58000183105469,82.38999938964844,6798100,0.012679665290593167,1.7841986061330368,82.1528570992606,,Thursday
1738,SBUX,Starbucks,2025-04-25,83.80999755859375,83.98999786376953,82.45999908447266,83.62999725341797,5799400,-0.0005962682016918963,0.2152341397672647,82.16714259556362,,Friday
1739,SBUX,Starbucks,2025-04-28,83.9000015258789,85.05999755859375,83.2699966430664,84.33000183105469,7091400,0.0010739049028396508,-0.5099019279487704,82.61571393694196,,Monday
1740,SBUX,Starbucks,2025-04-29,84.8499984741211,85.06999969482422,83.19999694824219,83.63999938964844,16356900,0.01132296699600377,1.4466751474204456,83.0942851475307,,Tuesday
1741,SBUX,Starbucks,2025-04-30,80.05000305175781,80.27999877929688,75.5,76.37000274658203,41297000,-0.05657036545295002,4.818646291511992,83.00428553989956,,Wednesday
1742,SBUX,Starbucks,2025-05-01,82.01000213623047,82.70999908447266,80.2699966430664,80.70999908447266,18326700,0.024484684693957925,1.6107087925960748,83.0414287022182,,Thursday
1743,SCHW,Charles Schwab Corporation,2025-04-02,78.58999633789062,79.18000030517578,77.27999877929688,77.87999725341797,8873900,,0.9116578190961557,,,Wednesday
1744,SCHW,Charles Schwab Corporation,2025-04-03,74.87000274658203,76.73999786376953,74.05000305175781,74.70999908447266,13517900,-0.04733418710588577,0.21416632856394902,,,Thursday
1745,SCHW,Charles Schwab Corporation,2025-04-04,69.05999755859375,72.87999725341797,68.58999633789062,72.01000213623047,25465600,-0.07760124181715111,-4.096659478020595,,,Friday
1746,SCHW,Charles Schwab Corporation,2025-04-07,70.04000091552734,71.36000061035156,65.87999725341797,67.04000091552734,24498000,0.014190608044868602,4.474940273017151,,,Monday
1747,SCHW,Charles Schwab Corporation,2025-04-08,69.93000030517578,74.55000305175781,69.08000183105469,72.25,22473400,-0.0015705398188704534,-3.211072241971237,,,Tuesday
1748,SCHW,Charles Schwab Corporation,2025-04-09,75.25,76.5199966430664,67.5999984741211,67.9800033569336,24973100,0.07607607138006078,10.69431639315285,,,Wednesday
1749,SCHW,Charles Schwab Corporation,2025-04-10,73.8499984741211,74.41000366210938,71.2300033569336,74.19000244140625,11599200,-0.01860467144025124,-0.4582881198227274,73.08428519112724,,Thursday
1750,SCHW,Charles Schwab Corporation,2025-04-11,76.95999908447266,77.33000183105469,72.80000305175781,73.20999908447266,14847900,0.04211239911455622,5.122251122654841,72.85142844063895,,Friday
1751,SCHW,Charles Schwab Corporation,2025-04-14,76.91999816894531,78.48999786376953,76.30000305175781,78.33999633789062,7967000,-0.0005197624220789621,-1.8126094400370854,73.144284929548,,Monday
1752,SCHW,Charles Schwab Corporation,2025-04-15,77.19000244140625,78.12000274658203,77.02999877929688,77.55000305175781,6921500,0.0035101960333892013,-0.4642174032040898,74.3057141985212,,Tuesday
1753,SCHW,Charles Schwab Corporation,2025-04-16,75.69999694824219,76.75,74.5999984741211,76.31999969482422,12653000,-0.019303089079380498,-0.8123725747657176,75.11428506033761,,Wednesday
1754,SCHW,Charles Schwab Corporation,2025-04-17,76.1500015258789,79.0999984741211,76.1500015258789,77.66999816894531,19270900,0.005944578543964685,-1.9569932778421828,76.0028566632952,,Thursday
1755,SCHW,Charles Schwab Corporation,2025-04-21,74.94999694824219,75.97000122070312,73.76000213623047,75.63999938964844,12824100,-0.01575843143258382,-0.9122189938841788,75.95999908447266,,Monday
1756,SCHW,Charles Schwab Corporation,2025-04-22,76.58000183105469,77.05999755859375,75.43000030517578,75.4800033569336,9741700,0.02174789792103815,1.4573376062523027,76.3499995640346,,Tuesday
1757,SCHW,Charles Schwab Corporation,2025-04-23,77.8499984741211,80.0199966430664,77.66000366210938,78.27999877929688,9826600,0.016583920249416906,-0.5493105670429644,76.47714233398438,,Wednesday
1758,SCHW,Charles Schwab Corporation,2025-04-24,79.37999725341797,79.5,77.51000213623047,77.94000244140625,8423300,0.019653163895763992,1.8475683434758399,76.82857077462333,,Thursday
1759,SCHW,Charles Schwab Corporation,2025-04-25,79.94000244140625,81.13999938964844,79.30000305175781,80.2300033569336,7781000,0.007054739321802783,-0.3614619262037977,77.22142791748047,,Friday
1760,SCHW,Charles Schwab Corporation,2025-04-28,80.18000030517578,80.4800033569336,79.30000305175781,80.44999694824219,6576900,0.0030022248741541357,-0.33560802151441926,77.86142839704242,,Monday
1761,SCHW,Charles Schwab Corporation,2025-04-29,81.26000213623047,81.47000122070312,79.61000061035156,80.20999908447266,7776500,0.013469715975855001,1.3090675274188799,78.5914284842355,,Tuesday
1762,SCHW,Charles Schwab Corporation,2025-04-30,81.4000015258789,81.66000366210938,79.47000122070312,79.94999694824219,8236100,0.001722857321782234,1.8136393158031248,79.51285770961216,,Wednesday
1763,SCHW,Charles Schwab Corporation,2025-05-01,81.51000213623047,82.06999969482422,80.9800033569336,81.12999725341797,7997800,0.001351358824196014,0.4683901093026237,80.21714346749442,,Thursday
1764,SO,Southern Company,2025-04-02,91.3000030517578,92.0500030517578,90.70999908447266,92.0,4704500,,-0.7608662480893497,,,Wednesday
1765,SO,Southern Company,2025-04-03,92.55999755859376,93.3000030517578,92.0,92.7300033569336,6392600,0.013800596546767574,-0.18333418762581968,,,Thursday
1766,SO,Southern Company,2025-04-04,88.94000244140625,93.6500015258789,88.48999786376953,93.20999908447266,8268800,-0.03910971491648896,-4.581049978550769,,,Friday
1767,SO,Southern Company,2025-04-07,87.22000122070312,89.43000030517578,86.36000061035156,87.75,8150900,-0.01933889333808214,-0.6039872128739316,,,Monday
1768,SO,Southern Company,2025-04-08,86.86000061035156,88.69000244140625,86.16000366210938,88.69000244140625,6248000,-0.004127500634179215,-2.0633687909341223,,,Tuesday
1769,SO,Southern Company,2025-04-09,87.80000305175781,89.4000015258789,85.0,86.30999755859375,7694500,0.010822040465127802,1.7263417162681927,,,Wednesday
1770,SO,Southern Company,2025-04-10,88.88999938964844,89.69999694824219,87.0,87.9800033569336,7047400,0.01241453644652002,1.0343214344093659,89.08142961774554,,Thursday
1771,SO,Southern Company,2025-04-11,89.86000061035156,90.18000030517578,87.68000030517578,88.45999908447266,4022000,0.010912377403121898,1.5826379610766332,88.87571498325893,,Friday
1772,SO,Southern Company,2025-04-14,91.16000366210938,91.69000244140624,89.16000366210938,89.7699966430664,3330900,0.014466982449675703,1.5484093472452292,88.67571585518974,,Monday
1773,SO,Southern Company,2025-04-15,91.0199966430664,91.6999969482422,90.93000030517578,91.55999755859376,2381200,-0.0015358382340781018,-0.5897782109286152,88.97285788399833,,Tuesday
1774,SO,Southern Company,2025-04-16,90.47000122070312,91.9000015258789,90.26000213623048,91.9000015258789,2731300,-0.006042577924058601,-1.5560394792519077,89.43714359828404,,Wednesday
1775,SO,Southern Company,2025-04-17,91.80999755859376,93.04000091552734,90.80999755859376,90.88999938964844,3462000,0.014811499058364097,1.0122105568526456,90.14428601946149,,Thursday
1776,SO,Southern Company,2025-04-21,90.2300033569336,91.70999908447266,89.58000183105469,91.62000274658205,3015000,-0.01720939160957724,-1.5171352848494721,90.49142892020089,,Monday
1777,SO,Southern Company,2025-04-22,91.86000061035156,92.22000122070312,90.25,90.44000244140624,3849500,0.018064914028319334,1.5700996579089073,90.91571480887276,,Tuesday
1778,SO,Southern Company,2025-04-23,91.12999725341795,91.58000183105467,90.16999816894533,91.4800033569336,5214600,-0.007946912171600262,-0.38260394695220684,91.0971429007394,,Wednesday
1779,SO,Southern Company,2025-04-24,91.0500030517578,91.44000244140624,90.2699966430664,91.04000091552734,3018400,-0.0008778031830474209,0.01098652914089396,91.08142852783203,,Thursday
1780,SO,Southern Company,2025-04-25,90.43000030517578,91.33999633789062,90.1500015258789,91.0500030517578,3442800,-0.0068094752971020744,-0.6809475297102117,90.9971433367048,,Friday
1781,SO,Southern Company,2025-04-28,90.75,91.0500030517578,89.81999969482422,90.3499984741211,2332200,0.0035386452918755307,0.44272444121122867,91.03714316231864,,Monday
1782,SO,Southern Company,2025-04-29,91.4499969482422,91.5999984741211,90.33999633789062,90.5999984741211,3234900,0.007713464994404395,0.9381881770824761,90.98571450369698,,Tuesday
1783,SO,Southern Company,2025-04-30,91.88999938964844,92.2300033569336,90.4000015258789,91.8499984741211,5934700,0.004811399191792853,0.043550262593215046,91.22285679408482,,Wednesday
1784,SO,Southern Company,2025-05-01,91.45999908447266,92.44000244140624,90.75,92.44000244140624,5319700,-0.0046795114597010246,-1.060150725931408,91.16571371895927,,Thursday
1785,SPG,Simon Property Group,2025-04-02,170.41000366210938,170.86000061035156,165.57000732421875,165.82000732421875,1417900,,2.7680594229597744,,,Wednesday
1786,SPG,Simon Property Group,2025-04-03,153.17999267578125,165.0,151.8800048828125,163.74000549316406,3770000,-0.10110915213928384,-6.4492564206147405,,,Thursday
1787,SPG,Simon Property Group,2025-04-04,146.0500030517578,150.7100067138672,142.75,147.8800048828125,3680100,-0.046546481034991816,-1.2374910539831754,,,Friday
1788,SPG,Simon Property Group,2025-04-07,143.33999633789062,150.52999877929688,138.11000061035156,140.0,3557400,-0.018555334866421136,2.385711669921875,,,Monday
1789,SPG,Simon Property Group,2025-04-08,140.3699951171875,150.0,138.52999877929688,148.50999450683594,2703600,-0.02071997555868521,-5.481112174759223,,,Tuesday
1790,SPG,Simon Property Group,2025-04-09,153.17999267578125,154.24000549316406,136.33999633789062,139.2100067138672,4323400,0.09125880176813683,10.035188052700859,,,Wednesday
1791,SPG,Simon Property Group,2025-04-10,147.69000244140625,152.0,143.10000610351562,150.0,2325500,-0.03584012597516595,-1.5399983723958333,150.6028551374163,,Thursday
1792,SPG,Simon Property Group,2025-04-11,148.1999969482422,149.02000427246094,142.3000030517578,146.77000427246094,1713000,0.0034531417049592505,0.9743085331840965,147.42999703543526,,Friday
1793,SPG,Simon Property Group,2025-04-14,149.8699951171875,151.88999938964844,148.69000244140625,150.97999572753906,1406900,0.01126854388214693,-0.7351971398612883,146.95714024135046,,Monday
1794,SPG,Simon Property Group,2025-04-15,149.3699951171875,151.74000549316406,148.85000610351562,149.60000610351562,1203500,-0.003336224836792967,-0.15375065303738628,147.4314248221261,,Tuesday
1795,SPG,Simon Property Group,2025-04-16,148.0500030517578,151.22999572753906,146.83999633789062,149.25,1435900,-0.008837063055361916,-0.8040180557736599,148.10428292410714,,Wednesday
1796,SPG,Simon Property Group,2025-04-17,150.39999389648438,152.07000732421875,148.8300018310547,149.08999633789062,1267300,0.01587295370676234,0.8786622783361215,149.53713989257812,,Thursday
1797,SPG,Simon Property Group,2025-04-21,147.1999969482422,148.72999572753906,145.83999633789062,148.3000030517578,1701000,-0.021276576317181495,-0.7417438171809846,148.68285478864397,,Monday
1798,SPG,Simon Property Group,2025-04-22,150.7100067138672,152.17999267578125,148.0,149.33999633789062,1495900,0.023845175532572593,0.917376730662851,149.1142839704241,,Tuesday
1799,SPG,Simon Property Group,2025-04-23,153.27999877929688,158.3000030517578,152.85000610351562,152.99000549316406,1862300,0.017052564202382214,0.1895504776263114,149.83999851771765,,Wednesday
1800,SPG,Simon Property Group,2025-04-24,156.1999969482422,157.3000030517578,151.83999633789062,152.63999938964844,1696800,0.0190500925900301,2.3322835251761527,150.7442844935826,,Thursday
1801,SPG,Simon Property Group,2025-04-25,156.66000366210938,157.77000427246094,155.5399932861328,156.3300018310547,1421800,0.0029449854216041516,0.2110930897393063,151.78571428571428,,Friday
1802,SPG,Simon Property Group,2025-04-28,158.50999450683594,159.02000427246094,156.17999267578125,156.91000366210938,1551700,0.011808954433045304,1.0196869590112234,153.27999877929688,,Monday
1803,SPG,Simon Property Group,2025-04-29,156.8000030517578,158.47000122070312,155.3000030517578,157.17999267578125,1284300,-0.010787909370625681,-0.24175444823136666,154.1942858014788,,Tuesday
1804,SPG,Simon Property Group,2025-04-30,157.3800048828125,157.89999389648438,153.16000366210938,155.47999572753906,2279600,0.0036989911974889544,1.2220280470054725,155.64857264927454,,Wednesday
1805,SPG,Simon Property Group,2025-05-01,158.8699951171875,160.85000610351562,157.0,158.22999572753906,1365700,0.009467468472150964,0.4044741243313129,156.8142852783203,,Thursday
1806,T,AT&T,2025-04-02,27.844459533691406,28.289734171416068,27.715825686858025,28.111624316326203,41574800,,-0.9503712045541161,,,Wednesday
1807,T,AT&T,2025-04-03,28.29962921142578,28.725113443417573,28.151204962137577,28.24025988917385,48912300,0.016346867037718038,0.210229376375859,,,Thursday
1808,T,AT&T,2025-04-04,26.36021423339844,28.131415760888515,26.251370785838905,27.705931510717523,61361000,-0.06853146249860809,-4.85714503696985,,,Friday
1809,T,AT&T,2025-04-07,26.548219680786133,26.94401833062472,24.836389340661206,24.915549070628924,74875400,0.0071321668983057585,6.552818103783402,,,Monday
1810,T,AT&T,2025-04-08,26.112838745117188,26.9044378873309,25.756620924071907,26.7362232347507,55717100,-0.016399628333045868,-2.3316101311693918,,,Tuesday
1811,T,AT&T,2025-04-09,26.191999435424805,26.577904762804568,24.935338982899637,25.815991197327143,77738700,0.0030314854344366537,1.4564935168423487,,,Wednesday
1812,T,AT&T,2025-04-10,26.38999938964844,26.76000022888184,25.899999618530277,26.239999771118164,51467900,0.007559558586269777,0.5716448926778518,26.821051461356028,,Thursday
1813,T,AT&T,2025-04-11,26.790000915527344,26.899999618530277,26.36000061035156,26.57999992370605,32057600,0.01515731470747217,0.7900714538151592,26.670414515904017,,Friday
1814,T,AT&T,2025-04-14,27.200000762939453,27.350000381469727,26.57999992370605,26.6299991607666,27042800,0.015304211773075282,2.1404491931513934,26.513324737548828,,Monday
1815,T,AT&T,2025-04-15,27.5,27.6299991607666,27.26000022888184,27.5,25721300,0.011029383406095494,0.0,26.676151275634766,,Tuesday
1816,T,AT&T,2025-04-16,27.020000457763672,27.780000686645508,26.940000534057617,27.739999771118164,27835900,-0.017454528808593772,-2.595527466817531,26.7435485294887,,Wednesday
1817,T,AT&T,2025-04-17,27.149999618530277,27.489999771118164,27.01000022888184,27.18000030517578,24760000,0.004811219784019327,-0.11037780098843981,26.891714368547714,,Thursday
1818,T,AT&T,2025-04-21,26.32999992370605,27.280000686645508,26.15999984741211,27.15999984741211,46226000,-0.030202567452876306,-3.055964390166016,26.911428724016464,,Monday
1819,T,AT&T,2025-04-22,26.959999084472656,27.36000061035156,25.979999542236328,26.0,50906800,0.023927047572810167,3.692304171048678,26.992857251848495,,Tuesday
1820,T,AT&T,2025-04-23,27.190000534057617,27.31999969482422,26.1200008392334,26.540000915527344,43351000,0.00853121132772694,2.449131861747557,27.050000054495676,,Wednesday
1821,T,AT&T,2025-04-24,27.530000686645508,27.82999992370605,27.13999938964844,27.170000076293945,43640800,0.01250460264471176,1.3249930413716342,27.097142900739396,,Thursday
1822,T,AT&T,2025-04-25,26.809999465942383,27.520000457763672,26.6299991607666,27.459999084472656,37050300,-0.026153331011444125,-2.367078077937074,26.998571395874023,,Friday
1823,T,AT&T,2025-04-28,27.26000022888184,27.270000457763672,26.799999237060547,26.899999618530277,24156000,0.01678481058946346,1.3382922507685584,27.03285707746233,,Monday
1824,T,AT&T,2025-04-29,27.299999237060547,27.440000534057617,27.049999237060547,27.100000381469727,25015800,0.0014673150345878572,0.7380031467732905,27.05428559439523,,Tuesday
1825,T,AT&T,2025-04-30,27.700000762939453,27.88999938964844,27.31999969482422,27.600000381469727,38877100,0.01465207095448906,0.3623202177086399,27.25,,Wednesday
1826,T,AT&T,2025-05-01,27.63999938964844,27.780000686645508,27.270000457763672,27.5,37367600,-0.002166114499581151,0.5090886896306948,27.347142900739396,,Thursday
1827,TGT,Target Corporation,2025-04-02,105.7699966430664,107.08999633789062,103.93000030517578,104.0199966430664,5654400,,1.6823688295289412,,,Wednesday
1828,TGT,Target Corporation,2025-04-03,94.27999877929688,98.4499969482422,93.0,97.75,19020400,-0.10863192047309889,-3.5498733715632995,,,Thursday
1829,TGT,Target Corporation,2025-04-04,95.72000122070312,96.87999725341795,90.62000274658205,91.83999633789062,16229700,0.015273679041693633,4.224744161070614,,,Friday
1830,TGT,Target Corporation,2025-04-07,94.37999725341795,97.86000061035156,90.25,91.2699966430664,13800600,-0.013999205497245093,3.40747312889028,,,Monday
1831,TGT,Target Corporation,2025-04-08,88.76000213623047,97.5,87.3499984741211,96.54000091552734,13408900,-0.059546464089179185,-8.058834374887137,,,Tuesday
1832,TGT,Target Corporation,2025-04-09,97.69000244140624,98.4800033569336,87.87999725341797,88.0,13717800,0.100608383170945,11.011366410688904,,,Wednesday
1833,TGT,Target Corporation,2025-04-10,92.70999908447266,96.0,89.80000305175781,95.69000244140624,12187900,-0.05097761523673372,-3.11422644048768,95.61571393694196,,Thursday
1834,TGT,Target Corporation,2025-04-11,92.77999877929688,92.95999908447266,88.62999725341797,92.41000366210938,10457600,0.0007550393217072848,0.40038426850448017,93.75999995640346,,Friday
1835,TGT,Target Corporation,2025-04-14,94.6500015258789,95.41000366210938,92.72000122070312,94.41999816894533,8164400,0.02015523573168343,0.24359601926917585,93.81285749162946,,Monday
1836,TGT,Target Corporation,2025-04-15,92.08000183105467,94.9800033569336,91.95999908447266,94.04000091552734,6605600,-0.02715266406119976,-2.0842184872299874,93.29285757882255,,Tuesday
1837,TGT,Target Corporation,2025-04-16,90.45999908447266,92.62999725341795,89.52999877929688,91.0,8048400,-0.017593426524407985,-0.5934075994805975,92.73285784040179,,Wednesday
1838,TGT,Target Corporation,2025-04-17,93.11000061035156,93.54000091552734,90.2300033569336,90.2300033569336,5347700,0.029294733061010714,3.19183990498728,93.35428619384766,,Thursday
1839,TGT,Target Corporation,2025-04-21,93.77999877929688,93.91000366210938,90.8499984741211,92.63999938964844,6856600,0.007195770213224817,1.23056929745168,92.79571424211774,,Monday
1840,TGT,Target Corporation,2025-04-22,94.0999984741211,95.94000244140624,92.75,94.12000274658205,7200100,0.003412238206329077,-0.021254007519329533,92.9942855834961,,Tuesday
1841,TGT,Target Corporation,2025-04-23,92.1500015258789,97.62000274658205,91.69000244140624,96.8499984741211,9113800,-0.020722603399175088,-4.852862180992243,92.90428597586495,,Wednesday
1842,TGT,Target Corporation,2025-04-24,95.30999755859376,95.55999755859376,91.87999725341795,92.3000030517578,7718800,0.03429187173510151,3.261099032844119,92.99857112339565,,Thursday
1843,TGT,Target Corporation,2025-04-25,96.58000183105467,96.8499984741211,94.69000244140624,95.01000213623048,5274900,0.013324984838869014,1.652457277680133,93.64142826625279,,Friday
1844,TGT,Target Corporation,2025-04-28,96.37000274658205,97.98999786376952,95.16999816894533,96.48999786376952,4662400,-0.002174353701504095,-0.12436016151320475,94.48571450369698,,Monday
1845,TGT,Target Corporation,2025-04-29,96.91000366210938,97.08999633789062,95.3000030517578,95.9499969482422,3768400,0.005603412889250814,1.0005281338206031,95.02857208251953,,Tuesday
1846,TGT,Target Corporation,2025-04-30,96.6999969482422,96.98999786376952,94.2300033569336,95.51000213623048,8255300,-0.002167028231671475,1.2459373734641657,95.44571467808315,,Wednesday
1847,TGT,Target Corporation,2025-05-01,95.97000122070312,97.52999877929688,95.5500030517578,97.11000061035156,5443700,-0.007549077048366382,-1.1739258392373215,95.71285792759487,,Thursday
1848,TMO,Thermo Fisher Scientific,2025-04-02,489.05999755859375,491.3599853515625,479.6000061035156,480.5,2068700,,1.7814771193743497,,,Wednesday
1849,TMO,Thermo Fisher Scientific,2025-04-03,470.0299987792969,485.9100036621094,468.1700134277344,481.8900146484375,2813600,-0.03891137871487216,-2.4611458026979642,,,Thursday
1850,TMO,Thermo Fisher Scientific,2025-04-04,437.9100036621094,464.1099853515625,437.2200012207031,461.489990234375,3894200,-0.06833605344468552,-5.10953369980791,,,Friday
1851,TMO,Thermo Fisher Scientific,2025-04-07,437.8699951171875,453.3399963378906,411.2099914550781,417.7699890136719,4076300,-9.136248221619514e-05,4.811261371591207,,,Monday
1852,TMO,Thermo Fisher Scientific,2025-04-08,419.30999755859375,454.1300048828125,413.3299865722656,451.1600036621094,3929200,-0.042387004740131906,-7.059581045523992,,,Tuesday
1853,TMO,Thermo Fisher Scientific,2025-04-09,453.5499877929688,455.0299987792969,409.8500061035156,414.6300048828125,4597700,0.08165793907546992,9.386677869865284,,,Wednesday
1854,TMO,Thermo Fisher Scientific,2025-04-10,427.4400024414063,448.6000061035156,415.30999755859375,446.3999938964844,3902400,-0.0575680433343565,-4.247309971844376,447.8814261300223,,Thursday
1855,TMO,Thermo Fisher Scientific,2025-04-11,438.1499938964844,440.7300109863281,420.0,429.989990234375,2657400,0.02505612809729052,1.8977194463670177,440.6085684640067,,Friday
1856,TMO,Thermo Fisher Scientific,2025-04-14,449.3299865722656,450.8399963378906,442.0,448.0,2370500,0.025516359309644576,0.29687200273786274,437.6514238630022,,Monday
1857,TMO,Thermo Fisher Scientific,2025-04-15,441.0,450.2699890136719,438.4100036621094,447.5899963378906,2545900,-0.018538683865306438,-1.4723287812080064,438.0928519112723,,Tuesday
1858,TMO,Thermo Fisher Scientific,2025-04-16,436.7900085449219,445.9400024414063,435.3599853515625,441.3299865722656,1823500,-0.009546465884530897,-1.0287037286101908,437.9385681152344,,Wednesday
1859,TMO,Thermo Fisher Scientific,2025-04-17,427.5,436.0199890136719,425.0499877929688,434.5400085449219,3037200,-0.021268821088352485,-1.620105952613128,439.1085684640067,,Thursday
1860,TMO,Thermo Fisher Scientific,2025-04-21,421.8500061035156,426.5,416.6199951171875,425.5,2314800,-0.013216359991776283,-0.8578129016414513,434.5799996512277,,Monday
1861,TMO,Thermo Fisher Scientific,2025-04-22,434.7300109863281,437.010009765625,426.510009765625,429.7999877929688,3677800,0.03053219081772851,1.1470505661656907,435.6214294433594,,Tuesday
1862,TMO,Thermo Fisher Scientific,2025-04-23,431.6400146484375,461.6099853515625,429.4200134277344,456.5499877929688,3492200,-0.007107851447568425,-5.456132693147109,434.6914324079241,,Wednesday
1863,TMO,Thermo Fisher Scientific,2025-04-24,426.6600036621094,432.4599914550781,417.7900085449219,430.0,3662400,-0.011537417332320943,-0.7767433343931686,431.45286342075894,,Thursday
1864,TMO,Thermo Fisher Scientific,2025-04-25,424.239990234375,426.7200012207031,416.8200073242188,426.1199951171875,2698300,-0.00567199504749194,-0.44119142597274247,429.05857631138394,,Friday
1865,TMO,Thermo Fisher Scientific,2025-04-28,421.3399963378906,432.8500061035156,416.8399963378906,429.9299926757813,2531600,-0.006835739117574069,-1.9979988566111897,426.8514317103795,,Monday
1866,TMO,Thermo Fisher Scientific,2025-04-29,427.5299987792969,430.3399963378906,418.80999755859375,421.8200073242188,2437300,0.01469122916221366,1.3536559091397626,426.85571725027904,,Tuesday
1867,TMO,Thermo Fisher Scientific,2025-04-30,429.0,429.30999755859375,422.989990234375,427.6499938964844,2944300,0.0034383580682064707,0.31568014095246383,427.8771449497768,,Wednesday
1868,TMO,Thermo Fisher Scientific,2025-05-01,419.8900146484375,428.8699951171875,415.3800048828125,425.8599853515625,2771900,-0.021235397089889307,-1.4018623276372344,425.7571454729353,,Thursday
1869,TMUS,T-Mobile US,2025-04-02,264.5599975585937,268.510009765625,262.4200134277344,268.5,2969500,,-1.467412454899928,,,Wednesday
1870,TMUS,T-Mobile US,2025-04-03,267.8900146484375,272.6000061035156,264.94000244140625,265.20001220703125,5652100,0.012587001514113183,1.0143296823479293,,,Thursday
1871,TMUS,T-Mobile US,2025-04-04,248.1100006103516,269.6499938964844,247.3699951171875,267.9100036621094,7948500,-0.07383632444846444,-7.390542637866458,,,Friday
1872,TMUS,T-Mobile US,2025-04-07,246.6699981689453,256.95001220703125,242.80999755859372,243.16000366210935,8149000,-0.005803887138220443,1.4434917149094098,,,Monday
1873,TMUS,T-Mobile US,2025-04-08,246.3000030517578,253.8000030517578,243.8600006103516,252.30999755859372,6018000,-0.0014999599462196533,-2.3819882545241646,,,Tuesday
1874,TMUS,T-Mobile US,2025-04-09,254.8999938964844,255.55999755859372,238.6499938964844,243.0,8590400,0.0349167305650393,4.897116829828973,,,Wednesday
1875,TMUS,T-Mobile US,2025-04-10,256.1199951171875,260.2300109863281,251.42999267578125,256.1300048828125,5406600,0.004786195566558238,-0.003908080050824105,254.9357147216797,,Thursday
1876,TMUS,T-Mobile US,2025-04-11,258.6700134277344,260.1199951171875,255.6300048828125,257.6300048828125,3987300,0.009956342180079014,0.4036830047784772,254.0942884172712,,Friday
1877,TMUS,T-Mobile US,2025-04-14,262.6400146484375,265.1700134277344,258.5199890136719,259.5,3845400,0.01534774428661101,1.210024912692678,253.3442884172712,,Monday
1878,TMUS,T-Mobile US,2025-04-15,266.7099914550781,267.9599914550781,263.17999267578125,264.4700012207031,3130500,0.015496407933454304,0.84697327637765,256.00142996651783,,Tuesday
1879,TMUS,T-Mobile US,2025-04-16,259.6400146484375,267.2699890136719,258.9599914550781,266.2300109863281,3362700,-0.026508106307038815,-2.475301831478738,257.85428946358815,,Wednesday
1880,TMUS,T-Mobile US,2025-04-17,262.0400085449219,265.3999938964844,259.0899963378906,259.7200012207031,3489600,0.009243543988140868,0.8932724908803884,260.1028616768973,,Thursday
1881,TMUS,T-Mobile US,2025-04-21,253.47999572753903,261.739990234375,250.8699951171875,260.3900146484375,3656300,-0.03266681628090162,-2.653718857164299,259.9000047956194,,Monday
1882,TMUS,T-Mobile US,2025-04-22,258.29998779296875,259.32000732421875,253.0,253.13999938964844,4762500,0.019015275945525323,2.038393148361253,260.21143232073103,,Tuesday
1883,TMUS,T-Mobile US,2025-04-23,259.3500061035156,262.6099853515625,252.6699981689453,254.0,4562300,0.004065111731203386,2.1063016155573324,260.3085741315569,,Wednesday
1884,TMUS,T-Mobile US,2025-04-24,262.17999267578125,263.7900085449219,258.07000732421875,259.75,5047200,0.01091184309105464,0.9355120984720886,260.24285670689176,,Thursday
1885,TMUS,T-Mobile US,2025-04-25,232.7700042724609,243.80999755859372,230.63999938964844,243.1499938964844,13561400,-0.11217480061375051,-4.26896561158975,255.394287109375,,Friday
1886,TMUS,T-Mobile US,2025-04-28,236.7700042724609,237.32000732421875,231.5399932861328,231.69000244140625,5825900,0.01718434474623254,2.1925856867041027,252.12714276994978,,Monday
1887,TMUS,T-Mobile US,2025-04-29,241.58999633789065,241.91000366210935,235.4199981689453,236.7100067138672,3900800,0.020357274901609435,2.0615899140767424,249.2057124546596,,Tuesday
1888,TMUS,T-Mobile US,2025-04-30,246.9499969482422,247.5500030517578,241.72000122070312,244.72999572753903,4440500,0.022186351635417045,0.907122649229606,248.2728554861886,,Wednesday
1889,TMUS,T-Mobile US,2025-05-01,247.0,247.1000061035156,242.3999938964844,245.2700042724609,3603400,0.00020248249595367085,0.7053433756283161,246.65857151576452,,Thursday
1890,TSLA,"Tesla, Inc.",2025-04-02,282.760009765625,284.989990234375,251.2700042724609,254.6000061035156,212787800,,11.060488211716725,,,Wednesday
1891,TSLA,"Tesla, Inc.",2025-04-03,267.2799987792969,276.29998779296875,261.510009765625,265.2900085449219,136174300,-0.05474611137253549,0.7501188021704303,,,Thursday
1892,TSLA,"Tesla, Inc.",2025-04-04,239.42999267578125,261.0,236.0,255.3800048828125,181229400,-0.10419786826814681,-6.245599460439478,,,Friday
1893,TSLA,"Tesla, Inc.",2025-04-07,233.2899932861328,252.0,214.25,223.77999877929688,183453800,-0.025644236634809525,4.249707104617144,,,Monday
1894,TSLA,"Tesla, Inc.",2025-04-08,221.8600006103516,250.44000244140625,217.8000030517578,245.0,171603500,-0.048994783337158454,-9.444897710060575,,,Tuesday
1895,TSLA,"Tesla, Inc.",2025-04-09,272.20001220703125,274.69000244140625,223.8800048828125,224.69000244140625,219433400,0.22689989839624514,21.144692353641535,,,Wednesday
1896,TSLA,"Tesla, Inc.",2025-04-10,252.3999938964844,262.489990234375,239.3300018310547,260.0,181722600,-0.07274069589492616,-2.923079270582922,252.74571446010046,,Thursday
1897,TSLA,"Tesla, Inc.",2025-04-11,252.30999755859372,257.739990234375,241.3600006103516,251.83999633789065,128948100,-0.0003565623615965352,0.18662691690658748,248.39571271623885,,Friday
1898,TSLA,"Tesla, Inc.",2025-04-14,252.3500061035156,261.79998779296875,245.92999267578125,258.3599853515625,100135200,0.00015856900364230597,-2.3262035875520137,246.26285661969865,,Monday
1899,TSLA,"Tesla, Inc.",2025-04-15,254.1100006103516,258.75,247.5399932861328,249.91000366210935,79594300,0.006974418324816822,1.6806037720366116,248.36000061035156,,Tuesday
1900,TSLA,"Tesla, Inc.",2025-04-16,241.5500030517578,251.97000122070312,233.88999938964844,247.6100006103516,112378700,-0.049427403598542696,-2.4473961244117994,249.54000200544084,,Wednesday
1901,TSLA,"Tesla, Inc.",2025-04-17,241.3699951171875,244.33999633789065,237.67999267578125,243.47000122070312,83404800,-0.0007452201709629014,-0.8625317669473335,252.327144077846,,Thursday
1902,TSLA,"Tesla, Inc.",2025-04-21,227.5,232.2100067138672,222.7899932861328,230.25999450683597,97768000,-0.05746362595919796,-1.198642652948568,245.9414280482701,,Monday
1903,TSLA,"Tesla, Inc.",2025-04-22,237.97000122070312,242.7899932861328,229.8500061035156,230.9600067138672,120858500,0.04602198338770602,3.0351551364130813,243.8800005231585,,Tuesday
1904,TSLA,"Tesla, Inc.",2025-04-23,250.7400054931641,259.45001220703125,244.42999267578125,254.8600006103516,150381900,0.05366224400956132,-1.6165718854746638,243.6557159423828,,Wednesday
1905,TSLA,"Tesla, Inc.",2025-04-24,259.510009765625,259.5400085449219,249.1999969482422,250.5,94464200,0.0349764859229853,3.596810285678643,244.67857360839844,,Thursday
1906,TSLA,"Tesla, Inc.",2025-04-25,284.95001220703125,286.8500061035156,259.6300048828125,261.69000244140625,167560700,0.09803091011549903,8.888383029012749,249.08428955078125,,Friday
1907,TSLA,"Tesla, Inc.",2025-04-28,285.8800048828125,294.8599853515625,272.4200134277344,288.9800109863281,151731800,0.0032637046356942534,-1.072740669133094,255.41714695521765,,Monday
1908,TSLA,"Tesla, Inc.",2025-04-29,292.0299987792969,293.32000732421875,279.4700012207031,285.5,108906600,0.021512501019458785,2.2872149839919,262.65429033551897,,Tuesday
1909,TSLA,"Tesla, Inc.",2025-04-30,282.1600036621094,284.45001220703125,270.7799987792969,279.8999938964844,128961100,-0.03379788089732105,0.8074347320138996,270.46286228724887,,Wednesday
1910,TSLA,"Tesla, Inc.",2025-05-01,280.5199890136719,290.8699951171875,279.8099975585937,280.010009765625,99659000,-0.005812356915055328,0.18212893477406028,276.54143197195873,,Thursday
1911,TXN,Texas Instruments,2025-04-02,176.68264770507812,178.4079189177066,173.70802547120994,174.3327009818298,4368900,,1.3479666809575015,,,Wednesday
1912,TXN,Texas Instruments,2025-04-03,162.8109893798828,172.71648699548382,162.61268425429543,170.38636016312617,11895300,-0.07851171864002249,-4.4459960151685705,,,Thursday
1913,TXN,Texas Instruments,2025-04-04,150.10934448242188,159.70746623089417,149.68298924790182,158.31930018680438,14976900,-0.07801466563061354,-5.185694791914443,,,Friday
1914,TXN,Texas Instruments,2025-04-07,152.697265625,161.52197167741787,143.97170456334368,149.63340853677167,18337200,0.017240240116305205,2.047575550265838,,,Monday
1915,TXN,Texas Instruments,2025-04-08,144.7748565673828,157.68472111068976,142.09769962182978,155.42400945624846,13902800,-0.051883110186618286,-6.851678145559202,,,Tuesday
1916,TXN,Texas Instruments,2025-04-09,168.06614685058594,171.3580692016017,143.02974444364023,143.94196006230828,21578500,0.1608793877296133,16.759662559711565,,,Wednesday
1917,TXN,Texas Instruments,2025-04-10,155.27528381347656,161.55172329774027,148.75094401789033,159.42982674833223,16019500,-0.07610612414694495,-2.6058755877680393,158.6309334891183,,Thursday
1918,TXN,Texas Instruments,2025-04-11,146.35142517089844,148.6121369387827,138.7661291265372,142.78187231123297,21113300,-0.05747121127981869,2.500004238552515,154.2979016985212,,Friday
1919,TXN,Texas Instruments,2025-04-14,149.70281982421875,152.29074181500798,147.87838845553895,149.76230984911095,10356600,0.02289963797350647,-0.03972296163977197,152.42530604771204,,Monday
1920,TXN,Texas Instruments,2025-04-15,149.901123046875,151.40826922042052,148.5823871659477,150.13909827313307,6958900,0.0013246458743334522,-0.1585031673929117,152.39556012834822,,Tuesday
1921,TXN,Texas Instruments,2025-04-16,145.310302734375,148.46339511778268,141.35404961905624,145.9845431950868,10862500,-0.030625656560721137,-0.46185743089990244,151.34027971540178,,Wednesday
1922,TXN,Texas Instruments,2025-04-17,147.18431091308594,148.91950722042614,144.6856239941969,146.07379011789575,5690700,0.012896595378626419,0.7602464441388732,151.68448747907365,,Thursday
1923,TXN,Texas Instruments,2025-04-21,144.3782501220703,145.49869601813512,141.4333728656448,144.229525060518,8275000,-0.019064944990452415,0.10311693218840459,148.30050223214286,,Monday
1924,TXN,Texas Instruments,2025-04-22,145.5185089111328,146.98600005288623,143.85272778336147,144.63603828588742,9139900,0.007897718583639968,0.6101319115925306,146.90667724609375,,Tuesday
1925,TXN,Texas Instruments,2025-04-23,150.8629150390625,154.02593236799973,150.00027945106535,151.87429081342137,14125000,0.036726641634250656,-0.6659295453773345,147.5511757986886,,Wednesday
1926,TXN,Texas Instruments,2025-04-24,160.7584991455078,163.6042161238517,157.079876477408,163.2373509049601,18950400,0.06559321821325725,-1.5185567186124687,149.13055855887276,,Thursday
1927,TXN,Texas Instruments,2025-04-25,161.48233032226562,162.3152209374958,159.1621285528194,160.47095450107955,8383300,0.004502599741881497,0.6302547550306211,150.78501674107142,,Friday
1928,TXN,Texas Instruments,2025-04-28,161.0658721923828,162.15655787415278,158.36888030373197,161.9681778519064,5170500,-0.0025789702752722077,-0.5570882326950689,153.0358123779297,,Monday
1929,TXN,Texas Instruments,2025-04-29,159.41000366210938,160.9766397943553,157.40708719813543,158.14083276783353,6566500,-0.010280691419816135,0.8025573610954194,154.78233991350447,,Tuesday
1930,TXN,Texas Instruments,2025-04-30,160.0500030517578,160.6300048828125,154.89999389648438,156.3699951171875,6158600,0.00401480067088511,2.353397742202668,157.02116176060267,,Wednesday
1931,TXN,Texas Instruments,2025-05-01,158.25999450683594,162.07000732421875,158.05999755859375,160.83999633789062,6124900,-0.011184058174263267,-1.6040797623712029,158.84137398856026,,Thursday
1932,UNH,UnitedHealth Group,2025-04-02,523.2000122070312,525.0,516.7999877929688,522.9500122070312,2378900,,0.047805716447909215,,,Wednesday
1933,UNH,UnitedHealth Group,2025-04-03,540.4400024414062,548.5,529.2899780273438,529.989990234375,6457900,0.03295105090240913,1.9717376553489228,,,Thursday
1934,UNH,UnitedHealth Group,2025-04-04,525.0499877929688,551.739990234375,524.8400268554688,540.6400146484375,9919000,-0.028476823660191664,-2.8836243032448294,,,Friday
1935,UNH,UnitedHealth Group,2025-04-07,524.7000122070312,529.2000122070312,503.5899963378906,513.4000244140625,7356700,-0.0006665566975986303,2.201010373122848,,,Monday
1936,UNH,UnitedHealth Group,2025-04-08,553.0800170898438,585.010009765625,547.4600219726562,582.1699829101562,11762300,0.054088058362031344,-4.996816509655364,,,Tuesday
1937,UNH,UnitedHealth Group,2025-04-09,578.5,589.4000244140625,554.4600219726562,560.1400146484375,12691900,0.04596076901116275,3.2777492897174714,,,Wednesday
1938,UNH,UnitedHealth Group,2025-04-10,594.4000244140625,601.8800048828125,580.0,580.239990234375,8646000,0.027484916878241172,2.440375433959295,548.4814365931919,,Thursday
1939,UNH,UnitedHealth Group,2025-04-11,599.469970703125,606.3599853515625,586.530029296875,588.9199829101562,6121500,0.00852951897850307,1.791412772383073,559.3771449497768,,Friday
1940,UNH,UnitedHealth Group,2025-04-14,587.0599975585938,595.6300048828125,579.2899780273438,595.0,4839300,-0.020701575977151054,-1.3344541918329833,566.0371442522321,,Monday
1941,UNH,UnitedHealth Group,2025-04-15,583.5900268554688,592.8599853515625,582.010009765625,592.239990234375,3871300,-0.005910759918160924,-1.460550371730738,574.4000069754464,,Tuesday
1942,UNH,UnitedHealth Group,2025-04-16,585.0399780273438,594.8099975585938,582.9600219726562,585.3200073242188,4192100,0.0024845372695754264,-0.047842085247546816,583.020002092634,,Wednesday
1943,UNH,UnitedHealth Group,2025-04-17,454.1099853515625,489.7900085449219,447.1000061035156,481.9500122070313,29060100,-0.22379665936207493,-5.776538261297847,568.8814261300223,,Thursday
1944,UNH,UnitedHealth Group,2025-04-21,425.3299865722656,453.5,424.80999755859375,449.760009765625,13029900,-0.0633767142491174,-5.431790880227465,546.999995640346,,Monday
1945,UNH,UnitedHealth Group,2025-04-22,427.1799926757813,431.5,417.1199951171875,424.6400146484375,10156900,0.004349578355443251,0.5981485351649379,523.1114196777344,,Tuesday
1946,UNH,UnitedHealth Group,2025-04-23,427.9599914550781,438.8500061035156,423.75,427.0700073242188,8345700,0.0018259253538797093,0.2083930305561516,498.6099940708705,,Wednesday
1947,UNH,UnitedHealth Group,2025-04-24,424.25,429.8999938964844,423.6499938964844,427.5700073242188,7629100,-0.008669014695658839,-0.7764827437255916,475.35142299107144,,Thursday
1948,UNH,UnitedHealth Group,2025-04-25,418.6400146484375,423.55999755859375,412.0199890136719,423.55999755859375,9263800,-0.013223300769740765,-1.1615787464621556,451.7871355329241,,Friday
1949,UNH,UnitedHealth Group,2025-04-28,420.0,424.1199951171875,415.5499877929688,419.75,6614300,0.003248579457232781,0.05955926146515784,428.20999581473217,,Monday
1950,UNH,UnitedHealth Group,2025-04-29,409.2300109863281,421.75,409.1000061035156,421.1900024414063,9909100,-0.02564283098493303,-2.8395715439000697,421.79857090541293,,Tuesday
1951,UNH,UnitedHealth Group,2025-04-30,411.4400024414063,413.260009765625,401.0,409.0299987792969,9192800,0.005400365065483914,0.5891997333451854,419.8142874581473,,Wednesday
1952,UNH,UnitedHealth Group,2025-05-01,400.6799926757813,411.989990234375,399.8599853515625,411.3200073242188,9316800,-0.02615207491196081,-2.5867972524980085,416.028573172433,,Thursday
1953,UNP,Union Pacific Corporation,2025-04-02,238.4600067138672,238.50999450683597,234.6100006103516,235.13999938964844,2023600,,1.4119279292491598,,,Wednesday
1954,UNP,Union Pacific Corporation,2025-04-03,223.97000122070312,232.97999572753903,223.0800018310547,231.3500061035156,5754800,-0.06076492948585255,-3.1899739304568473,,,Thursday
1955,UNP,Union Pacific Corporation,2025-04-04,213.25999450683597,221.75,212.5500030517578,220.0,6784500,-0.047818934033551086,-3.0636388605291063,,,Friday
1956,UNP,Union Pacific Corporation,2025-04-07,209.97000122070312,216.2400054931641,204.7899932861328,211.1100006103516,5055900,-0.015427147007768371,-0.5400025514435848,,,Monday
1957,UNP,Union Pacific Corporation,2025-04-08,208.2700042724609,217.72999572753903,204.66000366210935,217.52999877929688,5126200,-0.008096380141729531,-4.256881606582932,,,Tuesday
1958,UNP,Union Pacific Corporation,2025-04-09,223.52999877929688,224.6999969482422,206.3800048828125,206.6199951171875,5361000,0.07327024628507073,8.184108054265815,,,Wednesday
1959,UNP,Union Pacific Corporation,2025-04-10,219.32000732421875,221.69000244140625,214.1999969482422,221.3800048828125,5088800,-0.018834122838406464,-0.9305255728421407,219.54000200544084,,Thursday
1960,UNP,Union Pacific Corporation,2025-04-11,218.58999633789065,220.2700042724609,215.1000061035156,218.75999450683597,2965000,-0.003328519797324847,-0.0777098981596474,216.70142909458704,,Friday
1961,UNP,Union Pacific Corporation,2025-04-14,222.2700042724609,223.2700042724609,219.2899932861328,221.1499938964844,3197700,0.016835207448751666,0.5064482961282643,216.4585723876953,,Monday
1962,UNP,Union Pacific Corporation,2025-04-15,220.0800018310547,224.30999755859372,219.58999633789065,222.7899932861328,2807000,-0.009852892425024184,-1.2163883193791558,217.43285914829798,,Tuesday
1963,UNP,Union Pacific Corporation,2025-04-16,216.6000061035156,220.5399932861328,215.41000366210935,219.6999969482422,3293600,-0.015812412298190193,-1.4110108729118003,218.38000270298548,,Wednesday
1964,UNP,Union Pacific Corporation,2025-04-17,220.25999450683597,222.2400054931641,217.3000030517578,217.5,4545800,0.01689745290944833,1.26896299164872,220.09285845075334,,Thursday
1965,UNP,Union Pacific Corporation,2025-04-21,216.0500030517578,218.97999572753903,213.3600006103516,218.16000366210935,3379600,-0.019113736311963336,-0.9671803148754737,219.0242876325335,,Monday
1966,UNP,Union Pacific Corporation,2025-04-22,216.8999938964844,218.6199951171875,214.9600067138672,218.02999877929688,3353300,0.00393423204221377,-0.518279543704594,218.67857142857142,,Tuesday
1967,UNP,Union Pacific Corporation,2025-04-23,219.77999877929688,224.5800018310547,218.3300018310547,221.30999755859372,3879500,0.013278031184210004,-0.6913373982988574,218.84857177734375,,Wednesday
1968,UNP,Union Pacific Corporation,2025-04-24,215.4499969482422,215.8300018310547,206.6300048828125,208.25,5205100,-0.019701528142253233,3.4573814877513507,217.87428501674108,,Thursday
1969,UNP,Union Pacific Corporation,2025-04-25,213.2899932861328,214.75999450683597,211.57000732421875,214.0,3454900,-0.010025545104223266,-0.3317788382556951,216.90428379603796,,Friday
1970,UNP,Union Pacific Corporation,2025-04-28,212.6100006103516,214.6999969482422,210.8000030517578,213.05999755859372,3053300,-0.0031881133535833772,-0.2112066804649131,216.33428301130022,,Monday
1971,UNP,Union Pacific Corporation,2025-04-29,214.5399932861328,214.9600067138672,211.2899932861328,211.2899932861328,2886400,0.009077619445184482,1.5381703361591714,215.5171399797712,,Tuesday
1972,UNP,Union Pacific Corporation,2025-04-30,215.66000366210935,215.97999572753903,210.52999877929688,213.47000122070312,3139100,0.005220520234112014,1.0259064172403383,215.46142578125,,Wednesday
1973,UNP,Union Pacific Corporation,2025-05-01,214.0800018310547,215.5,212.57000732421875,215.5,4458500,-0.007326355393790007,-0.6589318649398203,215.0585697719029,,Thursday
1974,UPS,United Parcel Service,2025-04-02,110.1999969482422,110.5,108.58999633789062,108.8499984741211,4540000,,1.2402374763855122,,,Wednesday
1975,UPS,United Parcel Service,2025-04-03,100.12000274658205,107.38999938964844,99.97000122070312,106.73999786376952,10057700,-0.09147000436301689,-6.201981684163477,,,Thursday
1976,UPS,United Parcel Service,2025-04-04,97.70999908447266,100.58999633789062,96.56999969482422,98.33000183105467,9567700,-0.0240711505792649,-0.6305326299569001,,,Friday
1977,UPS,United Parcel Service,2025-04-07,95.55999755859376,99.1999969482422,93.2300033569336,95.0,8729800,-0.022003904882039405,0.5894711143092255,,,Monday
1978,UPS,United Parcel Service,2025-04-08,91.91999816894533,97.8000030517578,90.70999908447266,97.8000030517578,8233800,-0.038091246155762315,-6.012274743693669,,,Tuesday
1979,UPS,United Parcel Service,2025-04-09,99.66000366210938,100.19000244140624,90.5500030517578,91.18000030517578,8849800,0.08420371679009642,9.300288800780177,,,Wednesday
1980,UPS,United Parcel Service,2025-04-10,96.55999755859376,98.12999725341795,93.9800033569336,98.12000274658205,7553700,-0.03110581968294901,-1.5898951735838829,98.81857081821988,,Thursday
1981,UPS,United Parcel Service,2025-04-11,97.08000183105467,99.6999969482422,93.61000061035156,95.75,5544100,0.005385297075482631,1.3890358548873871,96.9442858014788,,Friday
1982,UPS,United Parcel Service,2025-04-14,98.66999816894533,100.94000244140624,97.98999786376952,98.47000122070312,4926900,0.01637820671509327,0.20310444375230977,96.73714229038785,,Monday
1983,UPS,United Parcel Service,2025-04-15,96.5,98.56999969482422,96.22000122070312,98.48999786376952,5767000,-0.021992482104132627,-2.020507571258215,96.56428527832033,,Tuesday
1984,UPS,United Parcel Service,2025-04-16,94.1999969482422,96.6500015258789,93.5199966430664,96.4499969482422,4632800,-0.02383422851562489,-2.332815003827749,96.36999947684153,,Wednesday
1985,UPS,United Parcel Service,2025-04-17,96.43000030517578,97.31999969482422,94.66000366210938,94.94000244140624,4739200,0.023673072496582348,1.5694099699324549,97.01428549630302,,Thursday
1986,UPS,United Parcel Service,2025-04-21,96.25,96.33999633789062,94.62000274658205,95.56999969482422,3930800,-0.0018666421715869408,0.7115206731685362,96.52714211600167,,Monday
1987,UPS,United Parcel Service,2025-04-22,96.83999633789062,97.8000030517578,96.05999755859376,96.2699966430664,4305300,0.00612983208198048,0.5920844652540782,96.56714194161552,,Tuesday
1988,UPS,United Parcel Service,2025-04-23,97.20999908447266,99.81999969482422,96.97000122070312,98.58000183105467,5817200,0.0038207637399223504,-1.3897369863412183,96.58571297781808,,Wednesday
1989,UPS,United Parcel Service,2025-04-24,98.91999816894533,98.9800033569336,96.29000091552734,97.0,6641000,0.017590773588905595,1.9793795556137388,96.62142726353237,,Thursday
1990,UPS,United Parcel Service,2025-04-25,97.91000366210938,98.6500015258789,97.11000061035156,98.04000091552734,4577700,-0.010210215583617233,-0.13259613647900334,96.82285635811942,,Friday
1991,UPS,United Parcel Service,2025-04-28,97.08999633789062,98.95999908447266,96.5199966430664,97.9000015258789,8664600,-0.008375112792852302,-0.8273801586960796,97.23571341378349,,Monday
1992,UPS,United Parcel Service,2025-04-29,96.7300033569336,98.8000030517578,95.5199966430664,96.0,10314600,-0.0037078277323668862,0.7604201634724934,97.27857099260602,,Tuesday
1993,UPS,United Parcel Service,2025-04-30,95.3000030517578,96.54000091552734,94.06999969482422,96.47000122070312,9305800,-0.014783420402655123,-1.2128103598429696,97.14285714285714,,Wednesday
1994,UPS,United Parcel Service,2025-05-01,94.5999984741211,96.08999633789062,93.56999969482422,94.8499984741211,7501500,-0.007345273402106112,-0.2635740685522626,96.82285744803292,,Thursday
1995,USB,U.S. Bancorp,2025-04-02,43.0099983215332,43.06999969482422,41.27000045776367,41.27000045776367,10427100,,4.216132407244024,,,Wednesday
1996,USB,U.S. Bancorp,2025-04-03,38.790000915527344,41.220001220703125,38.709999084472656,41.150001525878906,16695400,-0.09811666056013524,-5.735116701921328,,,Thursday
1997,USB,U.S. Bancorp,2025-04-04,36.83000183105469,37.68999862670898,35.7400016784668,37.369998931884766,19859300,-0.050528461928653456,-1.445001649088469,,,Friday
1998,USB,U.S. Bancorp,2025-04-07,36.79999923706055,38.33000183105469,35.18000030517578,35.79999923706055,21816400,-0.000814623744298637,2.7932961489138504,,,Monday
1999,USB,U.S. Bancorp,2025-04-08,36.400001525878906,38.59999847412109,35.72999954223633,37.93999862670898,18709400,-0.010869503246587309,-4.059033095868235,,,Tuesday
2000,USB,U.S. Bancorp,2025-04-09,39.29999923706055,39.84999847412109,35.4900016784668,35.81999969482422,22911600,0.07967026345094697,9.715241685887472,,,Wednesday
2001,USB,U.S. Bancorp,2025-04-10,37.25,38.47999954223633,36.36000061035156,38.459999084472656,20954100,-0.05216283147220435,-3.1461235394598996,38.34000015258789,,Thursday
2002,USB,U.S. Bancorp,2025-04-11,37.86000061035156,37.970001220703125,36.47999954223633,37.0,18556300,0.01637585531145125,2.3243259739231417,37.604286193847656,,Friday
2003,USB,U.S. Bancorp,2025-04-14,38.20000076293945,38.77999877929688,37.77000045776367,38.5099983215332,12809900,0.008980458190878338,-0.8049794134122622,37.52000045776367,,Monday
2004,USB,U.S. Bancorp,2025-04-15,38.630001068115234,39.380001068115234,38.2400016784668,38.2400016784668,11717300,0.011256552266694086,1.0198728361145675,37.77714320591518,,Tuesday
2005,USB,U.S. Bancorp,2025-04-16,37.81999969482422,39.150001525878906,37.43000030517578,38.220001220703125,17381600,-0.0209681944316481,-1.0465764340746075,37.92285755702427,,Wednesday
2006,USB,U.S. Bancorp,2025-04-17,38.20000076293945,38.68000030517578,37.79999923706055,37.93999862670898,12538500,0.010047622188829264,0.6852982225661962,38.18000030517578,,Thursday
2007,USB,U.S. Bancorp,2025-04-21,37.810001373291016,38.08000183105469,37.2400016784668,37.90999984741211,11261300,-0.010209407902075363,-0.2637786191600844,37.96714346749442,,Monday
2008,USB,U.S. Bancorp,2025-04-22,39.0,39.06999969482422,38.15999984741211,38.2599983215332,8311400,0.0314731177859624,1.9341393385537988,38.21714346749442,,Tuesday
2009,USB,U.S. Bancorp,2025-04-23,39.5099983215332,41.150001525878906,39.31999969482422,40.0,12753700,0.013076880039312844,-1.2250041961669922,38.45285742623465,,Wednesday
2010,USB,U.S. Bancorp,2025-04-24,40.04999923706055,40.20000076293945,39.2599983215332,39.29999923706055,9478300,0.013667449720772051,1.9083969836130117,38.71714292253767,,Thursday
2011,USB,U.S. Bancorp,2025-04-25,39.91999816894531,40.130001068115234,39.650001525878906,39.7599983215332,6432700,-0.003245969303163898,0.40241412013706435,38.90142822265625,,Friday
2012,USB,U.S. Bancorp,2025-04-28,40.18000030517578,40.38999938964844,39.77999877929688,40.04999923706055,5264900,0.006513079863634141,0.32459693031638553,39.23857116699219,,Monday
2013,USB,U.S. Bancorp,2025-04-29,40.5,40.56999969482422,39.7599983215332,39.95000076293945,8390000,0.007964153618560177,1.3767189650989105,39.567142486572266,,Tuesday
2014,USB,U.S. Bancorp,2025-04-30,40.34000015258789,40.470001220703125,39.27999877929688,39.72999954223633,10563200,-0.0039506135163484,1.535365258947664,39.928570883614675,,Wednesday
2015,USB,U.S. Bancorp,2025-05-01,40.5,40.90999984741211,39.9900016784668,40.15999984741211,7192000,0.003966282766656004,0.846613928983369,40.14285659790039,,Thursday
2016,V,Visa Inc.,2025-04-02,346.3299865722656,348.20001220703125,343.04998779296875,343.44000244140625,5682500,,0.8414815136021991,,,Wednesday
2017,V,Visa Inc.,2025-04-03,339.3900146484375,344.739990234375,331.0,333.8999938964844,8792900,-0.020038611130717143,1.6442110968277346,,,Thursday
2018,V,Visa Inc.,2025-04-04,313.1300048828125,334.6499938964844,312.1199951171875,330.0,13201700,-0.07737413781258962,-5.1121197324810606,,,Friday
2019,V,Visa Inc.,2025-04-07,312.32000732421875,322.17999267578125,299.0,302.07000732421875,12163400,-0.0025867772042378334,3.3932531371770507,,,Monday
2020,V,Visa Inc.,2025-04-08,308.2699890136719,326.2799987792969,303.92999267578125,322.239990234375,9569300,-0.012967527585712957,-4.3352785638251525,,,Tuesday
2021,V,Visa Inc.,2025-04-09,332.42999267578125,334.0299987792969,305.6400146484375,305.6400146484375,11361800,0.07837286963745882,8.765206368072889,,,Wednesday
2022,V,Visa Inc.,2025-04-10,324.6099853515625,330.1600036621094,313.2699890136719,328.0199890136719,8709800,-0.02352377191141597,-1.0395719091275397,325.21142578125,,Thursday
2023,V,Visa Inc.,2025-04-11,333.3999938964844,336.9800109863281,322.5400085449219,324.42999267578125,6804500,0.02707867576963796,2.764849558674215,323.3642839704241,,Friday
2024,V,Visa Inc.,2025-04-14,335.17999267578125,339.6099853515625,333.1400146484375,336.4100036621094,5011800,0.00533892864991925,-0.36562854045313986,322.76285226004467,,Monday
2025,V,Visa Inc.,2025-04-15,335.8099975585937,339.3900146484375,335.0,336.7200012207031,4386200,0.0018796016963393836,-0.2702553037569544,326.0028512137277,,Tuesday
2026,V,Visa Inc.,2025-04-16,331.3299865722656,337.2200012207031,328.8599853515625,335.0,5850600,-0.013340910094692404,-1.0955263963386193,328.7185625348772,,Wednesday
2027,V,Visa Inc.,2025-04-17,329.6099853515625,334.32000732421875,328.44000244140625,331.07000732421875,5655900,-0.005191203001265299,-0.44100097875264255,331.7671334402902,,Thursday
2028,V,Visa Inc.,2025-04-21,320.1000061035156,329.1499938964844,316.6499938964844,329.0,6362300,-0.028852218290363774,-2.705165318080357,330.0057067871094,,Monday
2029,V,Visa Inc.,2025-04-22,331.3999938964844,332.5599975585937,322.3900146484375,323.8599853515625,5435500,0.03530142948299253,2.3281692354604737,330.9757080078125,,Tuesday
2030,V,Visa Inc.,2025-04-23,334.3699951171875,341.25,333.20001220703125,337.239990234375,8906000,0.008961983329519363,-0.851024552335241,331.1142796107701,,Wednesday
2031,V,Visa Inc.,2025-04-24,335.7099914550781,336.7699890136719,331.25,333.2799987792969,8055200,0.004007525667549805,0.729114463718667,331.1899937220982,,Thursday
2032,V,Visa Inc.,2025-04-25,335.1700134277344,336.3699951171875,332.1700134277344,334.760009765625,4452800,-0.001608465762378164,0.1224768939385652,331.0985674176897,,Friday
2033,V,Visa Inc.,2025-04-28,337.510009765625,339.3399963378906,335.0199890136719,336.7799987792969,5422900,0.006981520554180332,0.21676197784136386,331.98142787388394,,Monday
2034,V,Visa Inc.,2025-04-29,341.5199890136719,342.2699890136719,336.4599914550781,338.5,5519500,0.011881067618798813,0.8921680985736705,333.68285696847096,,Tuesday
2035,V,Visa Inc.,2025-04-30,345.5,346.5199890136719,333.239990234375,334.44000244140625,9526700,0.011653815631180509,3.3070199371653985,337.3114275251116,,Wednesday
2036,V,Visa Inc.,2025-05-01,342.45001220703125,345.7200012207031,340.1199951171875,345.5799865722656,5849900,-0.008827750486161356,-0.905716328158909,338.89000156947543,,Thursday
2037,VZ,Verizon,2025-04-02,44.03275680541992,44.8201097452604,43.894966755852245,44.652795133697126,21924100,,-1.3885767428908236,,,Wednesday
2038,VZ,Verizon,2025-04-03,44.89884567260742,45.45983490826168,44.48548676397594,44.77090339387588,30474800,0.01966919470917383,0.285771045551532,,,Thursday
2039,VZ,Verizon,2025-04-04,42.34978485107422,45.075997417924434,42.12342111865784,44.05243673312391,42663400,-0.05677341551540982,-3.865057209807954,,,Friday
2040,VZ,Verizon,2025-04-07,41.90690231323242,42.6450464039638,40.59792499022585,40.8734975826925,38812000,-0.0104577281655438,2.5283002230215468,,,Monday
2041,VZ,Verizon,2025-04-08,41.503379821777344,42.536784549388216,41.02112778632759,42.32026108198099,29790200,-0.009629022170117851,-1.930236816406252,,,Tuesday
2042,VZ,Verizon,2025-04-09,42.21200180053711,42.8320439222453,40.23377717999506,41.02113016940495,49426000,0.017073837885076104,2.903068799455839,,,Wednesday
2043,VZ,Verizon,2025-04-10,42.91999816894531,43.2400016784668,41.84999847412109,42.4900016784668,36501700,0.016772395011107832,1.0119945245764264,42.83195277622768,,Thursday
2044,VZ,Verizon,2025-04-11,43.72999954223633,43.900001525878906,43.09999847412109,43.84999847412109,30144300,0.018872353398120323,-0.2736577789291787,42.788701738630024,,Friday
2045,VZ,Verizon,2025-04-14,44.29999923706055,44.650001525878906,43.61000061035156,43.900001525878906,24323000,0.013034523228697692,0.9111564858280092,42.703152247837615,,Monday
2046,VZ,Verizon,2025-04-15,44.47999954223633,44.68999862670898,44.220001220703125,44.5,21795300,0.004063212376428149,-0.044944848907127806,43.00746863228934,,Tuesday
2047,VZ,Verizon,2025-04-16,43.61000061035156,44.88999938964844,43.52000045776367,44.7400016784668,17271600,-0.019559328705897383,-2.52570636057687,43.25076838902065,,Wednesday
2048,VZ,Verizon,2025-04-17,44.040000915527344,44.47999954223633,43.58000183105469,43.7599983215332,16480400,0.00986013068465108,0.6398597000319316,43.613142830984934,,Thursday
2049,VZ,Verizon,2025-04-21,42.93000030517578,44.290000915527344,42.68000030517578,44.20000076293945,23802500,-0.025204373008089642,-2.8733041534889163,43.71571404593332,,Monday
2050,VZ,Verizon,2025-04-22,43.18999862670898,43.66999816894531,41.540000915527344,41.9900016784668,37633800,0.006056331695433181,2.857815909203832,43.754285539899556,,Tuesday
2051,VZ,Verizon,2025-04-23,42.70000076293945,42.9900016784668,42.11000061035156,42.54999923706055,29402100,-0.011345169700156199,0.3525300318883594,43.607142857142854,,Wednesday
2052,VZ,Verizon,2025-04-24,42.810001373291016,43.130001068115234,42.47999954223633,42.709999084472656,16597300,0.002576126660096767,0.2341425683961569,43.3942860194615,,Thursday
2053,VZ,Verizon,2025-04-25,41.90999984741211,42.650001525878906,41.34000015258789,42.52999877929688,23361900,-0.021023160406633656,-1.457792028403681,43.02714320591518,,Friday
2054,VZ,Verizon,2025-04-28,42.38999938964844,42.47999954223633,41.86000061035156,42.0,16188500,0.0114531029344771,0.9285699753534226,42.852857317243306,,Monday
2055,VZ,Verizon,2025-04-29,42.95000076293945,43.0099983215332,42.22999954223633,42.310001373291016,14712800,0.013210695478985235,1.512643273163421,42.697143009730745,,Tuesday
2056,VZ,Verizon,2025-04-30,44.060001373291016,44.209999084472656,43.369998931884766,43.54999923706055,29563000,0.02584401840824535,1.1710726639840279,42.85857173374721,,Wednesday
2057,VZ,Verizon,2025-05-01,43.29999923706055,43.83000183105469,43.2599983215332,43.77000045776367,18921900,-0.01724925357562923,-1.073797614319556,42.87428610665457,,Thursday
2058,WFC,Wells Fargo,2025-04-02,72.26000213623047,72.47000122070312,70.22000122070312,70.55999755859375,8854100,,2.409303623097517,,,Wednesday
2059,WFC,Wells Fargo,2025-04-03,65.66999816894531,68.72000122070312,65.41000366210938,67.77999877929688,25880300,-0.09119850224832737,-3.113013644662463,,,Thursday
2060,WFC,Wells Fargo,2025-04-04,60.97999954223633,63.56999969482422,59.709999084472656,62.75,31050800,-0.07141767561258805,-2.8207178609779633,,,Friday
2061,WFC,Wells Fargo,2025-04-07,62.16999816894531,64.33000183105469,58.41999816894531,60.68999862670898,41305800,0.01951457257530409,2.438621808742313,,,Monday
2062,WFC,Wells Fargo,2025-04-08,62.08000183105469,65.62999725341797,60.880001068115234,64.69000244140625,27374200,-0.0014475846958538208,-4.034627472329441,,,Tuesday
2063,WFC,Wells Fargo,2025-04-09,66.33000183105469,67.19000244140625,59.43000030517578,60.63999938964844,42744800,0.06846004952715701,9.383249503095415,,,Wednesday
2064,WFC,Wells Fargo,2025-04-10,63.11000061035156,65.0,61.4900016784668,64.94999694824219,29026000,-0.048545170086149,-2.832942916620757,64.6571431841169,,Thursday
2065,WFC,Wells Fargo,2025-04-11,62.5099983215332,63.619998931884766,59.650001525878906,61.540000915527344,33867000,-0.009507245809152187,1.5762063561508923,63.26428549630301,,Friday
2066,WFC,Wells Fargo,2025-04-14,63.09999847412109,64.01000213623047,62.400001525878906,63.15999984741211,28057800,0.009438492536075538,-0.09499900797336877,62.897142682756694,,Monday
2067,WFC,Wells Fargo,2025-04-15,64.54000091552734,65.41999816894531,63.29999923706055,63.43999862670898,20903300,0.022820958418831694,1.7339254612708217,63.405714307512554,,Tuesday
2068,WFC,Wells Fargo,2025-04-16,63.97999954223633,64.9800033569336,63.369998931884766,63.88999938964844,17351000,-0.00867681074290605,0.14086735552931087,63.66428593226841,,Wednesday
2069,WFC,Wells Fargo,2025-04-17,64.70999908447266,65.70999908447266,64.06999969482422,64.37999725341797,18931400,0.011409808494206475,0.5125844130680939,64.03999982561383,,Thursday
2070,WFC,Wells Fargo,2025-04-21,64.01000213623047,65.16000366210938,63.400001525878906,64.19999694824219,17859100,-0.010817446424754351,-0.2959420888522657,63.70857129778181,,Monday
2071,WFC,Wells Fargo,2025-04-22,66.2300033569336,66.41000366210938,64.70999908447266,64.70999908447266,17536600,0.034682098837903075,2.348948066707154,64.15428597586495,,Tuesday
2072,WFC,Wells Fargo,2025-04-23,67.94000244140625,69.5,67.44000244140625,67.44000244140625,20678800,0.02581910007246946,0.7413997359125453,64.93000085013253,,Wednesday
2073,WFC,Wells Fargo,2025-04-24,69.55999755859375,69.8499984741211,67.5,67.69999694824219,18420900,0.023844496010794858,2.747416091870085,65.85285786220005,,Thursday
2074,WFC,Wells Fargo,2025-04-25,69.7300033569336,70.19000244140625,69.0,69.06999969482422,17775900,0.0024440167381638567,0.9555576444556327,66.59428678240094,,Friday
2075,WFC,Wells Fargo,2025-04-28,69.43000030517578,70.55999755859375,68.66999816894531,69.80999755859375,16694100,-0.0043023524640054545,-0.544330707215718,67.37285831996373,,Monday
2076,WFC,Wells Fargo,2025-04-29,71.0999984741211,71.33999633789062,68.94999694824219,68.94999694824219,24563600,0.024052976546232507,3.1182039463944,68.28571537562779,,Tuesday
2077,WFC,Wells Fargo,2025-04-30,71.01000213623047,71.41000366210938,69.33000183105469,69.66999816894531,23953000,-0.001265771305513863,1.9233586945642398,69.28571537562779,,Wednesday
2078,WFC,Wells Fargo,2025-05-01,71.80999755859375,72.47000122070312,70.43000030517578,70.76000213623047,19672500,0.011265954066985051,1.483882688897862,70.08285740443638,,Thursday
2079,WMT,Walmart,2025-04-02,89.76000213623047,90.1500015258789,88.12000274658203,88.19999694824219,19384100,,1.7687134262643214,,,Wednesday
2080,WMT,Walmart,2025-04-03,87.26000213623047,89.87999725341797,86.27999877929688,86.27999877929688,33012900,-0.027852049248012545,1.1358407171984666,,,Thursday
2081,WMT,Walmart,2025-04-04,83.19000244140625,87.38999938964844,82.6500015258789,85.63999938964844,36209000,-0.046642214017713735,-2.8608091612601365,,,Friday
2082,WMT,Walmart,2025-04-07,83.83000183105469,86.26000213623047,79.80999755859375,80.23999786376953,36884900,0.0076932247970447065,4.4740828300870845,,,Monday
2083,WMT,Walmart,2025-04-08,81.79000091552734,86.97000122070312,81.02999877929688,85.8499984741211,34351700,-0.02433497400654505,-4.729176040483693,,,Tuesday
2084,WMT,Walmart,2025-04-09,89.5999984741211,90.8000030517578,83.0199966430664,83.33000183105469,46632800,0.09548841510174211,7.52429677822203,,,Wednesday
2085,WMT,Walmart,2025-04-10,90.61000061035156,91.87000274658205,88.16000366210938,88.7300033569336,34735300,0.011272345462396194,2.1187841567584713,86.57714407784599,,Thursday
2086,WMT,Walmart,2025-04-11,92.8000030517578,93.3499984741211,90.01000213623047,90.68000030517578,25508100,0.02416954449458464,2.337894507551091,87.01142992292132,,Friday
2087,WMT,Walmart,2025-04-14,94.7300033569336,95.44000244140624,92.9000015258789,93.2699966430664,27742900,0.020797416397706048,1.5653551693096612,88.07857295445034,,Monday
2088,WMT,Walmart,2025-04-15,93.97000122070312,96.02999877929688,93.87000274658205,94.81999969482422,21871200,-0.008022823913209964,-0.8964337448394774,89.61857278006417,,Tuesday
2089,WMT,Walmart,2025-04-16,91.19000244140624,94.3000030517578,90.61000061035156,94.0,22229100,-0.02958389638377923,-2.9893591048869834,90.67000143868583,,Wednesday
2090,WMT,Walmart,2025-04-17,93.22000122070312,93.87000274658205,91.62000274658205,91.83000183105467,21351200,0.022261198869922838,1.5136658629341198,92.3028586251395,,Thursday
2091,WMT,Walmart,2025-04-21,92.41000366210938,94.08000183105467,91.33999633789062,93.0199966430664,18361200,-0.008689096202391555,-0.6557654299834889,92.70428793770927,,Monday
2092,WMT,Walmart,2025-04-22,94.8499984741211,95.29000091552734,92.87999725341795,92.87999725341795,15407800,0.02640401163637418,2.121017742203523,93.31000191824776,,Tuesday
2093,WMT,Walmart,2025-04-23,94.95999908447266,96.5999984741211,94.16000366210938,95.0199966430664,18046900,0.0011597323365437617,-0.06314203400693133,93.61857278006417,,Wednesday
2094,WMT,Walmart,2025-04-24,95.83999633789062,96.22000122070312,93.66000366210938,94.70999908447266,13444500,0.009267030980435909,1.193112938803974,93.77714320591518,,Thursday
2095,WMT,Walmart,2025-04-25,95.08999633789062,96.47000122070312,94.36000061035156,95.8000030517578,15317200,-0.007825542869970725,-0.7411343332458752,93.93714250837054,,Friday
2096,WMT,Walmart,2025-04-28,95.22000122070312,96.0,94.33999633789062,95.0999984741211,12950000,0.0013671772827767992,0.12618585542321198,94.51285661969867,,Monday
2097,WMT,Walmart,2025-04-29,96.04000091552734,96.18000030517578,94.41999816894533,94.83999633789062,12679000,0.008611632895525911,1.2652937831855346,94.91571371895927,,Tuesday
2098,WMT,Walmart,2025-04-30,97.25,97.77999877929688,94.93000030517578,95.94000244140624,21639900,0.012598907464993925,1.3654341518219406,95.60714176722935,,Wednesday
2099,WMT,Walmart,2025-05-01,97.41000366210938,97.9000015258789,96.58999633789062,97.0199966430664,13171800,0.0016452818725900542,0.40198622195153505,95.97285679408482,,Thursday
2100,XOM,ExxonMobil,2025-04-02,118.66999816894533,118.83999633789062,117.66000366210938,118.38999938964844,12614600,,0.23650543182735348,,,Wednesday
2101,XOM,ExxonMobil,2025-04-03,112.43000030517578,115.4499969482422,112.2300033569336,114.37000274658205,21204600,-0.05258277542809031,-1.6962511102713438,,,Thursday
2102,XOM,ExxonMobil,2025-04-04,104.33999633789062,110.83000183105467,103.83000183105467,109.87000274658205,30841300,-0.0719559187523433,-5.033226786611192,,,Friday
2103,XOM,ExxonMobil,2025-04-07,102.94000244140624,105.8000030517578,98.45999908447266,100.38999938964844,35068500,-0.013417614966658609,2.5400966901696567,,,Monday
2104,XOM,ExxonMobil,2025-04-08,100.7699966430664,105.5999984741211,99.01000213623048,105.45999908447266,27147800,-0.021080296744455662,-4.447186119971036,,,Tuesday
2105,XOM,ExxonMobil,2025-04-09,105.8000030517578,106.58000183105467,98.12999725341795,99.37000274658205,30063300,0.04991571475890777,6.47076595295447,,,Wednesday
2106,XOM,ExxonMobil,2025-04-10,99.93000030517578,103.77999877929688,97.8000030517578,103.70999908447266,33999300,-0.055482065947676684,-3.644777565004156,106.41142817905971,,Thursday
2107,XOM,ExxonMobil,2025-04-11,103.13999938964844,103.93000030517578,98.79000091552734,100.3000030517578,22884600,0.03212247648023281,2.8315017462413397,104.19285692487445,,Friday
2108,XOM,ExxonMobil,2025-04-14,103.38999938964844,105.08999633789062,102.72000122070312,105.02999877929688,18020000,0.0024238898727886315,-1.56145806789413,102.90142822265625,,Monday
2109,XOM,ExxonMobil,2025-04-15,103.0999984741211,105.41000366210938,103.0,103.63999938964844,13164900,-0.002804922306212765,-0.521035236112978,102.72428567068917,,Tuesday
2110,XOM,ExxonMobil,2025-04-16,104.19000244140624,105.58999633789062,103.6999969482422,103.9499969482422,13607000,0.010572298578246153,0.23088552208763927,102.9028570992606,,Wednesday
2111,XOM,ExxonMobil,2025-04-17,106.91999816894533,108.5500030517578,104.45999908447266,104.69000244140624,17835400,0.026202089102304926,2.130094254976442,103.78142874581474,,Thursday
2112,XOM,ExxonMobil,2025-04-21,105.3499984741211,105.62999725341795,104.12000274658205,105.61000061035156,16926500,-0.014683873192211094,-0.2461908292092029,103.71714237758091,,Monday
2113,XOM,ExxonMobil,2025-04-22,108.3000030517578,108.94000244140624,106.13999938964844,106.13999938964844,13147000,0.028001942291070447,2.0350515117112584,104.91285705566406,,Tuesday
2114,XOM,ExxonMobil,2025-04-23,107.37000274658205,109.3000030517578,106.47000122070312,108.80999755859376,14235700,-0.008587260193624324,-1.3234030367809604,105.51714324951172,,Wednesday
2115,XOM,ExxonMobil,2025-04-24,108.62999725341795,108.87999725341795,106.95999908447266,107.97000122070312,9849600,0.011735070081070775,0.6112772300203291,106.26571437290737,,Thursday
2116,XOM,ExxonMobil,2025-04-25,108.56999969482422,108.76000213623048,107.41999816894533,108.13999938964844,11245800,-0.000552311148952489,0.39763298280260806,107.0471431187221,,Friday
2117,XOM,ExxonMobil,2025-04-28,108.62999725341795,109.25,107.68000030517578,108.75,13890900,0.0005526163651319305,-0.11034735317889238,107.68142809186664,,Monday
2118,XOM,ExxonMobil,2025-04-29,108.36000061035156,108.83000183105467,107.5199966430664,107.73999786376952,9483100,-0.002485470403138512,0.5754620000698348,107.88714272635323,,Tuesday
2119,XOM,ExxonMobil,2025-04-30,105.62999725341795,107.41999816894533,104.1500015258789,107.41999816894533,20379300,-0.02519382928715863,-1.666357238912013,107.92714255196708,,Wednesday
2120,XOM,ExxonMobil,2025-05-01,105.77999877929688,106.91999816894533,104.9800033569336,105.0999984741211,18610300,0.0014200656042719917,0.6470031541848391,107.56714194161552,,Thursday
