,ticker,company_name,date,close,high,low,open,volume
0,AAPL,Apple Inc.,2025-04-02,223.88999938964844,225.19000244140625,221.02000427246094,221.32000732421875,35905900
1,AAPL,Apple Inc.,2025-04-03,203.19000244140625,207.49000549316406,201.25,205.5399932861328,103419000
2,AAPL,Apple Inc.,2025-04-04,188.3800048828125,199.8800048828125,187.33999633789062,193.88999938964844,125910900
3,AAPL,Apple Inc.,2025-04-07,181.4600067138672,194.14999389648438,174.6199951171875,177.1999969482422,160466300
4,AAPL,Apple Inc.,2025-04-08,172.4199981689453,190.33999633789062,169.2100067138672,186.6999969482422,120859500
5,AAPL,Apple Inc.,2025-04-09,198.85000610351562,200.61000061035156,171.88999938964844,171.9499969482422,184395900
6,AAPL,Apple Inc.,2025-04-10,190.4199981689453,194.77999877929688,183.0,189.07000732421875,121880000
7,AAPL,Apple Inc.,2025-04-11,198.14999389648438,199.5399932861328,186.05999755859375,186.10000610351562,87435900
8,AAPL,Apple Inc.,2025-04-14,202.52000427246094,212.94000244140625,201.16000366210938,211.44000244140625,101352900
9,AAPL,Apple Inc.,2025-04-15,202.13999938964844,203.50999450683594,199.8000030517578,201.86000061035156,51343900
10,AAPL,Apple Inc.,2025-04-16,194.27000427246094,200.6999969482422,192.3699951171875,198.36000061035156,59732400
11,AAPL,Apple Inc.,2025-04-17,196.97999572753906,198.8300018310547,194.4199981689453,197.1999969482422,51334300
12,AAPL,Apple Inc.,2025-04-21,193.16000366210938,193.8000030517578,189.80999755859375,193.27000427246094,46742500
13,AAPL,Apple Inc.,2025-04-22,199.74000549316406,201.58999633789062,195.97000122070312,196.1199951171875,52976400
14,AAPL,Apple Inc.,2025-04-23,204.60000610351562,208.0,202.8000030517578,206.0,52929200
15,AAPL,Apple Inc.,2025-04-24,208.3699951171875,208.8300018310547,202.94000244140625,204.88999938964844,47311000
16,AAPL,Apple Inc.,2025-04-25,209.27999877929688,209.75,206.1999969482422,206.3699951171875,38222300
17,AAPL,Apple Inc.,2025-04-28,210.13999938964844,211.5,207.4600067138672,210.0,38743100
18,AAPL,Apple Inc.,2025-04-29,211.2100067138672,212.24000549316406,208.3699951171875,208.69000244140625,36827600
19,AAPL,Apple Inc.,2025-04-30,212.5,213.5800018310547,206.6699981689453,209.3000030517578,52286500
20,AAPL,Apple Inc.,2025-05-01,213.32000732421875,214.55999755859375,208.89999389648438,209.0800018310547,57365700
21,ABBV,AbbVie,2025-04-02,203.31109619140625,205.3225064559191,198.50550115408296,205.3225064559191,9262800
22,ABBV,AbbVie,2025-04-03,199.79360961914062,208.7607430363596,199.39727841181002,208.37431481753902,7593100
23,ABBV,AbbVie,2025-04-04,185.24803161621094,198.16861891722507,184.4652571048111,198.16861891722507,13505200
24,ABBV,AbbVie,2025-04-07,184.84178161621094,186.476666668437,174.66581884015517,179.37232352154828,12581100
25,ABBV,AbbVie,2025-04-08,174.0614013671875,186.6649265049211,170.7420861336348,185.8821671271775,12517100
26,ABBV,AbbVie,2025-04-09,178.19322204589844,178.9462724889635,162.88469895388297,166.75889915934494,18977800
27,ABBV,AbbVie,2025-04-10,172.60487365722656,176.37008064997187,163.45939561865936,176.12236986254212,13970000
28,ABBV,AbbVie,2025-04-11,173.4470977783203,175.34951482680668,167.77947370677967,172.2184468199145,9047700
29,ABBV,AbbVie,2025-04-14,177.4600067138672,178.540022073154,174.58655262884804,175.8152035257941,7164400
30,ABBV,AbbVie,2025-04-15,176.8000030517578,180.5,176.30999755859375,177.6999969482422,8078500
31,ABBV,AbbVie,2025-04-16,171.67999267578125,176.85000610351562,169.75,176.52999877929688,9459300
32,ABBV,AbbVie,2025-04-17,172.99000549316406,175.1999969482422,171.91000366210938,172.57000732421875,8998100
33,ABBV,AbbVie,2025-04-21,170.16000366210938,174.1699981689453,168.5399932861328,173.47000122070312,7364600
34,ABBV,AbbVie,2025-04-22,173.77999877929688,174.66000366210938,170.91000366210938,171.0800018310547,6191900
35,ABBV,AbbVie,2025-04-23,177.0500030517578,178.14999389648438,174.39999389648438,175.0,7119700
36,ABBV,AbbVie,2025-04-24,180.3699951171875,181.49000549316406,176.11000061035156,177.61000061035156,8789400
37,ABBV,AbbVie,2025-04-25,186.05999755859375,188.6999969482422,179.99000549316406,187.1199951171875,10482100
38,ABBV,AbbVie,2025-04-28,192.33999633789062,193.1199951171875,187.63999938964844,188.0,10408000
39,ABBV,AbbVie,2025-04-29,193.50999450683594,195.5399932861328,190.5800018310547,192.58999633789062,6671400
40,ABBV,AbbVie,2025-04-30,195.10000610351562,195.77999877929688,191.00999450683594,194.49000549316406,8400700
41,ABBV,AbbVie,2025-05-01,193.33999633789062,195.82000732421875,189.8000030517578,192.8800048828125,5823600
42,ABT,Abbott Laboratories,2025-04-02,131.32168579101562,131.5207757755855,129.16169311664606,130.03764044576675,4236200
43,ABT,Abbott Laboratories,2025-04-03,131.02308654785156,133.02381339173743,130.87376905331936,131.30179431152422,6239200
44,ABT,Abbott Laboratories,2025-04-04,123.86622619628906,131.7895151930045,123.42825254742316,130.6249117294835,10776900
45,ABT,Abbott Laboratories,2025-04-07,124.28429412841797,125.91673178272785,119.91453621796182,121.72614422916996,10371300
46,ABT,Abbott Laboratories,2025-04-08,123.37848663330078,127.36999939768602,121.49720167828737,126.4841036292074,9880100
47,ABT,Abbott Laboratories,2025-04-09,126.45423889160156,127.17092029674086,120.29277760520203,121.06917992936408,10179200
48,ABT,Abbott Laboratories,2025-04-10,123.92594909667969,126.23525161945156,121.45738066478452,125.41903282073606,11089400
49,ABT,Abbott Laboratories,2025-04-11,126.29497528076172,127.92742050785782,123.46807368038603,125.47875646432202,7357000
50,ABT,Abbott Laboratories,2025-04-14,127.3699951171875,127.90750617115829,126.25515653181665,126.41442244153387,6988500
51,ABT,Abbott Laboratories,2025-04-15,126.22000122070312,128.49000549316406,125.5999984741211,127.62000274658203,8639400
52,ABT,Abbott Laboratories,2025-04-16,129.6999969482422,134.16000366210938,129.00999450683594,129.6999969482422,13483200
53,ABT,Abbott Laboratories,2025-04-17,130.97999572753906,132.7100067138672,129.66000366210938,130.3800048828125,10460000
54,ABT,Abbott Laboratories,2025-04-21,129.88999938964844,131.9600067138672,128.50999450683594,130.97000122070312,6046700
55,ABT,Abbott Laboratories,2025-04-22,131.72999572753906,132.02999877929688,129.92999267578125,129.92999267578125,5837100
56,ABT,Abbott Laboratories,2025-04-23,129.83999633789062,132.88999938964844,127.12999725341797,132.2100067138672,8777100
57,ABT,Abbott Laboratories,2025-04-24,129.3800048828125,130.1999969482422,128.02999877929688,130.02000427246094,6595500
58,ABT,Abbott Laboratories,2025-04-25,128.85000610351562,129.52999877929688,127.23999786376953,129.27000427246094,4849100
59,ABT,Abbott Laboratories,2025-04-28,129.52999877929688,130.1199951171875,128.52000427246094,129.3300018310547,3843300
60,ABT,Abbott Laboratories,2025-04-29,130.5,131.27000427246094,128.8000030517578,128.88999938964844,4315300
61,ABT,Abbott Laboratories,2025-04-30,130.75,131.27000427246094,128.67999267578125,130.9199981689453,8510500
62,ABT,Abbott Laboratories,2025-05-01,130.8800048828125,131.6300048828125,128.0,129.5,6769100
63,ACN,Accenture,2025-04-02,314.76910400390625,316.43087700247196,308.2215853821248,308.2215853821248,4123000
64,ACN,Accenture,2025-04-03,299.9725036621094,310.25154956254875,299.4849311764007,306.48024197830364,3614800
65,ACN,Accenture,2025-04-04,283.6534118652344,297.5743705964787,283.19569016882224,295.3354728831452,4659000
66,ACN,Accenture,2025-04-07,283.3150939941406,291.59404751685355,273.65301500431474,277.56361573331714,6333600
67,ACN,Accenture,2025-04-08,280.0015563964844,291.5841055396834,275.3147750099697,288.8576351953298,4730400
68,ACN,Accenture,2025-04-09,298.4599914550781,298.9674846505554,277.54372256682973,278.61838010002407,6702200
69,ACN,Accenture,2025-04-10,285.2200012207031,296.1000061035156,278.3399963378906,292.4700012207031,4578600
70,ACN,Accenture,2025-04-11,284.3399963378906,286.29998779296875,276.7300109863281,282.5799865722656,5019500
71,ACN,Accenture,2025-04-14,289.7900085449219,293.260009765625,286.6400146484375,289.9200134277344,3299300
72,ACN,Accenture,2025-04-15,288.6600036621094,292.0799865722656,287.3399963378906,288.9100036621094,3273200
73,ACN,Accenture,2025-04-16,285.239990234375,292.5,283.739990234375,289.45001220703125,3183900
74,ACN,Accenture,2025-04-17,282.3500061035156,286.6700134277344,281.7699890136719,285.5199890136719,2320300
75,ACN,Accenture,2025-04-21,279.2300109863281,282.3399963378906,275.9800109863281,282.3399963378906,2835500
76,ACN,Accenture,2025-04-22,283.9599914550781,285.1000061035156,280.1499938964844,281.3999938964844,2499500
77,ACN,Accenture,2025-04-23,288.1600036621094,296.94000244140625,286.9700012207031,294.6499938964844,2763100
78,ACN,Accenture,2025-04-24,291.4100036621094,291.760009765625,284.739990234375,285.0,3271400
79,ACN,Accenture,2025-04-25,293.3900146484375,294.010009765625,289.0199890136719,291.5199890136719,2919200
80,ACN,Accenture,2025-04-28,293.25,296.05999755859375,289.8900146484375,294.5199890136719,1865200
81,ACN,Accenture,2025-04-29,298.4700012207031,299.0400085449219,294.79998779296875,295.6199951171875,3251900
82,ACN,Accenture,2025-04-30,299.1499938964844,299.54998779296875,291.7099914550781,295.2699890136719,2834700
83,ACN,Accenture,2025-05-01,300.5299987792969,304.760009765625,298.5,300.80999755859375,2848600
84,ADBE,Adobe Inc.,2025-04-02,385.7799987792969,388.0,376.5400085449219,378.2799987792969,2859100
85,ADBE,Adobe Inc.,2025-04-03,367.25,376.010009765625,366.2900085449219,371.8800048828125,5324400
86,ADBE,Adobe Inc.,2025-04-04,349.07000732421875,361.7300109863281,348.79998779296875,359.0,5867600
87,ADBE,Adobe Inc.,2025-04-07,340.70001220703125,358.3599853515625,332.010009765625,335.5400085449219,7690900
88,ADBE,Adobe Inc.,2025-04-08,340.0,350.739990234375,333.8299865722656,350.1000061035156,6650800
89,ADBE,Adobe Inc.,2025-04-09,364.6400146484375,365.7200012207031,333.42999267578125,338.739990234375,7186300
90,ADBE,Adobe Inc.,2025-04-10,350.04998779296875,362.5,341.5199890136719,360.9700012207031,5695000
91,ADBE,Adobe Inc.,2025-04-11,352.4700012207031,353.1000061035156,342.3500061035156,351.44000244140625,3941800
92,ADBE,Adobe Inc.,2025-04-14,350.9100036621094,362.04998779296875,348.5,359.510009765625,3286000
93,ADBE,Adobe Inc.,2025-04-15,350.3800048828125,356.489990234375,349.19000244140625,351.04998779296875,3030400
94,ADBE,Adobe Inc.,2025-04-16,344.19000244140625,350.3800048828125,341.30999755859375,345.0,3687900
95,ADBE,Adobe Inc.,2025-04-17,348.79998779296875,351.8800048828125,345.0899963378906,349.75,5206500
96,ADBE,Adobe Inc.,2025-04-21,343.2200012207031,346.67999267578125,338.6400146484375,344.57000732421875,3691200
97,ADBE,Adobe Inc.,2025-04-22,349.9100036621094,352.0799865722656,344.3699951171875,349.1400146484375,3250400
98,ADBE,Adobe Inc.,2025-04-23,351.9599914550781,363.0,349.79998779296875,358.1199951171875,3168000
99,ADBE,Adobe Inc.,2025-04-24,360.9100036621094,361.1199951171875,353.25,353.5899963378906,3085100
100,ADBE,Adobe Inc.,2025-04-25,367.7200012207031,369.30999755859375,359.989990234375,361.70001220703125,3499300
101,ADBE,Adobe Inc.,2025-04-28,368.6199951171875,370.989990234375,364.5799865722656,368.04998779296875,3163400
102,ADBE,Adobe Inc.,2025-04-29,370.9800109863281,373.8800048828125,366.8800048828125,367.2099914550781,2198300
103,ADBE,Adobe Inc.,2025-04-30,374.9800109863281,376.0,363.55999755859375,366.8699951171875,3305500
104,ADBE,Adobe Inc.,2025-05-01,374.6300048828125,380.44000244140625,374.07000732421875,378.29998779296875,2848800
105,AIG,American International Group,2025-04-02,87.72000122070312,88.06999969482422,85.81999969482422,86.0199966430664,4944200
106,AIG,American International Group,2025-04-03,86.19999694824219,87.47000122070312,85.62000274658203,86.0,6291100
107,AIG,American International Group,2025-04-04,78.94999694824219,84.55999755859375,78.2699966430664,84.16999816894531,6406300
108,AIG,American International Group,2025-04-07,77.55999755859375,80.97000122070312,76.08999633789062,77.77999877929688,10099700
109,AIG,American International Group,2025-04-08,77.66999816894531,81.22000122070312,76.63999938964844,79.04000091552734,7738800
110,AIG,American International Group,2025-04-09,82.81999969482422,83.55000305175781,76.52999877929688,76.52999877929688,7565200
111,AIG,American International Group,2025-04-10,81.3499984741211,83.06999969482422,79.63999938964844,81.1500015258789,4402300
112,AIG,American International Group,2025-04-11,81.97000122070312,82.7300033569336,80.12999725341797,81.12999725341797,4039600
113,AIG,American International Group,2025-04-14,81.5,83.91999816894531,81.37000274658203,83.0,6105600
114,AIG,American International Group,2025-04-15,81.94999694824219,82.76000213623047,81.54000091552734,81.94999694824219,4550000
115,AIG,American International Group,2025-04-16,80.97000122070312,82.9000015258789,80.6500015258789,82.37999725341797,3468300
116,AIG,American International Group,2025-04-17,81.13999938964844,82.16000366210938,80.66999816894531,81.30999755859375,4021400
117,AIG,American International Group,2025-04-21,79.37999725341797,81.18000030517578,78.61000061035156,81.08999633789062,3637500
118,AIG,American International Group,2025-04-22,81.63999938964844,81.94000244140625,79.93000030517578,80.54000091552734,3545000
119,AIG,American International Group,2025-04-23,81.6500015258789,82.37000274658203,81.16000366210938,82.27999877929688,3086100
120,AIG,American International Group,2025-04-24,82.44999694824219,82.83999633789062,81.20999908447266,81.62999725341797,2620800
121,AIG,American International Group,2025-04-25,81.22000122070312,82.33000183105469,80.79000091552734,82.05999755859375,2657600
122,AIG,American International Group,2025-04-28,81.93000030517578,82.2699966430664,81.11000061035156,81.47000122070312,3055500
123,AIG,American International Group,2025-04-29,82.0,82.55000305175781,81.58000183105469,81.58000183105469,3331600
124,AIG,American International Group,2025-04-30,81.5199966430664,81.94999694824219,80.0,81.3499984741211,5777400
125,AIG,American International Group,2025-05-01,80.83999633789062,81.41000366210938,80.3499984741211,80.5999984741211,5974900
126,AMD,AMD,2025-04-02,102.95999908447266,104.19000244140625,100.76000213623047,101.5199966430664,20794000
127,AMD,AMD,2025-04-03,93.80000305175781,99.44999694824219,93.63999938964844,97.79000091552734,50472500
128,AMD,AMD,2025-04-04,85.76000213623047,91.08000183105469,83.66999816894531,90.0999984741211,65847000
129,AMD,AMD,2025-04-07,83.63999938964844,89.0,77.75,80.68000030517578,70515400
130,AMD,AMD,2025-04-08,78.20999908447266,88.93000030517578,76.4800033569336,86.1500015258789,69910200
131,AMD,AMD,2025-04-09,96.83999633789062,97.91000366210938,78.87000274658203,79.22000122070312,97827400
132,AMD,AMD,2025-04-10,88.69999694824219,92.94999694824219,85.05999755859375,91.0,65210600
133,AMD,AMD,2025-04-11,93.4000015258789,94.76000213623047,90.5,90.51000213623047,57892600
134,AMD,AMD,2025-04-14,94.5,97.37000274658203,93.44999694824219,97.11000061035156,36003000
135,AMD,AMD,2025-04-15,95.29000091552734,96.8499984741211,94.62000274658203,94.66000366210938,28116500
136,AMD,AMD,2025-04-16,88.29000091552734,90.47000122070312,85.30000305175781,87.61000061035156,62109000
137,AMD,AMD,2025-04-17,87.5,89.02999877929688,86.5199966430664,88.83999633789062,34693400
138,AMD,AMD,2025-04-21,85.55999755859375,86.13999938964844,83.75,86.0199966430664,33855400
139,AMD,AMD,2025-04-22,86.26000213623047,87.16999816894531,85.16999816894531,86.12000274658203,35236700
140,AMD,AMD,2025-04-23,90.38999938964844,93.73999786376953,90.12000274658203,91.87999725341797,41102600
141,AMD,AMD,2025-04-24,94.47000122070312,94.75,90.37000274658203,91.58999633789062,33681900
142,AMD,AMD,2025-04-25,96.6500015258789,97.0999984741211,92.8499984741211,93.27999877929688,28575300
143,AMD,AMD,2025-04-28,96.38999938964844,97.48999786376953,94.2699966430664,95.58000183105469,30456700
144,AMD,AMD,2025-04-29,96.05999755859375,97.18000030517578,95.33000183105469,95.76000213623047,20700600
145,AMD,AMD,2025-04-30,97.3499984741211,97.55000305175781,91.87000274658203,92.80999755859375,29730700
146,AMD,AMD,2025-05-01,96.6500015258789,100.0999984741211,96.44999694824219,99.2699966430664,29591500
147,AMGN,Amgen,2025-04-02,305.70001220703125,306.760009765625,300.1000061035156,305.4100036621094,1912500
148,AMGN,Amgen,2025-04-03,309.8500061035156,314.8999938964844,306.70001220703125,311.17999267578125,3280300
149,AMGN,Amgen,2025-04-04,294.3900146484375,312.1099853515625,293.7200012207031,312.1099853515625,5253100
150,AMGN,Amgen,2025-04-07,289.69000244140625,296.94000244140625,281.70001220703125,287.69000244140625,4923000
151,AMGN,Amgen,2025-04-08,280.260009765625,294.010009765625,277.510009765625,289.25,4097200
152,AMGN,Amgen,2025-04-09,291.0899963378906,291.5,267.3999938964844,268.9100036621094,6055700
153,AMGN,Amgen,2025-04-10,281.4100036621094,288.5199890136719,269.6700134277344,287.9800109863281,4679100
154,AMGN,Amgen,2025-04-11,285.9800109863281,287.8999938964844,277.1000061035156,282.5,3467100
155,AMGN,Amgen,2025-04-14,293.9200134277344,295.17999267578125,285.2099914550781,286.7699890136719,2492700
156,AMGN,Amgen,2025-04-15,295.29998779296875,296.1700134277344,292.1400146484375,294.30999755859375,2593600
157,AMGN,Amgen,2025-04-16,282.6400146484375,294.75,281.0299987792969,294.739990234375,2656300
158,AMGN,Amgen,2025-04-17,277.2900085449219,278.67999267578125,268.5,277.0400085449219,4371800
159,AMGN,Amgen,2025-04-21,273.67999267578125,278.25,270.3599853515625,277.2900085449219,1803600
160,AMGN,Amgen,2025-04-22,278.3999938964844,278.7300109863281,274.489990234375,275.70001220703125,2081000
161,AMGN,Amgen,2025-04-23,277.8999938964844,283.6000061035156,276.4200134277344,279.9100036621094,2679500
162,AMGN,Amgen,2025-04-24,279.8399963378906,282.260009765625,274.4200134277344,278.4700012207031,2260500
163,AMGN,Amgen,2025-04-25,280.8399963378906,282.19000244140625,276.44000244140625,279.4700012207031,1994600
164,AMGN,Amgen,2025-04-28,283.0899963378906,284.1000061035156,280.0,280.6300048828125,2082400
165,AMGN,Amgen,2025-04-29,288.55999755859375,289.8999938964844,279.05999755859375,281.1199951171875,2147700
166,AMGN,Amgen,2025-04-30,290.9200134277344,292.0,286.0899963378906,289.44000244140625,2612300
167,AMGN,Amgen,2025-05-01,283.7799987792969,287.8800048828125,282.07000732421875,287.0400085449219,2942700
168,AMT,American Tower,2025-04-02,216.12181091308594,218.6807585198101,214.52494878721706,218.08566392813617,2794100
169,AMT,American Tower,2025-04-03,226.32785034179688,229.14467079517502,218.20468268753686,223.16388002134454,5852900
170,AMT,American Tower,2025-04-04,218.373291015625,231.89206763175082,218.23443409728026,231.2473629053674,9877200
171,AMT,American Tower,2025-04-07,211.64862060546875,220.09909699600635,209.91290155997004,215.57631150464707,5082200
172,AMT,American Tower,2025-04-08,202.9898681640625,214.92169569522466,200.36148450610742,213.33474650044917,5455000
173,AMT,American Tower,2025-04-09,205.78684997558594,210.21046069187858,195.88829625555869,200.46067683935036,5646900
174,AMT,American Tower,2025-04-10,206.62001037597656,211.43042283482967,201.83933675689215,206.0546546007093,3565200
175,AMT,American Tower,2025-04-11,213.22000122070312,213.75,205.14999389648438,206.52000427246094,2555400
176,AMT,American Tower,2025-04-14,217.7899932861328,218.8300018310547,211.16000366210938,213.0,2080600
177,AMT,American Tower,2025-04-15,218.00999450683594,220.82000732421875,216.02000427246094,219.27999877929688,3854900
178,AMT,American Tower,2025-04-16,218.0,220.5399932861328,216.50999450683594,220.3000030517578,3376800
179,AMT,American Tower,2025-04-17,222.66000366210938,224.36000061035156,218.25999450683594,218.94000244140625,2599000
180,AMT,American Tower,2025-04-21,217.99000549316406,223.5500030517578,215.1300048828125,221.3300018310547,2781000
181,AMT,American Tower,2025-04-22,220.97000122070312,222.22000122070312,217.8300018310547,219.77999877929688,2747400
182,AMT,American Tower,2025-04-23,212.60000610351562,219.9199981689453,209.3699951171875,219.77000427246094,7046000
183,AMT,American Tower,2025-04-24,210.91000366210938,215.27999877929688,210.75999450683594,214.3300018310547,2885500
184,AMT,American Tower,2025-04-25,210.82000732421875,211.7899932861328,208.4499969482422,211.47999572753906,2464500
185,AMT,American Tower,2025-04-28,211.3000030517578,213.60000610351562,209.36000061035156,210.4499969482422,3390200
186,AMT,American Tower,2025-04-29,221.3300018310547,221.77000427246094,210.36000061035156,211.63999938964844,3174900
187,AMT,American Tower,2025-04-30,225.41000366210938,226.08999633789062,220.58999633789062,221.36000061035156,3491100
188,AMT,American Tower,2025-05-01,224.02999877929688,225.83999633789062,223.07000732421875,224.8699951171875,2253000
189,AMZN,Amazon (company),2025-04-02,196.00999450683594,198.33999633789062,187.66000366210938,187.66000366210938,53679200
190,AMZN,Amazon (company),2025-04-03,178.41000366210938,184.1300048828125,176.9199981689453,183.0,95553600
191,AMZN,Amazon (company),2025-04-04,171.0,178.13999938964844,166.0,167.14999389648438,123159400
192,AMZN,Amazon (company),2025-04-07,175.25999450683594,183.41000366210938,161.3800048828125,162.0,109327100
193,AMZN,Amazon (company),2025-04-08,170.66000366210938,185.89999389648438,168.57000732421875,185.22999572753906,87710400
194,AMZN,Amazon (company),2025-04-09,191.10000610351562,192.64999389648438,169.92999267578125,172.1199951171875,116804300
195,AMZN,Amazon (company),2025-04-10,181.22000122070312,186.8699951171875,175.85000610351562,185.44000244140625,68302000
196,AMZN,Amazon (company),2025-04-11,184.8699951171875,185.86000061035156,178.0,179.92999267578125,50594300
197,AMZN,Amazon (company),2025-04-14,182.1199951171875,187.44000244140625,179.22999572753906,186.83999633789062,48002500
198,AMZN,Amazon (company),2025-04-15,179.58999633789062,182.35000610351562,177.92999267578125,181.41000366210938,43642000
199,AMZN,Amazon (company),2025-04-16,174.3300018310547,179.10000610351562,171.41000366210938,176.2899932861328,51875300
200,AMZN,Amazon (company),2025-04-17,172.61000061035156,176.2100067138672,172.0,176.0,44468400
201,AMZN,Amazon (company),2025-04-21,167.32000732421875,169.60000610351562,165.2899932861328,169.60000610351562,48126100
202,AMZN,Amazon (company),2025-04-22,173.17999267578125,176.77999877929688,169.35000610351562,169.85000610351562,56607200
203,AMZN,Amazon (company),2025-04-23,180.60000610351562,187.3800048828125,180.19000244140625,183.4499969482422,63470100
204,AMZN,Amazon (company),2025-04-24,186.5399932861328,186.74000549316406,180.17999267578125,180.9199981689453,43763200
205,AMZN,Amazon (company),2025-04-25,188.99000549316406,189.94000244140625,185.49000549316406,187.6199951171875,36414300
206,AMZN,Amazon (company),2025-04-28,187.6999969482422,190.22000122070312,184.88999938964844,190.11000061035156,33224700
207,AMZN,Amazon (company),2025-04-29,187.38999938964844,188.02000427246094,183.67999267578125,183.99000549316406,41667300
208,AMZN,Amazon (company),2025-04-30,184.4199981689453,185.0500030517578,178.85000610351562,182.1699981689453,55176500
209,AMZN,Amazon (company),2025-05-01,190.1999969482422,191.80999755859375,187.5,190.6300048828125,74266000
210,AVGO,Broadcom,2025-04-02,172.08999633789062,173.42999267578125,165.5,166.0800018310547,19523700
211,AVGO,Broadcom,2025-04-03,154.00999450683594,163.42999267578125,153.6999969482422,160.5399932861328,44354900
212,AVGO,Broadcom,2025-04-04,146.2899932861328,152.8000030517578,139.1699981689453,148.1699981689453,72302200
213,AVGO,Broadcom,2025-04-07,154.13999938964844,160.42999267578125,138.10000610351562,144.49000549316406,68503500
214,AVGO,Broadcom,2025-04-08,156.02999877929688,169.77999877929688,153.08999633789062,167.6199951171875,58888200
215,AVGO,Broadcom,2025-04-09,185.14999389648438,187.3300018310547,157.50999450683594,160.5,72708300
216,AVGO,Broadcom,2025-04-10,172.3000030517578,176.9499969482422,166.39999389648438,175.3000030517578,51212200
217,AVGO,Broadcom,2025-04-11,181.94000244140625,182.66000366210938,173.30999755859375,173.6199951171875,33964100
218,AVGO,Broadcom,2025-04-14,178.36000061035156,186.0,175.82000732421875,185.0800018310547,25748300
219,AVGO,Broadcom,2025-04-15,178.9499969482422,182.25999450683594,178.0800018310547,179.72999572753906,17242400
220,AVGO,Broadcom,2025-04-16,174.61000061035156,176.0800018310547,166.9199981689453,170.42999267578125,34638600
221,AVGO,Broadcom,2025-04-17,170.99000549316406,176.25,169.9199981689453,176.25,22501800
222,AVGO,Broadcom,2025-04-21,166.2100067138672,168.0,161.61000061035156,166.99000549316406,23469800
223,AVGO,Broadcom,2025-04-22,169.5800018310547,170.52000427246094,165.22000122070312,167.42999267578125,18504900
224,AVGO,Broadcom,2025-04-23,176.91000366210938,180.4499969482422,175.82000732421875,177.77999877929688,24380500
225,AVGO,Broadcom,2025-04-24,188.14999389648438,188.57000732421875,178.3000030517578,179.69000244140625,27576900
226,AVGO,Broadcom,2025-04-25,192.30999755859375,193.3699951171875,186.88999938964844,186.9199981689453,21242300
227,AVGO,Broadcom,2025-04-28,192.47000122070312,193.10000610351562,187.67999267578125,190.52999877929688,16385800
228,AVGO,Broadcom,2025-04-29,191.1699981689453,193.25,190.10000610351562,191.72000122070312,14630000
229,AVGO,Broadcom,2025-04-30,192.47000122070312,193.1999969482422,184.02000427246094,185.89999389648438,22768900
230,AVGO,Broadcom,2025-05-01,197.3300018310547,201.39999389648438,196.24000549316406,198.13999938964844,24939700
231,AXP,American Express,2025-04-02,274.3392333984375,276.4023913365132,265.687961694249,266.006910155677,2473700
232,AXP,American Express,2025-04-03,247.00001525878906,260.1363976969093,246.36211830431478,259.33905692041736,7736200
233,AXP,American Express,2025-04-04,233.67999267578125,238.97000122070312,228.6199951171875,237.9199981689453,9097500
234,AXP,American Express,2025-04-07,234.27999877929688,241.94000244140625,220.42999267578125,225.2899932861328,6283600
235,AXP,American Express,2025-04-08,231.38999938964844,247.0,227.36000061035156,245.8300018310547,4782100
236,AXP,American Express,2025-04-09,262.3599853515625,264.7699890136719,226.25999450683594,226.9600067138672,8640600
237,AXP,American Express,2025-04-10,246.88999938964844,255.5,238.52000427246094,255.02000427246094,4799900
238,AXP,American Express,2025-04-11,251.1300048828125,252.77000427246094,243.13999938964844,246.88999938964844,4413500
239,AXP,American Express,2025-04-14,255.3800048828125,257.6199951171875,252.16000366210938,256.5199890136719,3067000
240,AXP,American Express,2025-04-15,257.8599853515625,260.6300048828125,255.3000030517578,256.0,3509100
241,AXP,American Express,2025-04-16,252.9199981689453,258.94000244140625,249.6300048828125,255.16000366210938,4244900
242,AXP,American Express,2025-04-17,251.30999755859375,255.6199951171875,247.10000610351562,252.9499969482422,3906800
243,AXP,American Express,2025-04-21,242.50999450683594,250.25999450683594,239.27000427246094,248.85000610351562,4302900
244,AXP,American Express,2025-04-22,252.4199981689453,253.24000549316406,246.3699951171875,247.1199951171875,2324100
245,AXP,American Express,2025-04-23,260.1400146484375,270.1700134277344,259.260009765625,261.8699951171875,3872900
246,AXP,American Express,2025-04-24,267.32000732421875,268.0,258.0,258.07000732421875,2696300
247,AXP,American Express,2025-04-25,264.80999755859375,268.8599853515625,264.0,267.0,1940100
248,AXP,American Express,2025-04-28,264.95001220703125,268.0,262.5299987792969,264.94000244140625,1561500
249,AXP,American Express,2025-04-29,267.0199890136719,267.4800109863281,261.8299865722656,265.42999267578125,1730800
250,AXP,American Express,2025-04-30,266.4100036621094,267.4200134277344,257.2099914550781,260.9599914550781,3522700
251,AXP,American Express,2025-05-01,268.5400085449219,272.6600036621094,266.5199890136719,268.0,2473800
252,BA,Boeing,2025-04-02,168.55999755859375,170.3800048828125,165.5500030517578,166.39999389648438,5826600
253,BA,Boeing,2025-04-03,150.91000366210938,160.2100067138672,150.41000366210938,160.0,15877400
254,BA,Boeing,2025-04-04,136.58999633789062,146.0,132.7899932861328,143.3000030517578,22282000
255,BA,Boeing,2025-04-07,138.86000061035156,143.97000122070312,128.8800048828125,132.0500030517578,18825000
256,BA,Boeing,2025-04-08,139.38999938964844,147.77000427246094,137.39999389648438,146.85000610351562,14527900
257,BA,Boeing,2025-04-09,160.82000732421875,162.42999267578125,137.94000244140625,138.85000610351562,16775200
258,BA,Boeing,2025-04-10,155.52000427246094,157.35000610351562,149.41000366210938,154.97999572753906,10375000
259,BA,Boeing,2025-04-11,156.83999633789062,157.58999633789062,152.0,154.6199951171875,8810700
260,BA,Boeing,2025-04-14,159.27999877929688,162.5500030517578,157.60000610351562,159.82000732421875,7288700
261,BA,Boeing,2025-04-15,155.52000427246094,159.1199951171875,155.27999877929688,155.27999877929688,11541100
262,BA,Boeing,2025-04-16,156.47000122070312,157.66000366210938,153.5399932861328,154.3699951171875,6809600
263,BA,Boeing,2025-04-17,161.89999389648438,163.89999389648438,157.0,157.1300048828125,9220700
264,BA,Boeing,2025-04-21,159.33999633789062,160.0,156.47000122070312,160.0,5703800
265,BA,Boeing,2025-04-22,162.52000427246094,163.08999633789062,158.5,162.5,9147300
266,BA,Boeing,2025-04-23,172.3699951171875,176.5800018310547,169.91000366210938,174.0,16264700
267,BA,Boeing,2025-04-24,176.25999450683594,177.39999389648438,169.0,171.1999969482422,10984200
268,BA,Boeing,2025-04-25,177.9499969482422,180.3300018310547,175.86000061035156,176.5,7644200
269,BA,Boeing,2025-04-28,182.3000030517578,184.52999877929688,180.75,182.75,9302600
270,BA,Boeing,2025-04-29,182.0,184.25,181.1999969482422,182.52000427246094,6795000
271,BA,Boeing,2025-04-30,183.24000549316406,183.7899932861328,177.6300048828125,178.47000122070312,6266800
272,BA,Boeing,2025-05-01,182.88999938964844,184.75,182.02999877929688,182.85000610351562,7322900
273,BAC,Bank of America,2025-04-02,41.849998474121094,41.970001220703125,40.81999969482422,40.880001068115234,28216100
274,BAC,Bank of America,2025-04-03,37.220001220703125,38.84000015258789,37.02000045776367,38.630001068115234,115497900
275,BAC,Bank of America,2025-04-04,34.38999938964844,35.790000915527344,33.66999816894531,35.290000915527344,107761200
276,BAC,Bank of America,2025-04-07,35.58000183105469,36.630001068115234,33.540000915527344,34.970001220703125,137329100
277,BAC,Bank of America,2025-04-08,35.029998779296875,37.33000183105469,34.33000183105469,36.86000061035156,79116300
278,BAC,Bank of America,2025-04-09,37.150001525878906,37.849998474121094,33.06999969482422,34.04999923706055,161173500
279,BAC,Bank of America,2025-04-10,35.849998474121094,36.400001525878906,34.630001068115234,36.31999969482422,90451800
280,BAC,Bank of America,2025-04-11,35.95000076293945,36.22999954223633,34.810001373291016,35.20000076293945,63671900
281,BAC,Bank of America,2025-04-14,36.66999816894531,36.9900016784668,36.27000045776367,36.4900016784668,46830600
282,BAC,Bank of America,2025-04-15,37.9900016784668,38.75,37.79999923706055,37.79999923706055,84677800
283,BAC,Bank of America,2025-04-16,37.33000183105469,38.15999984741211,36.970001220703125,37.86000061035156,52872700
284,BAC,Bank of America,2025-04-17,37.40999984741211,37.869998931884766,37.2400016784668,37.5099983215332,47063400
285,BAC,Bank of America,2025-04-21,36.91999816894531,37.279998779296875,36.4900016784668,37.06999969482422,34928300
286,BAC,Bank of America,2025-04-22,38.31999969482422,38.4900016784668,37.400001525878906,37.56999969482422,42288900
287,BAC,Bank of America,2025-04-23,38.75,40.130001068115234,38.66999816894531,39.40999984741211,54428400
288,BAC,Bank of America,2025-04-24,39.58000183105469,39.70000076293945,38.599998474121094,38.65999984741211,42457100
289,BAC,Bank of America,2025-04-25,39.689998626708984,39.790000915527344,39.31999969482422,39.540000915527344,32694200
290,BAC,Bank of America,2025-04-28,39.779998779296875,40.08000183105469,39.459999084472656,39.79999923706055,37428000
291,BAC,Bank of America,2025-04-29,39.9900016784668,40.13999938964844,39.47999954223633,39.630001068115234,33792500
292,BAC,Bank of America,2025-04-30,39.880001068115234,40.0,38.81999969482422,39.36000061035156,40994600
293,BAC,Bank of America,2025-05-01,40.16999816894531,40.439998626708984,39.58000183105469,39.81999969482422,33569100
294,BK,BNY Mellon,2025-04-02,83.70148468017578,84.02945479186064,82.0517011480078,82.49893518642062,3191100
295,BK,BNY Mellon,2025-04-03,79.41802215576172,81.4454558257782,79.288817673339,80.73982798899765,5262500
296,BK,BNY Mellon,2025-04-04,72.85865020751953,78.24528667914602,72.48099248158017,76.56568906860377,6696700
297,BK,BNY Mellon,2025-04-07,73.63385009765625,75.84018354591785,70.02620146997793,70.90078088754215,7460700
298,BK,BNY Mellon,2025-04-08,73.0474853515625,77.18187727769013,71.68591724867065,76.48618239155483,4832700
299,BK,BNY Mellon,2025-04-09,78.86146545410156,79.66648369453686,71.66604198339236,71.66604198339236,6400900
300,BK,BNY Mellon,2025-04-10,76.13833618164062,78.0365729508072,74.17052310201748,77.15205301619501,5387200
301,BK,BNY Mellon,2025-04-11,77.19181060791016,78.1856539506125,72.05364234592051,73.15680906291396,6804400
302,BK,BNY Mellon,2025-04-14,77.04273223876953,78.56331891540681,76.45636830881149,77.53965390785515,4435300
303,BK,BNY Mellon,2025-04-15,77.29119110107422,78.57324988449162,76.96322857048774,77.74836569749945,3813700
304,BK,BNY Mellon,2025-04-16,75.26375579833984,77.35082519391601,74.74695304062533,77.20174718371288,5147300
305,BK,BNY Mellon,2025-04-17,75.8699951171875,77.02285700351268,74.79665009836049,75.48239683047332,4318000
306,BK,BNY Mellon,2025-04-21,74.04000091552734,75.7300033569336,73.55000305175781,75.38999938964844,2627400
307,BK,BNY Mellon,2025-04-22,76.30999755859375,76.70999908447266,75.3499984741211,75.4000015258789,3789100
308,BK,BNY Mellon,2025-04-23,77.7300033569336,79.68000030517578,77.4800033569336,77.91000366210938,3764100
309,BK,BNY Mellon,2025-04-24,78.72000122070312,79.22000122070312,77.48999786376953,77.69000244140625,4897900
310,BK,BNY Mellon,2025-04-25,78.6500015258789,79.16000366210938,78.16999816894531,78.70999908447266,2508000
311,BK,BNY Mellon,2025-04-28,78.91000366210938,79.5,78.52999877929688,78.94999694824219,2995300
312,BK,BNY Mellon,2025-04-29,80.04000091552734,80.36000061035156,78.55999755859375,78.75,3142200
313,BK,BNY Mellon,2025-04-30,80.41000366210938,80.5999984741211,77.7699966430664,78.87999725341797,4856700
314,BK,BNY Mellon,2025-05-01,80.91000366210938,81.52999877929688,79.72000122070312,80.01000213623047,3275800
315,BKNG,Booking Holdings,2025-04-02,4689.2998046875,4729.60009765625,4624.43017578125,4624.43017578125,193400
316,BKNG,Booking Holdings,2025-04-03,4450.52978515625,4523.759765625,4383.4599609375,4489.240234375,394300
317,BKNG,Booking Holdings,2025-04-04,4284.02001953125,4513.25,4284.02001953125,4322.22021484375,508500
318,BKNG,Booking Holdings,2025-04-07,4244.68017578125,4463.919921875,4107.41015625,4170.080078125,558400
319,BKNG,Booking Holdings,2025-04-08,4164.14990234375,4430.509765625,4129.580078125,4375.009765625,350900
320,BKNG,Booking Holdings,2025-04-09,4616.31982421875,4653.81005859375,4096.22998046875,4126.18017578125,602600
321,BKNG,Booking Holdings,2025-04-10,4494.64013671875,4558.85009765625,4373.83984375,4525.60009765625,423300
322,BKNG,Booking Holdings,2025-04-11,4586.52978515625,4643.68017578125,4434.93994140625,4508.22021484375,305000
323,BKNG,Booking Holdings,2025-04-14,4556.83984375,4701.7001953125,4547.419921875,4701.7001953125,288100
324,BKNG,Booking Holdings,2025-04-15,4612.43994140625,4617.509765625,4524.08984375,4599.990234375,215700
325,BKNG,Booking Holdings,2025-04-16,4540.83984375,4627.759765625,4491.77001953125,4573.85009765625,248800
326,BKNG,Booking Holdings,2025-04-17,4573.31005859375,4604.58984375,4516.6298828125,4586.580078125,216800
327,BKNG,Booking Holdings,2025-04-21,4437.6298828125,4578.81005859375,4371.1201171875,4566.64013671875,235500
328,BKNG,Booking Holdings,2025-04-22,4598.080078125,4608.509765625,4456.919921875,4465.0,236300
329,BKNG,Booking Holdings,2025-04-23,4731.02978515625,4800.0,4665.0,4719.830078125,237900
330,BKNG,Booking Holdings,2025-04-24,4827.97021484375,4843.759765625,4691.6298828125,4706.1201171875,238000
331,BKNG,Booking Holdings,2025-04-25,4838.43994140625,4878.41015625,4793.5498046875,4828.6201171875,189600
332,BKNG,Booking Holdings,2025-04-28,4889.9501953125,4916.2001953125,4824.240234375,4880.0,232900
333,BKNG,Booking Holdings,2025-04-29,4909.22998046875,4930.1201171875,4841.81005859375,4849.990234375,372300
334,BKNG,Booking Holdings,2025-04-30,5099.27978515625,5116.14013671875,4722.77001953125,4732.22998046875,458000
335,BKNG,Booking Holdings,2025-05-01,5101.43017578125,5159.919921875,4970.0,5002.27001953125,311600
336,BLK,BlackRock,2025-04-02,961.8400268554688,965.9600219726562,934.030029296875,934.030029296875,490300
337,BLK,BlackRock,2025-04-03,887.6500244140625,928.2100219726562,887.1599731445312,918.5599975585938,903000
338,BLK,BlackRock,2025-04-04,822.6199951171875,860.52001953125,811.1599731445312,852.8800048828125,1615100
339,BLK,BlackRock,2025-04-07,817.5,846.219970703125,773.739990234375,789.6300048828125,1654100
340,BLK,BlackRock,2025-04-08,815.719970703125,856.7999877929688,805.0,849.2999877929688,1812200
341,BLK,BlackRock,2025-04-09,897.0800170898438,904.9099731445312,799.1500244140625,800.5399780273438,1821500
342,BLK,BlackRock,2025-04-10,858.780029296875,880.4099731445312,833.0999755859375,879.489990234375,1235600
343,BLK,BlackRock,2025-04-11,878.780029296875,888.5499877929688,840.5,848.1699829101562,963000
344,BLK,BlackRock,2025-04-14,889.9500122070312,900.0,879.5900268554688,897.27001953125,970300
345,BLK,BlackRock,2025-04-15,888.4400024414062,900.75,886.22998046875,888.9000244140625,516200
346,BLK,BlackRock,2025-04-16,865.780029296875,886.9000244140625,855.219970703125,881.239990234375,591500
347,BLK,BlackRock,2025-04-17,875.780029296875,890.1300048828125,866.1699829101562,871.0499877929688,1034300
348,BLK,BlackRock,2025-04-21,854.0,870.0,845.8200073242188,867.0,644400
349,BLK,BlackRock,2025-04-22,887.219970703125,888.469970703125,864.510009765625,869.9199829101562,600700
350,BLK,BlackRock,2025-04-23,892.5399780273438,929.0,888.760009765625,909.1699829101562,553100
351,BLK,BlackRock,2025-04-24,916.260009765625,916.7100219726562,892.9099731445312,895.5,619700
352,BLK,BlackRock,2025-04-25,907.6900024414062,918.27001953125,899.3599853515625,913.25,444400
353,BLK,BlackRock,2025-04-28,913.739990234375,923.52001953125,906.22998046875,906.22998046875,685200
354,BLK,BlackRock,2025-04-29,920.52001953125,921.7000122070312,905.0499877929688,910.8900146484375,392300
355,BLK,BlackRock,2025-04-30,914.260009765625,915.8800048828125,893.9400024414062,905.9600219726562,1028900
356,BLK,BlackRock,2025-05-01,916.1400146484375,923.8800048828125,905.9099731445312,912.9600219726562,451700
357,BMY,Bristol Myers Squibb,2025-04-02,58.96091079711914,59.59405128046466,58.52563025274953,59.168661846147614,8310000
358,BMY,Bristol Myers Squibb,2025-04-03,57.20000076293945,60.1480460239071,57.04171658026309,59.950189852113496,13246900
359,BMY,Bristol Myers Squibb,2025-04-04,55.29999923706055,57.16999816894531,54.720001220703125,56.81999969482422,14657900
360,BMY,Bristol Myers Squibb,2025-04-07,55.189998626708984,55.29999923706055,52.689998626708984,53.900001525878906,16820500
361,BMY,Bristol Myers Squibb,2025-04-08,53.06999969482422,55.77000045776367,52.15999984741211,55.16999816894531,16335100
362,BMY,Bristol Myers Squibb,2025-04-09,53.7400016784668,54.04999923706055,49.91999816894531,51.20000076293945,24323900
363,BMY,Bristol Myers Squibb,2025-04-10,50.459999084472656,53.41999816894531,48.81999969482422,53.33000183105469,23973300
364,BMY,Bristol Myers Squibb,2025-04-11,50.709999084472656,51.0099983215332,49.290000915527344,50.470001220703125,13411300
365,BMY,Bristol Myers Squibb,2025-04-14,51.34000015258789,51.599998474121094,50.54999923706055,51.529998779296875,14310300
366,BMY,Bristol Myers Squibb,2025-04-15,50.0,51.5,49.66999816894531,51.220001220703125,15684400
367,BMY,Bristol Myers Squibb,2025-04-16,49.36000061035156,50.400001525878906,48.84000015258789,50.099998474121094,14991000
368,BMY,Bristol Myers Squibb,2025-04-17,49.22999954223633,50.09000015258789,49.060001373291016,49.18000030517578,14244100
369,BMY,Bristol Myers Squibb,2025-04-21,48.939998626708984,49.66999816894531,48.15999984741211,49.349998474121094,10338700
370,BMY,Bristol Myers Squibb,2025-04-22,49.81999969482422,50.060001373291016,48.880001068115234,49.310001373291016,13376000
371,BMY,Bristol Myers Squibb,2025-04-23,48.529998779296875,49.33000183105469,47.540000915527344,47.630001068115234,24036600
372,BMY,Bristol Myers Squibb,2025-04-24,48.689998626708984,48.84000015258789,46.93000030517578,47.939998626708984,20579300
373,BMY,Bristol Myers Squibb,2025-04-25,47.900001525878906,48.95000076293945,46.959999084472656,48.869998931884766,16298800
374,BMY,Bristol Myers Squibb,2025-04-28,48.459999084472656,48.86000061035156,47.91999816894531,48.310001373291016,18574700
375,BMY,Bristol Myers Squibb,2025-04-29,49.220001220703125,49.47999954223633,48.150001525878906,48.33000183105469,19932800
376,BMY,Bristol Myers Squibb,2025-04-30,50.20000076293945,50.349998474121094,49.150001525878906,50.189998626708984,15951600
377,BMY,Bristol Myers Squibb,2025-05-01,49.61000061035156,50.18000030517578,48.689998626708984,49.56999969482422,17163100
378,BRK-B,Berkshire Hathaway,2025-04-02,537.719970703125,539.0,530.8200073242188,532.1300048828125,4079000
379,BRK-B,Berkshire Hathaway,2025-04-03,530.1599731445312,538.7999877929688,525.1400146484375,527.6199951171875,6410900
380,BRK-B,Berkshire Hathaway,2025-04-04,493.5400085449219,521.0,492.9800109863281,519.0,12605000
381,BRK-B,Berkshire Hathaway,2025-04-07,490.3800048828125,505.8500061035156,462.1000061035156,467.4200134277344,12749700
382,BRK-B,Berkshire Hathaway,2025-04-08,492.6400146484375,516.0,484.19000244140625,509.0299987792969,9470100
383,BRK-B,Berkshire Hathaway,2025-04-09,521.4099731445312,523.9299926757812,485.55999755859375,490.0,10153700
384,BRK-B,Berkshire Hathaway,2025-04-10,515.8099975585938,521.4099731445312,498.6099853515625,518.2999877929688,7475900
385,BRK-B,Berkshire Hathaway,2025-04-11,524.1099853515625,526.5800170898438,510.7699890136719,515.0,6231000
386,BRK-B,Berkshire Hathaway,2025-04-14,529.52001953125,536.52001953125,526.97998046875,531.0,5512100
387,BRK-B,Berkshire Hathaway,2025-04-15,528.1699829101562,535.9199829101562,527.3599853515625,532.6199951171875,4329200
388,BRK-B,Berkshire Hathaway,2025-04-16,516.4500122070312,530.1300048828125,512.8900146484375,529.2999877929688,5889300
389,BRK-B,Berkshire Hathaway,2025-04-17,518.2100219726562,523.8800048828125,514.5700073242188,518.9000244140625,5311400
390,BRK-B,Berkshire Hathaway,2025-04-21,506.9200134277344,518.6699829101562,498.0799865722656,517.530029296875,4908400
391,BRK-B,Berkshire Hathaway,2025-04-22,520.7899780273438,522.219970703125,511.6499938964844,514.22998046875,4768500
392,BRK-B,Berkshire Hathaway,2025-04-23,526.8099975585938,532.27001953125,523.8900146484375,527.5,4294500
393,BRK-B,Berkshire Hathaway,2025-04-24,531.6400146484375,533.1300048828125,523.1599731445312,526.8099975585938,3173400
394,BRK-B,Berkshire Hathaway,2025-04-25,530.9600219726562,532.4400024414062,526.7899780273438,531.75,2742800
395,BRK-B,Berkshire Hathaway,2025-04-28,530.9400024414062,536.8200073242188,526.5800170898438,533.6300048828125,4238700
396,BRK-B,Berkshire Hathaway,2025-04-29,534.5700073242188,535.3400268554688,528.2899780273438,531.0,3177700
397,BRK-B,Berkshire Hathaway,2025-04-30,533.25,535.719970703125,524.0,531.510009765625,5251600
398,BRK-B,Berkshire Hathaway,2025-05-01,530.22998046875,533.27001953125,528.2999877929688,531.0,4693100
399,C,Citigroup,2025-04-02,71.76000213623047,71.95999908447266,69.5999984741211,69.66999816894531,9731700
400,C,Citigroup,2025-04-03,63.04999923706055,66.80000305175781,62.900001525878906,66.16999816894531,39469500
401,C,Citigroup,2025-04-04,58.130001068115234,60.41999816894531,56.310001373291016,60.25,51730500
402,C,Citigroup,2025-04-07,58.849998474121094,61.33000183105469,55.5099983215332,56.15999984741211,37487700
403,C,Citigroup,2025-04-08,58.77000045776367,62.65999984741211,57.56999969482422,61.2400016784668,30272300
404,C,Citigroup,2025-04-09,64.1500015258789,65.75,56.06999969482422,56.7599983215332,49437900
405,C,Citigroup,2025-04-10,61.59000015258789,62.5,59.08000183105469,62.09000015258789,25912800
406,C,Citigroup,2025-04-11,61.63999938964844,62.310001373291016,59.91999816894531,60.880001068115234,24776000
407,C,Citigroup,2025-04-14,63.220001220703125,64.43000030517578,62.70000076293945,63.349998474121094,20385900
408,C,Citigroup,2025-04-15,64.33000183105469,66.29000091552734,63.84000015258789,64.19000244140625,24738400
409,C,Citigroup,2025-04-16,62.099998474121094,63.81999969482422,61.29999923706055,63.060001373291016,21922600
410,C,Citigroup,2025-04-17,63.25,63.779998779296875,61.84000015258789,62.18000030517578,14654000
411,C,Citigroup,2025-04-21,62.689998626708984,63.13999938964844,61.95000076293945,62.75,15136000
412,C,Citigroup,2025-04-22,64.55000305175781,64.97000122070312,63.5099983215332,63.52000045776367,13252300
413,C,Citigroup,2025-04-23,66.30000305175781,68.81999969482422,66.16000366210938,66.47000122070312,17243900
414,C,Citigroup,2025-04-24,68.16000366210938,68.33999633789062,65.77999877929688,66.26000213623047,13672300
415,C,Citigroup,2025-04-25,68.43000030517578,68.70999908447266,67.76000213623047,67.86000061035156,12253400
416,C,Citigroup,2025-04-28,68.27999877929688,69.4000015258789,67.7699966430664,68.66000366210938,14304800
417,C,Citigroup,2025-04-29,68.87999725341797,69.11000061035156,67.97000122070312,68.02999877929688,8862800
418,C,Citigroup,2025-04-30,68.37999725341797,68.66000366210938,66.72000122070312,67.51000213623047,15756500
419,C,Citigroup,2025-05-01,68.13999938964844,68.9000015258789,67.88999938964844,68.20999908447266,9682300
420,CAT,Caterpillar Inc.,2025-04-02,333.0563659667969,334.73827018436236,324.53738655977946,324.56724158968063,1747600
421,CAT,Caterpillar Inc.,2025-04-03,304.29486083984375,323.1441060751242,303.5384929091747,318.13821017741026,4638700
422,CAT,Caterpillar Inc.,2025-04-04,286.6995544433594,292.8798190074769,280.1510980894203,283.63432666246814,7216800
423,CAT,Caterpillar Inc.,2025-04-07,278.7179870605469,292.93951977296274,266.01912157546866,274.6774444737205,7824700
424,CAT,Caterpillar Inc.,2025-04-08,272.6273193359375,290.38182884610796,266.9844758387282,288.5009012612662,4989000
425,CAT,Caterpillar Inc.,2025-04-09,299.567626953125,300.4135296174439,267.84038500049274,269.4625792094041,6457300
426,CAT,Caterpillar Inc.,2025-04-10,287.7743835449219,296.8407149373941,278.45921975117625,295.2583376715886,4116800
427,CAT,Caterpillar Inc.,2025-04-11,292.0438537597656,293.9944532965392,282.7784679959119,287.5654169315137,3197900
428,CAT,Caterpillar Inc.,2025-04-14,296.6914367675781,301.0305599184298,294.29298157893743,297.23881945065006,2758400
429,CAT,Caterpillar Inc.,2025-04-15,292.02392578125,300.28417180790717,290.9889311527127,295.407627482053,3611300
430,CAT,Caterpillar Inc.,2025-04-16,288.74969482421875,294.3129044993483,286.23178915631496,291.3073565777069,3017200
431,CAT,Caterpillar Inc.,2025-04-17,292.8399963378906,296.27347658282764,290.5012511254946,290.76997676200233,2716400
432,CAT,Caterpillar Inc.,2025-04-21,284.739990234375,291.0,282.4599914550781,289.3299865722656,2978300
433,CAT,Caterpillar Inc.,2025-04-22,291.1700134277344,293.2300109863281,287.0,287.5,2231200
434,CAT,Caterpillar Inc.,2025-04-23,295.7699890136719,305.3599853515625,295.17999267578125,301.3399963378906,2458300
435,CAT,Caterpillar Inc.,2025-04-24,306.8599853515625,308.2099914550781,297.07000732421875,297.42999267578125,2874400
436,CAT,Caterpillar Inc.,2025-04-25,306.45001220703125,307.989990234375,303.9100036621094,305.1000061035156,2162400
437,CAT,Caterpillar Inc.,2025-04-28,307.05999755859375,311.42999267578125,303.8500061035156,306.45001220703125,2189600
438,CAT,Caterpillar Inc.,2025-04-29,307.3999938964844,308.6700134277344,302.9100036621094,305.0,2651000
439,CAT,Caterpillar Inc.,2025-04-30,309.2699890136719,316.04998779296875,302.17999267578125,315.2099914550781,5124800
440,CAT,Caterpillar Inc.,2025-05-01,313.9599914550781,318.8900146484375,311.0199890136719,311.3800048828125,2961000
441,CHTR,Charter Communications,2025-04-02,379.2699890136719,379.9599914550781,370.1300048828125,370.79998779296875,923300
442,CHTR,Charter Communications,2025-04-03,368.3999938964844,385.8800048828125,368.05999755859375,378.2799987792969,1445400
443,CHTR,Charter Communications,2025-04-04,338.2900085449219,368.9200134277344,337.5400085449219,365.0,1834000
444,CHTR,Charter Communications,2025-04-07,332.8900146484375,351.989990234375,324.0799865722656,332.8699951171875,1522800
445,CHTR,Charter Communications,2025-04-08,321.67999267578125,346.9700012207031,318.8500061035156,337.1700134277344,2147400
446,CHTR,Charter Communications,2025-04-09,346.9800109863281,350.7300109863281,312.3900146484375,317.19000244140625,3280500
447,CHTR,Charter Communications,2025-04-10,335.4700012207031,341.7200012207031,325.1000061035156,340.2799987792969,1646300
448,CHTR,Charter Communications,2025-04-11,334.3800048828125,338.4700012207031,327.9599914550781,335.70001220703125,1288400
449,CHTR,Charter Communications,2025-04-14,340.3999938964844,343.3800048828125,335.4800109863281,335.8999938964844,1253700
450,CHTR,Charter Communications,2025-04-15,343.17999267578125,350.04998779296875,339.67999267578125,341.17999267578125,1041800
451,CHTR,Charter Communications,2025-04-16,332.5,343.989990234375,330.1400146484375,340.7900085449219,1000400
452,CHTR,Charter Communications,2025-04-17,338.9599914550781,342.2200012207031,334.07000732421875,335.2099914550781,934300
453,CHTR,Charter Communications,2025-04-21,322.42999267578125,338.0,319.6499938964844,335.2799987792969,1219400
454,CHTR,Charter Communications,2025-04-22,331.3399963378906,331.70001220703125,325.3599853515625,325.75,1161100
455,CHTR,Charter Communications,2025-04-23,337.510009765625,345.04998779296875,335.67999267578125,336.5199890136719,1572400
456,CHTR,Charter Communications,2025-04-24,335.3299865722656,339.2200012207031,318.42999267578125,323.3599853515625,2171700
457,CHTR,Charter Communications,2025-04-25,373.6499938964844,374.2099914550781,356.45001220703125,359.5,2702300
458,CHTR,Charter Communications,2025-04-28,376.8699951171875,385.4800109863281,372.8800048828125,373.6499938964844,1929700
459,CHTR,Charter Communications,2025-04-29,386.3299865722656,387.5400085449219,378.6300048828125,378.7900085449219,1543500
460,CHTR,Charter Communications,2025-04-30,391.8599853515625,392.9100036621094,377.6000061035156,387.260009765625,1445700
461,CHTR,Charter Communications,2025-05-01,383.0,392.57000732421875,382.6700134277344,388.29998779296875,1442800
462,CL,Colgate-Palmolive,2025-04-02,93.02967071533203,93.71582772295098,92.08495013647,93.46721824224402,4849100
463,CL,Colgate-Palmolive,2025-04-03,95.4660415649414,96.69914247747329,94.27271908016337,94.7301596188936,5483400
464,CL,Colgate-Palmolive,2025-04-04,91.15018463134766,97.18642258454521,90.81207178872026,96.41075462332684,7434400
465,CL,Colgate-Palmolive,2025-04-07,88.69392395019531,90.70268528818814,87.5602652844141,89.25080677915183,7820200
466,CL,Colgate-Palmolive,2025-04-08,88.1072006225586,90.11596952501095,87.2320979601489,89.79774968532021,5677700
467,CL,Colgate-Palmolive,2025-04-09,89.72814178466797,91.21979874653884,86.99343735457137,87.24204684821652,7407600
468,CL,Colgate-Palmolive,2025-04-10,91.2894058227539,92.1943404019038,89.02208094909179,89.63863520249456,6465500
469,CL,Colgate-Palmolive,2025-04-11,93.47716522216797,94.00421611003905,90.772292844379,90.93140655458271,5664200
470,CL,Colgate-Palmolive,2025-04-14,94.45172119140625,94.77987995354964,92.97000316192671,93.5169470770983,3658600
471,CL,Colgate-Palmolive,2025-04-15,93.73572540283203,95.04838322292248,93.68600046942815,94.45172195687402,3874800
472,CL,Colgate-Palmolive,2025-04-16,92.97000122070312,94.47160463985364,92.69155981041496,94.3821088666722,4120300
473,CL,Colgate-Palmolive,2025-04-17,95.5,96.02999877929688,93.27999877929688,93.38999938964844,7029800
474,CL,Colgate-Palmolive,2025-04-21,94.69999694824219,96.2300033569336,94.16000366210938,95.80000305175781,7691400
475,CL,Colgate-Palmolive,2025-04-22,95.80999755859375,95.9800033569336,93.79000091552734,94.4000015258789,5233600
476,CL,Colgate-Palmolive,2025-04-23,93.88999938964844,95.0,92.70999908447266,95.0,8497400
477,CL,Colgate-Palmolive,2025-04-24,92.69999694824219,93.45999908447266,91.87000274658203,93.08000183105469,11292300
478,CL,Colgate-Palmolive,2025-04-25,93.91000366210938,95.80999755859375,91.83999633789062,95.48999786376953,9599000
479,CL,Colgate-Palmolive,2025-04-28,90.95999908447266,93.91000366210938,90.80000305175781,93.63999938964844,7172700
480,CL,Colgate-Palmolive,2025-04-29,92.33000183105469,92.62000274658203,89.83000183105469,90.69000244140625,5941100
481,CL,Colgate-Palmolive,2025-04-30,92.19000244140625,93.73999786376953,91.36000061035156,93.1500015258789,5916200
482,CL,Colgate-Palmolive,2025-05-01,90.69000244140625,91.91999816894531,90.43000030517578,91.16000366210938,4115600
483,CMCSA,Comcast,2025-04-02,36.61000061035156,36.650001525878906,36.11000061035156,36.310001373291016,18827600
484,CMCSA,Comcast,2025-04-03,35.720001220703125,36.65999984741211,35.599998474121094,36.61000061035156,26834100
485,CMCSA,Comcast,2025-04-04,33.380001068115234,35.349998474121094,33.34000015258789,34.93000030517578,37314600
486,CMCSA,Comcast,2025-04-07,33.470001220703125,34.439998626708984,32.380001068115234,32.970001220703125,46139700
487,CMCSA,Comcast,2025-04-08,32.84000015258789,34.29999923706055,32.5,33.470001220703125,33971400
488,CMCSA,Comcast,2025-04-09,35.18000030517578,35.25,32.20000076293945,32.5,45095900
489,CMCSA,Comcast,2025-04-10,33.68000030517578,34.900001525878906,33.09000015258789,34.779998779296875,31778800
490,CMCSA,Comcast,2025-04-11,33.720001220703125,34.0,33.220001220703125,33.959999084472656,26811900
491,CMCSA,Comcast,2025-04-14,34.150001525878906,34.45000076293945,33.25,33.380001068115234,20432800
492,CMCSA,Comcast,2025-04-15,34.400001525878906,34.7599983215332,34.2599983215332,34.439998626708984,17989900
493,CMCSA,Comcast,2025-04-16,33.54999923706055,34.459999084472656,33.36000061035156,34.29999923706055,20687000
494,CMCSA,Comcast,2025-04-17,34.0099983215332,34.29999923706055,33.720001220703125,33.779998779296875,21445000
495,CMCSA,Comcast,2025-04-21,33.599998474121094,34.0099983215332,33.25,33.75,22945400
496,CMCSA,Comcast,2025-04-22,34.20000076293945,34.25,33.72999954223633,33.849998474121094,23108500
497,CMCSA,Comcast,2025-04-23,34.470001220703125,35.029998779296875,34.38999938964844,34.529998779296875,28164600
498,CMCSA,Comcast,2025-04-24,33.189998626708984,33.349998474121094,31.440000534057617,31.979999542236328,44282300
499,CMCSA,Comcast,2025-04-25,33.900001525878906,33.939998626708984,33.130001068115234,33.52000045776367,29368800
500,CMCSA,Comcast,2025-04-28,33.77000045776367,34.2400016784668,33.619998931884766,33.900001525878906,27895700
501,CMCSA,Comcast,2025-04-29,33.939998626708984,34.060001373291016,33.599998474121094,33.650001525878906,22741600
502,CMCSA,Comcast,2025-04-30,34.20000076293945,34.27000045776367,33.15999984741211,33.77000045776367,28174800
503,CMCSA,Comcast,2025-05-01,33.81999969482422,34.22999954223633,33.66999816894531,33.849998474121094,20277700
504,COF,Capital One,2025-04-02,182.17999267578125,184.30999755859375,173.30999755859375,175.0,3579000
505,COF,Capital One,2025-04-03,164.0399932861328,176.4499969482422,158.52000427246094,166.0,13576300
506,COF,Capital One,2025-04-04,150.57000732421875,158.5,146.19000244140625,156.89999389648438,11073800
507,COF,Capital One,2025-04-07,154.6699981689453,159.6999969482422,143.22000122070312,144.94000244140625,8586300
508,COF,Capital One,2025-04-08,152.35000610351562,164.30999755859375,149.69000244140625,162.94000244140625,5796500
509,COF,Capital One,2025-04-09,174.91000366210938,177.66000366210938,147.3000030517578,149.3699951171875,10828400
510,COF,Capital One,2025-04-10,162.16000366210938,169.50999450683594,156.75,169.5,6294400
511,COF,Capital One,2025-04-11,160.97000122070312,161.7100067138672,155.8300018310547,161.4199981689453,5339500
512,COF,Capital One,2025-04-14,162.52000427246094,166.16000366210938,159.75999450683594,166.16000366210938,3174500
513,COF,Capital One,2025-04-15,163.5399932861328,166.92999267578125,163.22999572753906,163.6699981689453,2734400
514,COF,Capital One,2025-04-16,160.05999755859375,164.00999450683594,157.88999938964844,161.5,4003400
515,COF,Capital One,2025-04-17,162.77000427246094,164.77999877929688,158.4199981689453,161.32000732421875,2339400
516,COF,Capital One,2025-04-21,165.16000366210938,171.3699951171875,161.50999450683594,169.0800018310547,12120200
517,COF,Capital One,2025-04-22,170.1999969482422,171.39999389648438,167.0,167.92999267578125,6890700
518,COF,Capital One,2025-04-23,176.4600067138672,184.49000549316406,175.60000610351562,177.0,7665100
519,COF,Capital One,2025-04-24,185.0500030517578,186.0500030517578,176.00999450683594,177.0,6516700
520,COF,Capital One,2025-04-25,182.72999572753906,186.63999938964844,182.52999877929688,184.69000244140625,3464000
521,COF,Capital One,2025-04-28,183.1300048828125,185.66000366210938,181.63999938964844,183.25,3185900
522,COF,Capital One,2025-04-29,183.0800018310547,183.91000366210938,180.0500030517578,183.10000610351562,2602900
523,COF,Capital One,2025-04-30,180.25999450683594,180.80999755859375,174.72000122070312,180.1999969482422,4171100
524,COF,Capital One,2025-05-01,180.22000122070312,181.97000122070312,178.3300018310547,179.74000549316406,3232000
525,COP,ConocoPhillips,2025-04-02,106.0999984741211,106.19999694824219,104.23999786376953,104.4000015258789,6527500
526,COP,ConocoPhillips,2025-04-03,95.25,101.44000244140625,95.12000274658203,100.33000183105469,13870900
527,COP,ConocoPhillips,2025-04-04,86.29000091552734,92.6500015258789,85.55000305175781,92.0999984741211,15158400
528,COP,ConocoPhillips,2025-04-07,85.66999816894531,89.41999816894531,81.72000122070312,84.01000213623047,12870200
529,COP,ConocoPhillips,2025-04-08,82.66000366210938,88.27999877929688,81.2699966430664,87.1500015258789,11509800
530,COP,ConocoPhillips,2025-04-09,91.51000213623047,92.47000122070312,79.87999725341797,81.11000061035156,17841900
531,COP,ConocoPhillips,2025-04-10,83.29000091552734,88.6500015258789,80.80000305175781,88.5,15621900
532,COP,ConocoPhillips,2025-04-11,86.38999938964844,86.9800033569336,82.45999908447266,83.30000305175781,9233400
533,COP,ConocoPhillips,2025-04-14,86.44999694824219,88.62000274658203,85.58999633789062,88.5999984741211,6537200
534,COP,ConocoPhillips,2025-04-15,85.72000122070312,87.70999908447266,85.47000122070312,86.5999984741211,5739600
535,COP,ConocoPhillips,2025-04-16,86.36000061035156,88.36000061035156,86.01000213623047,86.37999725341797,6093300
536,COP,ConocoPhillips,2025-04-17,88.9800033569336,90.4800033569336,87.69000244140625,87.80999755859375,7804400
537,COP,ConocoPhillips,2025-04-21,87.55000305175781,87.86000061035156,86.33000183105469,87.26000213623047,6213500
538,COP,ConocoPhillips,2025-04-22,89.76000213623047,90.47000122070312,87.81999969482422,88.88999938964844,5556800
539,COP,ConocoPhillips,2025-04-23,89.93000030517578,91.66999816894531,89.08000183105469,90.77999877929688,7699600
540,COP,ConocoPhillips,2025-04-24,91.80000305175781,92.20999908447266,90.13999938964844,90.75,6520300
541,COP,ConocoPhillips,2025-04-25,91.72000122070312,92.01000213623047,90.61000061035156,90.6500015258789,4736600
542,COP,ConocoPhillips,2025-04-28,92.93000030517578,93.33999633789062,91.62000274658203,91.62000274658203,4667600
543,COP,ConocoPhillips,2025-04-29,91.87999725341797,92.61000061035156,90.38999938964844,91.0,4828800
544,COP,ConocoPhillips,2025-04-30,89.12000274658203,90.75,88.06999969482422,90.7300033569336,8415300
545,COP,ConocoPhillips,2025-05-01,90.6500015258789,91.37999725341797,88.25,88.43000030517578,8027600
546,COST,Costco,2025-04-02,965.0800170898438,970.8900146484375,950.0,950.8400268554688,1719900
547,COST,Costco,2025-04-03,967.0800170898438,981.3499755859375,928.0,931.0800170898438,3096900
548,COST,Costco,2025-04-04,916.47998046875,964.52001953125,914.1400146484375,955.0,5167000
549,COST,Costco,2025-04-07,908.1300048828125,937.8200073242188,871.7100219726562,887.75,4626600
550,COST,Costco,2025-04-08,908.75,942.989990234375,899.5700073242188,932.0499877929688,3545400
551,COST,Costco,2025-04-09,965.1900024414062,967.4600219726562,897.6699829101562,908.0,5084500
552,COST,Costco,2025-04-10,964.3099975585938,993.4099731445312,942.8900146484375,966.5,4209100
553,COST,Costco,2025-04-11,963.4099731445312,970.2100219726562,943.1599731445312,963.9600219726562,2721800
554,COST,Costco,2025-04-14,979.3200073242188,987.1300048828125,965.0,970.0,2219900
555,COST,Costco,2025-04-15,976.9199829101562,994.0,974.25,985.3499755859375,1788200
556,COST,Costco,2025-04-16,967.75,978.6500244140625,959.239990234375,972.1300048828125,2531700
557,COST,Costco,2025-04-17,994.5,999.9199829101562,971.989990234375,973.280029296875,2705500
558,COST,Costco,2025-04-21,957.77001953125,996.989990234375,942.969970703125,993.0,2841300
559,COST,Costco,2025-04-22,979.22998046875,987.4500122070312,966.780029296875,969.75,2230600
560,COST,Costco,2025-04-23,975.8400268554688,995.75,969.0,994.52001953125,2109700
561,COST,Costco,2025-04-24,975.47998046875,978.0,960.7100219726562,973.5999755859375,2468500
562,COST,Costco,2025-04-25,977.1599731445312,978.3200073242188,962.8800048828125,973.969970703125,1780900
563,COST,Costco,2025-04-28,978.5399780273438,985.2999877929688,968.780029296875,978.5,1616200
564,COST,Costco,2025-04-29,991.7000122070312,993.2100219726562,971.0599975585938,978.0,1523100
565,COST,Costco,2025-04-30,994.5,997.760009765625,976.5499877929688,990.0,2212400
566,COST,Costco,2025-05-01,999.0399780273438,1006.3800048828125,985.0,990.0999755859375,1829900
567,CRM,Salesforce,2025-04-02,271.114013671875,273.20073120113113,265.33308855435763,265.54275057259247,5396900
568,CRM,Salesforce,2025-04-03,254.82958984375,262.15808639956623,254.05081472979737,259.73190590644856,8872600
569,CRM,Salesforce,2025-04-04,240.38229370117188,249.89734195588392,239.15422757318362,247.31140876687937,9705000
570,CRM,Salesforce,2025-04-07,243.82688903808594,252.5531679393751,229.63917504194276,229.63917504194276,11965200
571,CRM,Salesforce,2025-04-08,243.60723876953125,256.98622625389385,239.89307341360578,253.55160518583386,9340300
572,CRM,Salesforce,2025-04-09,264.7540283203125,267.74932207428515,240.52208235006336,240.52208235006336,12491100
573,CRM,Salesforce,2025-04-10,255.1199951171875,261.239990234375,248.1300048828125,260.0,9692300
574,CRM,Salesforce,2025-04-11,255.0,256.4100036621094,247.67999267578125,254.27000427246094,6089000
575,CRM,Salesforce,2025-04-14,254.5500030517578,260.0,253.13999938964844,260.0,6038100
576,CRM,Salesforce,2025-04-15,254.92999267578125,256.7200012207031,253.8000030517578,254.3699951171875,5227700
577,CRM,Salesforce,2025-04-16,249.83999633789062,256.6099853515625,246.69000244140625,251.92999267578125,7190900
578,CRM,Salesforce,2025-04-17,247.25999450683594,251.55999755859375,246.8000030517578,249.77000427246094,5564400
579,CRM,Salesforce,2025-04-21,236.25999450683594,242.47999572753906,232.77000427246094,240.42999267578125,9240000
580,CRM,Salesforce,2025-04-22,243.38999938964844,244.22000122070312,235.60000610351562,238.22999572753906,7145300
581,CRM,Salesforce,2025-04-23,250.47999572753906,257.7900085449219,249.5,252.61000061035156,5818900
582,CRM,Salesforce,2025-04-24,264.70001220703125,264.9800109863281,257.0,258.20001220703125,7857600
583,CRM,Salesforce,2025-04-25,267.8500061035156,269.0299987792969,264.20001220703125,264.7200012207031,5651700
584,CRM,Salesforce,2025-04-28,265.6400146484375,269.5,263.3299865722656,268.1499938964844,4977700
585,CRM,Salesforce,2025-04-29,267.760009765625,268.5799865722656,265.1700134277344,265.3999938964844,3139800
586,CRM,Salesforce,2025-04-30,268.7099914550781,268.8699951171875,263.0,264.79998779296875,4624100
587,CRM,Salesforce,2025-05-01,269.3299865722656,274.6000061035156,269.0,273.3999938964844,5208900
588,CSCO,Cisco,2025-04-02,61.40999984741211,61.459667481760484,60.69477378672325,60.7941128448176,18610700
589,CSCO,Cisco,2025-04-03,57.310001373291016,59.91999816894531,57.2599983215332,59.380001068115234,40006300
590,CSCO,Cisco,2025-04-04,54.540000915527344,57.470001220703125,54.439998626708984,56.65999984741211,42924400
591,CSCO,Cisco,2025-04-07,54.40999984741211,56.119998931884766,52.11000061035156,53.380001068115234,46816200
592,CSCO,Cisco,2025-04-08,53.189998626708984,55.869998931884766,52.720001220703125,54.7400016784668,37377000
593,CSCO,Cisco,2025-04-09,58.130001068115234,58.43000030517578,52.66999816894531,53.08000183105469,53380800
594,CSCO,Cisco,2025-04-10,56.59000015258789,57.939998626708984,55.0,57.81999969482422,31964600
595,CSCO,Cisco,2025-04-11,57.33000183105469,57.79999923706055,56.279998779296875,56.66999816894531,23036900
596,CSCO,Cisco,2025-04-14,57.40999984741211,58.209999084472656,57.099998474121094,57.88999938964844,15657700
597,CSCO,Cisco,2025-04-15,57.20000076293945,57.90999984741211,57.060001373291016,57.869998931884766,18543600
598,CSCO,Cisco,2025-04-16,55.7599983215332,57.08000183105469,55.41999816894531,56.56999969482422,20551300
599,CSCO,Cisco,2025-04-17,55.7599983215332,56.40999984741211,55.689998626708984,56.20000076293945,15874300
600,CSCO,Cisco,2025-04-21,54.369998931884766,55.33000183105469,53.83000183105469,55.15999984741211,15578800
601,CSCO,Cisco,2025-04-22,55.040000915527344,55.279998779296875,54.59000015258789,55.220001220703125,19961800
602,CSCO,Cisco,2025-04-23,55.630001068115234,56.97999954223633,55.5,56.150001525878906,30231500
603,CSCO,Cisco,2025-04-24,56.290000915527344,56.56999969482422,55.15999984741211,55.29999923706055,22782300
604,CSCO,Cisco,2025-04-25,56.709999084472656,56.779998779296875,56.06999969482422,56.209999084472656,16493500
605,CSCO,Cisco,2025-04-28,56.84000015258789,57.33000183105469,56.41999816894531,56.529998779296875,23140600
606,CSCO,Cisco,2025-04-29,57.34000015258789,57.4900016784668,56.630001068115234,56.689998626708984,13466000
607,CSCO,Cisco,2025-04-30,57.72999954223633,57.90999984741211,56.459999084472656,57.099998474121094,19921200
608,CSCO,Cisco,2025-05-01,58.119998931884766,58.470001220703125,57.68000030517578,57.779998779296875,16420800
609,CVS,CVS Health,2025-04-02,67.37541198730469,67.47439007489417,66.48459409591126,66.82112865556834,6405700
610,CVS,CVS Health,2025-04-03,66.82112121582031,68.4740785043138,64.92070740858846,65.29683467171279,12204200
611,CVS,CVS Health,2025-04-04,63.010406494140625,66.29653233765846,62.852039302048226,64.95040931698719,13295600
612,CVS,CVS Health,2025-04-07,63.19846725463867,64.08928508269918,59.714388978999644,61.36734633401311,13158500
613,CVS,CVS Health,2025-04-08,66.93989562988281,70.72091575797093,66.21734883413744,70.38438876851004,24570300
614,CVS,CVS Health,2025-04-09,69.46387481689453,70.49326343318839,65.7026474708802,65.76204035843585,17725000
615,CVS,CVS Health,2025-04-10,68.26622772216797,70.16663412941074,67.64265144211933,68.96898193886054,15828700
616,CVS,CVS Health,2025-04-11,68.80072021484375,69.27581805313775,67.30612618080819,68.29592215405538,12537400
617,CVS,CVS Health,2025-04-14,68.4938735961914,69.30550593612075,68.12765394437837,69.28571334070253,12125900
618,CVS,CVS Health,2025-04-15,68.21673583984375,68.99867555544935,67.7812307519253,68.83041205440031,11114400
619,CVS,CVS Health,2025-04-16,67.85051727294922,69.09765476739022,67.50408263961603,68.50377869124536,6899900
620,CVS,CVS Health,2025-04-17,66.6033706665039,67.13786138797484,63.34694107089305,64.75244951353297,16054400
621,CVS,CVS Health,2025-04-21,64.50499725341797,66.75183818443574,63.79234299426772,66.61326736199469,9699600
622,CVS,CVS Health,2025-04-22,65.44999694824219,65.75,64.30000305175781,64.81999969482422,9118100
623,CVS,CVS Health,2025-04-23,65.56999969482422,66.43000030517578,64.83000183105469,65.5199966430664,10834800
624,CVS,CVS Health,2025-04-24,65.91999816894531,65.98999786376953,65.20999908447266,65.80000305175781,7014000
625,CVS,CVS Health,2025-04-25,65.31999969482422,65.98999786376953,64.93000030517578,65.87000274658203,5022300
626,CVS,CVS Health,2025-04-28,64.93000030517578,66.1500015258789,64.19999694824219,65.55000305175781,7700100
627,CVS,CVS Health,2025-04-29,65.02999877929688,65.41000366210938,64.41999816894531,64.87999725341797,9314700
628,CVS,CVS Health,2025-04-30,66.70999908447266,66.81999969482422,65.36000061035156,65.75,12539500
629,CVS,CVS Health,2025-05-01,69.44999694824219,72.51000213623047,69.2699966430664,72.5,20880100
630,CVX,Chevron Corporation,2025-04-02,166.47000122070312,167.97999572753906,165.85000610351562,167.39999389648438,7044900
631,CVX,Chevron Corporation,2025-04-03,156.1199951171875,161.35000610351562,155.8000030517578,160.1199951171875,15501000
632,CVX,Chevron Corporation,2025-04-04,143.27999877929688,152.4600067138672,142.75,151.75999450683594,20374700
633,CVX,Chevron Corporation,2025-04-07,140.14999389648438,146.19000244140625,137.2899932861328,138.72999572753906,17817000
634,CVX,Chevron Corporation,2025-04-08,136.92999267578125,144.49000549316406,134.8699951171875,144.14999389648438,12904400
635,CVX,Chevron Corporation,2025-04-09,146.02999877929688,147.47000122070312,133.8800048828125,135.02000427246094,16846800
636,CVX,Chevron Corporation,2025-04-10,134.97999572753906,143.6300048828125,133.4499969482422,143.22000122070312,20991200
637,CVX,Chevron Corporation,2025-04-11,135.6300048828125,137.1199951171875,132.0399932861328,135.00999450683594,17224400
638,CVX,Chevron Corporation,2025-04-14,135.32000732421875,138.5399932861328,134.10000610351562,138.47999572753906,9628200
639,CVX,Chevron Corporation,2025-04-15,134.5399932861328,136.6300048828125,134.25,134.32000732421875,9334800
640,CVX,Chevron Corporation,2025-04-16,135.36000061035156,137.5500030517578,134.8000030517578,135.39999389648438,8637200
641,CVX,Chevron Corporation,2025-04-17,137.8699951171875,140.24000549316406,136.4499969482422,136.69000244140625,8424500
642,CVX,Chevron Corporation,2025-04-21,133.72999572753906,136.2899932861328,132.3300018310547,136.02000427246094,9967500
643,CVX,Chevron Corporation,2025-04-22,137.3000030517578,138.24000549316406,134.94000244140625,135.25999450683594,7984700
644,CVX,Chevron Corporation,2025-04-23,136.67999267578125,138.5500030517578,135.14999389648438,137.2100067138672,10002000
645,CVX,Chevron Corporation,2025-04-24,139.07000732421875,139.39999389648438,137.22000122070312,137.9199981689453,7745800
646,CVX,Chevron Corporation,2025-04-25,138.72999572753906,139.0500030517578,137.25,138.3300018310547,6878500
647,CVX,Chevron Corporation,2025-04-28,140.10000610351562,140.4600067138672,138.67999267578125,138.97000122070312,6715500
648,CVX,Chevron Corporation,2025-04-29,139.3000030517578,140.00999450683594,138.57000732421875,138.69000244140625,7343800
649,CVX,Chevron Corporation,2025-04-30,136.05999755859375,138.14999389648438,134.13999938964844,138.0,13858000
650,CVX,Chevron Corporation,2025-05-01,136.25999450683594,137.9499969482422,135.1199951171875,135.4199981689453,10199800
651,DE,John Deere,2025-04-02,470.8999938964844,474.489990234375,464.7799987792969,473.44000244140625,1394700
652,DE,John Deere,2025-04-03,447.45001220703125,463.69000244140625,446.6000061035156,456.54998779296875,2287700
653,DE,John Deere,2025-04-04,429.8599853515625,438.7900085449219,420.0400085449219,426.4599914550781,3609600
654,DE,John Deere,2025-04-07,423.3500061035156,441.0400085449219,412.29998779296875,417.1300048828125,3007400
655,DE,John Deere,2025-04-08,412.989990234375,435.5899963378906,406.0799865722656,433.4599914550781,1816400
656,DE,John Deere,2025-04-09,452.5899963378906,455.6700134277344,404.4200134277344,407.7200012207031,2914700
657,DE,John Deere,2025-04-10,444.19000244140625,449.2300109863281,428.5299987792969,444.3599853515625,1956600
658,DE,John Deere,2025-04-11,459.1300048828125,463.3800048828125,441.5,444.25,1245100
659,DE,John Deere,2025-04-14,467.6700134277344,472.7799987792969,461.4700012207031,464.3299865722656,1283600
660,DE,John Deere,2025-04-15,461.260009765625,467.1300048828125,460.6499938964844,464.67999267578125,1143600
661,DE,John Deere,2025-04-16,452.4200134277344,461.5899963378906,448.67999267578125,458.0299987792969,1015600
662,DE,John Deere,2025-04-17,452.07000732421875,458.8699951171875,451.5299987792969,455.30999755859375,1044800
663,DE,John Deere,2025-04-21,441.55999755859375,451.8599853515625,435.95001220703125,450.4200134277344,969300
664,DE,John Deere,2025-04-22,454.6600036621094,458.25,446.25,446.25,751600
665,DE,John Deere,2025-04-23,456.44000244140625,471.9599914550781,454.3699951171875,462.95001220703125,1025500
666,DE,John Deere,2025-04-24,464.510009765625,466.510009765625,456.9700012207031,458.5199890136719,828400
667,DE,John Deere,2025-04-25,459.29998779296875,465.9599914550781,457.3399963378906,464.1499938964844,983400
668,DE,John Deere,2025-04-28,460.20001220703125,465.17999267578125,457.0799865722656,459.29998779296875,755100
669,DE,John Deere,2025-04-29,460.6400146484375,462.8999938964844,452.4100036621094,457.4200134277344,799600
670,DE,John Deere,2025-04-30,463.55999755859375,465.2900085449219,452.0,460.45001220703125,1325900
671,DE,John Deere,2025-05-01,480.0199890136719,485.4700012207031,464.25,465.0,1855300
672,DHR,Danaher Corporation,2025-04-02,205.16000366210938,205.47999572753906,199.24000549316406,199.24000549316406,2974500
673,DHR,Danaher Corporation,2025-04-03,197.89999389648438,204.5800018310547,197.5,202.3000030517578,5413100
674,DHR,Danaher Corporation,2025-04-04,181.77000427246094,195.4600067138672,181.1999969482422,195.4600067138672,7117800
675,DHR,Danaher Corporation,2025-04-07,180.6199951171875,187.35000610351562,171.9199981689453,176.4199981689453,8557900
676,DHR,Danaher Corporation,2025-04-08,174.63999938964844,186.5,171.8699951171875,185.0399932861328,5664500
677,DHR,Danaher Corporation,2025-04-09,191.88999938964844,192.86000061035156,171.0,172.05999755859375,8180400
678,DHR,Danaher Corporation,2025-04-10,180.75999450683594,192.4499969482422,175.50999450683594,192.4499969482422,6293500
679,DHR,Danaher Corporation,2025-04-11,188.72999572753906,190.10000610351562,178.77999877929688,181.13999938964844,4764000
680,DHR,Danaher Corporation,2025-04-14,192.97000122070312,193.9499969482422,190.38999938964844,192.88999938964844,4039300
681,DHR,Danaher Corporation,2025-04-15,189.9199981689453,194.99000549316406,188.55999755859375,192.1999969482422,3505100
682,DHR,Danaher Corporation,2025-04-16,190.66000366210938,195.9499969482422,189.1300048828125,192.4600067138672,3620300
683,DHR,Danaher Corporation,2025-04-17,186.8300018310547,189.74000549316406,185.8300018310547,188.99000549316406,3667700
684,DHR,Danaher Corporation,2025-04-21,184.9600067138672,185.63999938964844,181.94000244140625,185.27999877929688,4857600
685,DHR,Danaher Corporation,2025-04-22,192.07000732421875,199.63999938964844,191.82000732421875,198.24000549316406,6687700
686,DHR,Danaher Corporation,2025-04-23,196.30999755859375,205.11000061035156,196.00999450683594,200.02000427246094,6494100
687,DHR,Danaher Corporation,2025-04-24,196.5,196.94000244140625,193.25,196.6999969482422,4453400
688,DHR,Danaher Corporation,2025-04-25,197.13999938964844,198.27999877929688,193.9499969482422,196.64999389648438,2608700
689,DHR,Danaher Corporation,2025-04-28,195.91000366210938,199.44000244140625,194.2899932861328,198.8300018310547,2715100
690,DHR,Danaher Corporation,2025-04-29,198.92999267578125,199.47999572753906,195.0500030517578,196.36000061035156,3719900
691,DHR,Danaher Corporation,2025-04-30,199.3300018310547,199.9600067138672,196.89999389648438,198.7899932861328,3729600
692,DHR,Danaher Corporation,2025-05-01,196.7100067138672,200.32000732421875,196.27999877929688,198.3800048828125,3687500
693,DIS,The Walt Disney Company,2025-04-02,97.87999725341797,98.30999755859375,96.44999694824219,96.62000274658203,7959900
694,DIS,The Walt Disney Company,2025-04-03,88.83999633789062,94.77999877929688,88.61000061035156,94.51000213623047,19353400
695,DIS,The Walt Disney Company,2025-04-04,83.52999877929688,87.54000091552734,83.08000183105469,86.0,22580900
696,DIS,The Walt Disney Company,2025-04-07,83.30000305175781,86.62999725341797,80.0999984741211,80.98999786376953,20456000
697,DIS,The Walt Disney Company,2025-04-08,81.72000122070312,86.94999694824219,80.8499984741211,85.94999694824219,14845600
698,DIS,The Walt Disney Company,2025-04-09,91.44000244140625,92.25,81.19000244140625,81.29000091552734,24970900
699,DIS,The Walt Disney Company,2025-04-10,85.2300033569336,89.01000213623047,83.06999969482422,88.91999816894531,16377000
700,DIS,The Walt Disney Company,2025-04-11,84.88999938964844,85.66999816894531,83.3499984741211,85.11000061035156,10204400
701,DIS,The Walt Disney Company,2025-04-14,84.66000366210938,86.44999694824219,84.02999877929688,85.83000183105469,10841300
702,DIS,The Walt Disney Company,2025-04-15,85.01000213623047,85.9800033569336,84.5199966430664,84.75,7840500
703,DIS,The Walt Disney Company,2025-04-16,82.7699966430664,84.80000305175781,82.01000213623047,84.27999877929688,10144300
704,DIS,The Walt Disney Company,2025-04-17,84.80999755859375,85.77999877929688,83.36000061035156,83.37000274658203,14728100
705,DIS,The Walt Disney Company,2025-04-21,84.0,85.2300033569336,82.9800033569336,84.91000366210938,14166800
706,DIS,The Walt Disney Company,2025-04-22,86.08999633789062,86.55999755859375,84.5999984741211,85.01000213623047,9578500
707,DIS,The Walt Disney Company,2025-04-23,87.29000091552734,89.87000274658203,87.02999877929688,89.02999877929688,12089100
708,DIS,The Walt Disney Company,2025-04-24,90.01000213623047,90.23999786376953,86.7699966430664,87.44999694824219,10310000
709,DIS,The Walt Disney Company,2025-04-25,90.27999877929688,90.33999633789062,89.06999969482422,90.06999969482422,7749600
710,DIS,The Walt Disney Company,2025-04-28,90.16000366210938,91.37000274658203,89.63999938964844,90.44999694824219,8491800
711,DIS,The Walt Disney Company,2025-04-29,91.16999816894531,91.66000366210938,89.76000213623047,89.83000183105469,6359900
712,DIS,The Walt Disney Company,2025-04-30,90.94999694824219,91.19000244140625,88.55999755859375,89.88999938964844,8474800
713,DIS,The Walt Disney Company,2025-05-01,90.80999755859375,91.61000061035156,90.36000061035156,91.2699966430664,7790600
714,DUK,Duke Energy,2025-04-02,120.38999938964844,121.38999938964844,119.9000015258789,121.05999755859375,2541700
715,DUK,Duke Energy,2025-04-03,124.05000305175781,124.66999816894531,121.62999725341797,123.0,7427100
716,DUK,Duke Energy,2025-04-04,118.93000030517578,125.2699966430664,117.86000061035156,125.0,8332600
717,DUK,Duke Energy,2025-04-07,116.86000061035156,120.31999969482422,115.70999908447266,117.72000122070312,7214800
718,DUK,Duke Energy,2025-04-08,115.94999694824219,118.36000061035156,114.69999694824219,118.16999816894531,4976200
719,DUK,Duke Energy,2025-04-09,116.30999755859375,117.83999633789062,112.06999969482422,114.75,7414700
720,DUK,Duke Energy,2025-04-10,116.83999633789062,118.0,114.62000274658203,116.30999755859375,6360400
721,DUK,Duke Energy,2025-04-11,118.94000244140625,119.33000183105469,115.5199966430664,116.87999725341797,6054400
722,DUK,Duke Energy,2025-04-14,120.5999984741211,121.19000244140625,118.06999969482422,118.69000244140625,3226200
723,DUK,Duke Energy,2025-04-15,120.48999786376953,121.75,120.33999633789062,121.06999969482422,2340900
724,DUK,Duke Energy,2025-04-16,120.3499984741211,121.9800033569336,120.06999969482422,121.48999786376953,2506800
725,DUK,Duke Energy,2025-04-17,121.80000305175781,123.55000305175781,120.5,120.94000244140625,3409800
726,DUK,Duke Energy,2025-04-21,120.16999816894531,121.94999694824219,118.98999786376953,121.58000183105469,3076200
727,DUK,Duke Energy,2025-04-22,122.52999877929688,122.88999938964844,120.5,121.37999725341797,3522600
728,DUK,Duke Energy,2025-04-23,121.41999816894531,122.12000274658203,120.04000091552734,121.20999908447266,4036000
729,DUK,Duke Energy,2025-04-24,120.69999694824219,121.5199966430664,120.16999816894531,121.1500015258789,3199000
730,DUK,Duke Energy,2025-04-25,119.8499984741211,121.2699966430664,119.41999816894531,120.7699966430664,2717200
731,DUK,Duke Energy,2025-04-28,120.66999816894531,120.87999725341797,119.18000030517578,119.98999786376953,2119800
732,DUK,Duke Energy,2025-04-29,121.69999694824219,121.91000366210938,119.37000274658203,120.29000091552734,2323600
733,DUK,Duke Energy,2025-04-30,122.0199966430664,122.4000015258789,120.66000366210938,122.3499984741211,2999000
734,DUK,Duke Energy,2025-05-01,121.33000183105469,122.37000274658203,120.68000030517578,121.80000305175781,2609900
735,EMR,Emerson Electric,2025-04-02,111.54000091552734,111.98999786376953,108.26000213623047,108.33999633789062,2036500
736,EMR,Emerson Electric,2025-04-03,101.88999938964844,107.22000122070312,101.44999694824219,105.98999786376953,3730000
737,EMR,Emerson Electric,2025-04-04,94.56999969482422,97.30999755859375,92.2300033569336,97.05000305175781,5816500
738,EMR,Emerson Electric,2025-04-07,96.97000122070312,99.91000366210938,90.05999755859375,94.0,6936700
739,EMR,Emerson Electric,2025-04-08,94.1500015258789,100.44999694824219,91.94000244140625,99.88999938964844,4819900
740,EMR,Emerson Electric,2025-04-09,104.43000030517578,105.06999969482422,92.36000061035156,93.29000091552734,4978100
741,EMR,Emerson Electric,2025-04-10,99.7300033569336,102.31999969482422,96.01000213623047,101.52999877929688,3565900
742,EMR,Emerson Electric,2025-04-11,100.48999786376953,101.3499984741211,97.61000061035156,99.19000244140625,3621100
743,EMR,Emerson Electric,2025-04-14,101.04000091552734,102.16000366210938,99.73999786376953,102.16000366210938,3388000
744,EMR,Emerson Electric,2025-04-15,100.44000244140625,101.63999938964844,99.87999725341797,100.86000061035156,2972500
745,EMR,Emerson Electric,2025-04-16,98.66999816894531,100.36000061035156,97.72000122070312,99.5199966430664,2460400
746,EMR,Emerson Electric,2025-04-17,99.56999969482422,101.05000305175781,99.19999694824219,99.19999694824219,2878400
747,EMR,Emerson Electric,2025-04-21,96.41999816894531,98.54000091552734,95.30999755859375,97.88999938964844,2721600
748,EMR,Emerson Electric,2025-04-22,99.79000091552734,100.11000061035156,97.61000061035156,97.6500015258789,2797700
749,EMR,Emerson Electric,2025-04-23,101.06999969482422,106.79000091552734,100.79000091552734,103.30999755859375,3838100
750,EMR,Emerson Electric,2025-04-24,105.05000305175781,105.23999786376953,100.69000244140625,101.05000305175781,2762700
751,EMR,Emerson Electric,2025-04-25,105.27999877929688,105.97000122070312,104.5199966430664,104.62000274658203,2636100
752,EMR,Emerson Electric,2025-04-28,104.5,106.30000305175781,103.41999816894531,105.12000274658203,2676500
753,EMR,Emerson Electric,2025-04-29,105.08999633789062,105.4000015258789,103.80000305175781,104.30999755859375,1635300
754,EMR,Emerson Electric,2025-04-30,105.11000061035156,105.33000183105469,102.83999633789062,103.88999938964844,3842100
755,EMR,Emerson Electric,2025-05-01,105.80999755859375,107.0199966430664,104.5199966430664,105.63999938964844,2687200
756,FDX,FedEx,2025-04-02,245.1699981689453,245.72000122070312,240.3300018310547,240.5500030517578,990900
757,FDX,FedEx,2025-04-03,215.86000061035156,232.88999938964844,213.6699981689453,230.17999267578125,5066500
758,FDX,FedEx,2025-04-04,210.1199951171875,214.0,203.89999389648438,212.0,3618500
759,FDX,FedEx,2025-04-07,205.22999572753906,215.74000549316406,199.60000610351562,203.7100067138672,3023800
760,FDX,FedEx,2025-04-08,198.07000732421875,211.35000610351562,195.52999877929688,208.8000030517578,2407600
761,FDX,FedEx,2025-04-09,217.94000244140625,221.1999969482422,194.3000030517578,194.33999633789062,3529100
762,FDX,FedEx,2025-04-10,206.39999389648438,213.49000549316406,201.38999938964844,212.4499969482422,2807500
763,FDX,FedEx,2025-04-11,207.77000427246094,209.0,199.85000610351562,204.7899932861328,2198000
764,FDX,FedEx,2025-04-14,210.4499969482422,214.17999267578125,209.3000030517578,211.75999450683594,1507200
765,FDX,FedEx,2025-04-15,207.35000610351562,210.75,206.3300018310547,209.94000244140625,1081300
766,FDX,FedEx,2025-04-16,203.55999755859375,207.0,201.02999877929688,205.5,1272400
767,FDX,FedEx,2025-04-17,207.5500030517578,209.85000610351562,204.75,205.07000732421875,1107000
768,FDX,FedEx,2025-04-21,205.1199951171875,206.3000030517578,201.10000610351562,206.3000030517578,1182100
769,FDX,FedEx,2025-04-22,206.57000732421875,209.11000061035156,204.11000061035156,206.8000030517578,1369500
770,FDX,FedEx,2025-04-23,211.0399932861328,218.49000549316406,210.1300048828125,212.1999969482422,1365800
771,FDX,FedEx,2025-04-24,215.69000244140625,216.00999450683594,208.88999938964844,210.0,1132800
772,FDX,FedEx,2025-04-25,211.55999755859375,213.6199951171875,208.02999877929688,213.17999267578125,1328900
773,FDX,FedEx,2025-04-28,211.5,214.0500030517578,209.5500030517578,212.97999572753906,1360800
774,FDX,FedEx,2025-04-29,209.85000610351562,211.05999755859375,207.80999755859375,208.22000122070312,1647300
775,FDX,FedEx,2025-04-30,210.3300018310547,210.61000061035156,204.3300018310547,207.5,1278900
776,FDX,FedEx,2025-05-01,210.05999755859375,211.88999938964844,207.83999633789062,210.32000732421875,1368400
777,GD,General Dynamics,2025-04-02,274.5167236328125,276.7343982926319,269.75314802340534,270.2305101419227,1350000
778,GD,General Dynamics,2025-04-03,268.13214111328125,277.5498836755451,267.5056128097446,272.41835465273505,1416700
779,GD,General Dynamics,2025-04-04,248.63034057617188,264.2636077936243,248.3717808217506,263.4978375343887,3232200
780,GD,General Dynamics,2025-04-07,246.31320190429688,251.85247184627656,237.8800019626322,243.30987831874165,2328400
781,GD,General Dynamics,2025-04-08,252.99612426757812,259.54975466232673,250.27125427363484,255.60166132005986,2277200
782,GD,General Dynamics,2025-04-09,270.0216369628906,271.24486027406255,248.54084320084155,248.54084320084155,2676600
783,GD,General Dynamics,2025-04-10,270.32000732421875,273.0945892551448,261.5785051896497,267.51556180881596,2094300
784,GD,General Dynamics,2025-04-11,276.6499938964844,277.7699890136719,267.2300109863281,270.32000732421875,1568500
785,GD,General Dynamics,2025-04-14,278.7799987792969,280.3900146484375,273.8900146484375,276.8299865722656,1244600
786,GD,General Dynamics,2025-04-15,277.1400146484375,280.92999267578125,276.32000732421875,277.9100036621094,1544800
787,GD,General Dynamics,2025-04-16,276.6300048828125,280.7900085449219,275.2099914550781,277.55999755859375,1964500
788,GD,General Dynamics,2025-04-17,276.0799865722656,278.4100036621094,273.3500061035156,275.5400085449219,1722000
789,GD,General Dynamics,2025-04-21,273.17999267578125,276.260009765625,270.6000061035156,275.010009765625,1423100
790,GD,General Dynamics,2025-04-22,274.79998779296875,275.6700134277344,266.8900146484375,271.67999267578125,3048600
791,GD,General Dynamics,2025-04-23,265.7300109863281,272.8800048828125,263.6000061035156,271.6300048828125,2245700
792,GD,General Dynamics,2025-04-24,271.7099914550781,272.2699890136719,262.8399963378906,264.92999267578125,1835000
793,GD,General Dynamics,2025-04-25,271.9700012207031,273.5199890136719,268.17999267578125,273.3299865722656,947600
794,GD,General Dynamics,2025-04-28,271.94000244140625,275.1000061035156,269.6300048828125,272.92999267578125,1031000
795,GD,General Dynamics,2025-04-29,272.0799865722656,273.3999938964844,270.9200134277344,272.0,1002000
796,GD,General Dynamics,2025-04-30,272.1199951171875,273.0299987792969,268.2900085449219,272.8500061035156,1388800
797,GD,General Dynamics,2025-05-01,271.510009765625,273.2799987792969,269.239990234375,271.510009765625,1319900
798,GE,GE Aerospace,2025-04-02,199.77000427246094,202.19000244140625,198.42999267578125,199.47999572753906,6026500
799,GE,GE Aerospace,2025-04-03,187.6300048828125,194.14999389648438,186.72000122070312,189.83999633789062,12750500
800,GE,GE Aerospace,2025-04-04,166.80999755859375,183.16000366210938,165.4199981689453,179.67999267578125,18167100
801,GE,GE Aerospace,2025-04-07,167.6999969482422,175.33999633789062,159.36000061035156,163.2100067138672,18545500
802,GE,GE Aerospace,2025-04-08,169.3699951171875,178.35000610351562,166.36000061035156,176.0,11903400
803,GE,GE Aerospace,2025-04-09,187.27000427246094,189.11000061035156,165.6999969482422,165.80999755859375,12548600
804,GE,GE Aerospace,2025-04-10,181.50999450683594,185.41000366210938,175.9600067138672,181.89999389648438,8150900
805,GE,GE Aerospace,2025-04-11,181.6699981689453,184.25,175.0500030517578,179.00999450683594,6491100
806,GE,GE Aerospace,2025-04-14,186.0,187.61000061035156,183.8300018310547,185.35000610351562,5319100
807,GE,GE Aerospace,2025-04-15,185.6699981689453,188.44000244140625,182.2899932861328,183.8800048828125,4999300
808,GE,GE Aerospace,2025-04-16,182.4499969482422,185.8800048828125,181.27999877929688,184.07000732421875,5128000
809,GE,GE Aerospace,2025-04-17,181.7899932861328,184.24000549316406,181.58999633789062,183.38999938964844,4928200
810,GE,GE Aerospace,2025-04-21,178.35000610351562,180.7899932861328,176.02000427246094,179.2899932861328,8501600
811,GE,GE Aerospace,2025-04-22,189.17999267578125,190.0,182.10000610351562,186.5,13041000
812,GE,GE Aerospace,2025-04-23,193.67999267578125,197.02999877929688,192.57000732421875,195.94000244140625,7235700
813,GE,GE Aerospace,2025-04-24,197.41000366210938,197.6999969482422,194.0500030517578,194.3300018310547,5906300
814,GE,GE Aerospace,2025-04-25,198.42999267578125,199.99000549316406,197.25999450683594,198.6999969482422,4390600
815,GE,GE Aerospace,2025-04-28,200.86000061035156,201.47999572753906,198.60000610351562,199.5,3416900
816,GE,GE Aerospace,2025-04-29,200.5,202.42999267578125,199.64999389648438,200.49000549316406,3444200
817,GE,GE Aerospace,2025-04-30,201.5399932861328,202.02999877929688,196.86000061035156,198.60000610351562,4436300
818,GE,GE Aerospace,2025-05-01,203.61000061035156,205.24000549316406,200.86000061035156,202.25,4687600
819,GILD,Gilead Sciences,2025-04-02,111.88999938964844,112.0199966430664,110.47000122070312,111.12999725341797,7444300
820,GILD,Gilead Sciences,2025-04-03,112.38999938964844,114.75,112.27999877929688,113.0199966430664,10045200
821,GILD,Gilead Sciences,2025-04-04,107.25,112.87000274658203,107.12000274658203,110.51000213623047,12920000
822,GILD,Gilead Sciences,2025-04-07,105.5199966430664,109.0,103.31999969482422,104.75,14202800
823,GILD,Gilead Sciences,2025-04-08,103.19000244140625,107.47000122070312,101.80000305175781,105.4000015258789,11293700
824,GILD,Gilead Sciences,2025-04-09,105.25,107.45999908447266,97.31999969482422,97.97000122070312,19225200
825,GILD,Gilead Sciences,2025-04-10,101.4000015258789,105.0,99.25,104.81999969482422,14193700
826,GILD,Gilead Sciences,2025-04-11,103.62999725341797,104.79000091552734,100.76000213623047,102.18000030517578,8683700
827,GILD,Gilead Sciences,2025-04-14,106.5,107.18000030517578,103.9800033569336,103.9800033569336,6335100
828,GILD,Gilead Sciences,2025-04-15,105.68000030517578,106.5,104.87000274658203,106.4000015258789,7577300
829,GILD,Gilead Sciences,2025-04-16,104.87999725341797,106.4000015258789,104.3499984741211,105.93000030517578,7115800
830,GILD,Gilead Sciences,2025-04-17,104.54000091552734,105.75,103.5199966430664,104.73999786376953,8066400
831,GILD,Gilead Sciences,2025-04-21,104.33000183105469,105.2300033569336,103.08999633789062,104.0999984741211,6721000
832,GILD,Gilead Sciences,2025-04-22,105.51000213623047,106.44000244140625,104.77999877929688,104.9000015258789,7540700
833,GILD,Gilead Sciences,2025-04-23,106.37999725341797,106.63999938964844,99.31999969482422,105.94999694824219,8178700
834,GILD,Gilead Sciences,2025-04-24,106.1500015258789,107.55999755859375,105.73999786376953,106.11000061035156,10133200
835,GILD,Gilead Sciences,2025-04-25,103.16999816894531,104.19999694824219,93.37000274658203,102.68000030517578,14208000
836,GILD,Gilead Sciences,2025-04-28,106.33999633789062,106.54000091552734,103.13999938964844,103.86000061035156,9458900
837,GILD,Gilead Sciences,2025-04-29,104.20999908447266,107.16999816894531,104.11000061035156,105.68000030517578,7646100
838,GILD,Gilead Sciences,2025-04-30,106.54000091552734,106.80999755859375,103.80000305175781,105.33000183105469,9628500
839,GILD,Gilead Sciences,2025-05-01,103.25,105.86000061035156,103.16000366210938,105.51000213623047,7270900
840,GM,General Motors,2025-04-02,47.97999954223633,48.27000045776367,46.869998931884766,46.869998931884766,12305600
841,GM,General Motors,2025-04-03,45.900001525878906,47.779998779296875,45.849998474121094,46.95000076293945,18871200
842,GM,General Motors,2025-04-04,44.18000030517578,44.72999954223633,42.72999954223633,44.459999084472656,26717400
843,GM,General Motors,2025-04-07,43.529998779296875,45.349998474121094,41.599998474121094,41.75,25522100
844,GM,General Motors,2025-04-08,42.47999954223633,45.400001525878906,41.939998626708984,44.939998626708984,16415600
845,GM,General Motors,2025-04-09,45.7400016784668,46.29999923706055,41.63999938964844,41.86000061035156,23918100
846,GM,General Motors,2025-04-10,43.72999954223633,44.459999084472656,42.619998931884766,44.15999984741211,17437900
847,GM,General Motors,2025-04-11,43.630001068115234,43.939998626708984,42.75,43.5,10735600
848,GM,General Motors,2025-04-14,45.13999938964844,45.869998931884766,43.11000061035156,43.869998931884766,22020900
849,GM,General Motors,2025-04-15,44.540000915527344,44.869998931884766,44.130001068115234,44.20000076293945,9799300
850,GM,General Motors,2025-04-16,44.220001220703125,45.060001373291016,43.88999938964844,44.36000061035156,9877000
851,GM,General Motors,2025-04-17,44.56999969482422,45.279998779296875,43.93000030517578,44.27000045776367,11707500
852,GM,General Motors,2025-04-21,44.38999938964844,44.689998626708984,43.77000045776367,44.470001220703125,6424600
853,GM,General Motors,2025-04-22,45.15999984741211,45.650001525878906,44.7400016784668,45.099998474121094,8438500
854,GM,General Motors,2025-04-23,45.84000015258789,47.41999816894531,45.68000030517578,46.5,9032800
855,GM,General Motors,2025-04-24,46.880001068115234,47.06999969482422,45.84000015258789,46.209999084472656,7509200
856,GM,General Motors,2025-04-25,47.11000061035156,47.560001373291016,46.540000915527344,46.540000915527344,8108100
857,GM,General Motors,2025-04-28,47.2400016784668,47.810001373291016,46.650001525878906,47.20000076293945,15269800
858,GM,General Motors,2025-04-29,46.939998626708984,47.459999084472656,45.34000015258789,45.90999984741211,24183100
859,GM,General Motors,2025-04-30,45.2400016784668,46.540000915527344,44.720001220703125,46.209999084472656,17948600
860,GM,General Motors,2025-05-01,45.04999923706055,46.540000915527344,44.720001220703125,46.5,15875500
861,GOOG,Alphabet Inc.,2025-04-02,158.86000061035156,160.27499389648438,156.52999877929688,156.9600067138672,17113300
862,GOOG,Alphabet Inc.,2025-04-03,152.6300048828125,154.68699645996094,152.17999267578125,152.8350067138672,28416100
863,GOOG,Alphabet Inc.,2025-04-04,147.74000549316406,153.08999633789062,147.5399932861328,149.89999389648438,39832200
864,GOOG,Alphabet Inc.,2025-04-07,149.24000549316406,154.92999267578125,142.66000366210938,143.38999938964844,47823000
865,GOOG,Alphabet Inc.,2025-04-08,146.5800018310547,154.44000244140625,145.2100067138672,153.5749969482422,35304400
866,GOOG,Alphabet Inc.,2025-04-09,161.05999755859375,161.8699951171875,145.80999755859375,146.3300018310547,46479500
867,GOOG,Alphabet Inc.,2025-04-10,155.3699951171875,160.02999877929688,152.1999969482422,158.75999450683594,35270500
868,GOOG,Alphabet Inc.,2025-04-11,159.39999389648438,159.86000061035156,155.5850067138672,155.5850067138672,22582000
869,GOOG,Alphabet Inc.,2025-04-14,161.47000122070312,164.02999877929688,159.9199981689453,162.30999755859375,18255900
870,GOOG,Alphabet Inc.,2025-04-15,158.67999267578125,162.0500030517578,157.64500427246094,161.57000732421875,15690800
871,GOOG,Alphabet Inc.,2025-04-16,155.5,158.17999267578125,153.91000366210938,155.47000122070312,16921500
872,GOOG,Alphabet Inc.,2025-04-17,153.36000061035156,157.07000732421875,150.89999389648438,156.61000061035156,19513400
873,GOOG,Alphabet Inc.,2025-04-21,149.86000061035156,151.05999755859375,148.39999389648438,150.96499633789062,16147800
874,GOOG,Alphabet Inc.,2025-04-22,153.89999389648438,154.61000061035156,150.8699951171875,151.07000732421875,15910300
875,GOOG,Alphabet Inc.,2025-04-23,157.72000122070312,160.02000427246094,156.35000610351562,157.91000366210938,18575700
876,GOOG,Alphabet Inc.,2025-04-24,161.47000122070312,161.7100067138672,158.08999633789062,158.52499389648438,30787500
877,GOOG,Alphabet Inc.,2025-04-25,163.85000610351562,168.24000549316406,163.0,167.10000610351562,35148100
878,GOOG,Alphabet Inc.,2025-04-28,162.4199981689453,164.9499969482422,160.3800048828125,164.25999450683594,20871200
879,GOOG,Alphabet Inc.,2025-04-29,162.05999755859375,162.67999267578125,159.38999938964844,162.0449981689453,15955200
880,GOOG,Alphabet Inc.,2025-04-30,160.88999938964844,161.37399291992188,157.15499877929688,159.86000061035156,20639500
881,GOOG,Alphabet Inc.,2025-05-01,162.7899932861328,163.94000244140625,160.92999267578125,162.52000427246094,21904300
882,GOOGL,Alphabet Inc.,2025-04-02,157.0399932861328,158.41000366210938,154.6999969482422,155.14999389648438,25041700
883,GOOGL,Alphabet Inc.,2025-04-03,150.72000122070312,152.77999877929688,150.38999938964844,151.11000061035156,46883400
884,GOOGL,Alphabet Inc.,2025-04-04,145.60000610351562,151.07000732421875,145.3800048828125,148.00999450683594,62259500
885,GOOGL,Alphabet Inc.,2025-04-07,146.75,152.85000610351562,140.52999877929688,141.5500030517578,76794100
886,GOOGL,Alphabet Inc.,2025-04-08,144.6999969482422,152.24000549316406,143.02999877929688,151.22000122070312,52200200
887,GOOGL,Alphabet Inc.,2025-04-09,158.7100067138672,159.5500030517578,143.91000366210938,144.4199981689453,70406200
888,GOOGL,Alphabet Inc.,2025-04-10,152.82000732421875,157.72000122070312,149.92999267578125,156.5399932861328,48022000
889,GOOGL,Alphabet Inc.,2025-04-11,157.13999938964844,157.6699981689453,152.82000732421875,152.89999389648438,33636200
890,GOOGL,Alphabet Inc.,2025-04-14,159.07000732421875,161.72000122070312,157.55999755859375,160.0,30333000
891,GOOGL,Alphabet Inc.,2025-04-15,156.30999755859375,159.64999389648438,155.2100067138672,159.1300048828125,27551500
892,GOOGL,Alphabet Inc.,2025-04-16,153.3300018310547,155.88999938964844,151.50999450683594,153.10000610351562,28187400
893,GOOGL,Alphabet Inc.,2025-04-17,151.16000366210938,154.67999267578125,148.5,154.2899932861328,32938500
894,GOOGL,Alphabet Inc.,2025-04-21,147.6699981689453,148.9499969482422,146.10000610351562,148.8800048828125,26049100
895,GOOGL,Alphabet Inc.,2025-04-22,151.47000122070312,152.19000244140625,148.5399932861328,148.88999938964844,26971800
896,GOOGL,Alphabet Inc.,2025-04-23,155.35000610351562,157.52999877929688,153.80999755859375,155.61000061035156,31128800
897,GOOGL,Alphabet Inc.,2025-04-24,159.27999877929688,159.58999633789062,155.7899932861328,156.14999389648438,45894000
898,GOOGL,Alphabet Inc.,2025-04-25,161.9600067138672,166.10000610351562,161.0399932861328,165.07000732421875,56034000
899,GOOGL,Alphabet Inc.,2025-04-28,160.61000061035156,163.14999389648438,158.60000610351562,162.42999267578125,29745800
900,GOOGL,Alphabet Inc.,2025-04-29,160.16000366210938,160.74000549316406,157.52000427246094,160.32000732421875,26809000
901,GOOGL,Alphabet Inc.,2025-04-30,158.8000030517578,159.27000427246094,155.39999389648438,157.97999572753906,34981100
902,GOOGL,Alphabet Inc.,2025-05-01,161.3000030517578,161.9499969482422,158.91000366210938,160.4499969482422,30203200
903,GS,Goldman Sachs,2025-04-02,563.0999755859375,567.3200073242188,539.0800170898438,539.7999877929688,2560700
904,GS,Goldman Sachs,2025-04-03,511.2300109863281,529.989990234375,509.55999755859375,525.4299926757812,5193900
905,GS,Goldman Sachs,2025-04-04,470.80999755859375,492.0,460.0,487.0,8105200
906,GS,Goldman Sachs,2025-04-07,465.510009765625,489.9800109863281,439.3800048828125,446.8999938964844,6353800
907,GS,Goldman Sachs,2025-04-08,462.2200012207031,491.9200134277344,452.8299865722656,488.25,4240900
908,GS,Goldman Sachs,2025-04-09,516.8699951171875,522.0,447.1099853515625,451.3599853515625,7024100
909,GS,Goldman Sachs,2025-04-10,489.79998779296875,503.1000061035156,474.0,503.1000061035156,5374500
910,GS,Goldman Sachs,2025-04-11,494.44000244140625,498.5199890136719,478.5799865722656,487.0,3770200
911,GS,Goldman Sachs,2025-04-14,503.9800109863281,512.0,497.1499938964844,510.0,4392600
912,GS,Goldman Sachs,2025-04-15,507.8900146484375,518.6500244140625,507.0,507.4100036621094,2501200
913,GS,Goldman Sachs,2025-04-16,499.04998779296875,509.45001220703125,492.69000244140625,501.7200012207031,2765600
914,GS,Goldman Sachs,2025-04-17,509.489990234375,514.8300170898438,499.1199951171875,503.239990234375,2588000
915,GS,Goldman Sachs,2025-04-21,501.3599853515625,509.2699890136719,494.67999267578125,505.3999938964844,2859300
916,GS,Goldman Sachs,2025-04-22,519.989990234375,521.0,508.92999267578125,510.2300109863281,2514600
917,GS,Goldman Sachs,2025-04-23,529.3099975585938,551.7899780273438,528.260009765625,533.6300048828125,3048100
918,GS,Goldman Sachs,2025-04-24,545.3699951171875,546.8400268554688,523.4199829101562,527.0999755859375,2223600
919,GS,Goldman Sachs,2025-04-25,544.8599853515625,549.0900268554688,541.219970703125,544.5999755859375,1612700
920,GS,Goldman Sachs,2025-04-28,546.4000244140625,554.5,542.469970703125,544.8599853515625,1459700
921,GS,Goldman Sachs,2025-04-29,548.9199829101562,550.8800048828125,541.2999877929688,543.7899780273438,1695600
922,GS,Goldman Sachs,2025-04-30,547.5499877929688,549.52001953125,531.4500122070312,535.760009765625,2438300
923,GS,Goldman Sachs,2025-05-01,553.8300170898438,558.3499755859375,545.5,548.0999755859375,2583000
924,HD,Home Depot,2025-04-02,370.8900146484375,372.30999755859375,362.260009765625,362.55999755859375,3189500
925,HD,Home Depot,2025-04-03,355.9100036621094,360.0400085449219,351.7099914550781,355.7799987792969,5407100
926,HD,Home Depot,2025-04-04,353.8999938964844,365.44000244140625,349.0400085449219,350.7099914550781,7531100
927,HD,Home Depot,2025-04-07,341.510009765625,354.2200012207031,333.5,344.29998779296875,6950500
928,HD,Home Depot,2025-04-08,335.239990234375,354.0,329.739990234375,350.3800048828125,4868000
929,HD,Home Depot,2025-04-09,355.3900146484375,356.0400085449219,326.30999755859375,328.6000061035156,6793000
930,HD,Home Depot,2025-04-10,353.6199951171875,355.2900085449219,339.6600036621094,352.8500061035156,5574800
931,HD,Home Depot,2025-04-11,353.8599853515625,354.4700012207031,344.20001220703125,350.30999755859375,3576400
932,HD,Home Depot,2025-04-14,357.20001220703125,359.0199890136719,353.6000061035156,357.79998779296875,2841800
933,HD,Home Depot,2025-04-15,354.1099853515625,361.44000244140625,353.32000732421875,356.55999755859375,2883100
934,HD,Home Depot,2025-04-16,345.989990234375,353.79998779296875,344.32000732421875,351.8399963378906,2637200
935,HD,Home Depot,2025-04-17,355.05999755859375,357.5,348.3699951171875,348.54998779296875,3231700
936,HD,Home Depot,2025-04-21,346.8999938964844,354.3599853515625,341.79998779296875,354.2900085449219,4015200
937,HD,Home Depot,2025-04-22,354.42999267578125,356.2200012207031,350.4200134277344,351.1600036621094,2802400
938,HD,Home Depot,2025-04-23,356.4200134277344,364.8399963378906,354.8500061035156,361.9200134277344,3283300
939,HD,Home Depot,2025-04-24,359.6400146484375,360.3999938964844,354.6099853515625,356.5,2749500
940,HD,Home Depot,2025-04-25,357.5799865722656,359.0,354.739990234375,357.70001220703125,2811300
941,HD,Home Depot,2025-04-28,356.9200134277344,360.1000061035156,354.510009765625,357.989990234375,2413000
942,HD,Home Depot,2025-04-29,359.0,360.5799865722656,354.7300109863281,355.8900146484375,2836900
943,HD,Home Depot,2025-04-30,360.489990234375,361.2699890136719,352.3800048828125,356.5,3741500
944,HD,Home Depot,2025-05-01,358.29998779296875,362.8800048828125,357.7200012207031,360.30999755859375,3210100
945,HON,Honeywell,2025-04-02,215.99000549316406,216.41000366210938,212.3300018310547,212.49000549316406,3423900
946,HON,Honeywell,2025-04-03,206.67999267578125,216.2899932861328,206.3300018310547,213.58999633789062,6510700
947,HON,Honeywell,2025-04-04,190.99000549316406,204.6300048828125,190.7100067138672,203.25,8445300
948,HON,Honeywell,2025-04-07,187.4600067138672,196.22999572753906,183.38999938964844,190.80999755859375,9352200
949,HON,Honeywell,2025-04-08,182.86000061035156,191.1699981689453,180.8300018310547,188.24000549316406,6952000
950,HON,Honeywell,2025-04-09,199.10000610351562,199.77999877929688,179.36000061035156,180.5,9141300
951,HON,Honeywell,2025-04-10,193.38999938964844,199.5500030517578,188.8000030517578,196.99000549316406,5821300
952,HON,Honeywell,2025-04-11,198.5500030517578,199.41000366210938,191.60000610351562,192.77999877929688,5102900
953,HON,Honeywell,2025-04-14,200.25,201.36000061035156,198.1999969482422,199.02000427246094,4492100
954,HON,Honeywell,2025-04-15,198.80999755859375,202.36000061035156,198.38999938964844,200.8300018310547,3019500
955,HON,Honeywell,2025-04-16,193.27999877929688,198.58999633789062,192.50999450683594,197.5,4128900
956,HON,Honeywell,2025-04-17,196.60000610351562,198.3300018310547,194.97999572753906,195.25,3215600
957,HON,Honeywell,2025-04-21,194.22999572753906,195.8000030517578,192.1199951171875,194.97999572753906,4948500
958,HON,Honeywell,2025-04-22,198.3699951171875,199.64999389648438,195.41000366210938,195.86000061035156,4346700
959,HON,Honeywell,2025-04-23,197.30999755859375,201.27999877929688,196.82000732421875,199.6300048828125,4157700
960,HON,Honeywell,2025-04-24,200.74000549316406,201.60000610351562,196.24000549316406,197.3300018310547,3239700
961,HON,Honeywell,2025-04-25,199.16000366210938,200.5800018310547,197.7899932861328,199.1999969482422,3639000
962,HON,Honeywell,2025-04-28,200.66000366210938,201.72000122070312,197.99000549316406,199.57000732421875,5690600
963,HON,Honeywell,2025-04-29,211.49000549316406,212.42999267578125,206.86000061035156,207.4499969482422,8744600
964,HON,Honeywell,2025-04-30,210.5,211.66000366210938,205.7899932861328,211.1199951171875,5032000
965,HON,Honeywell,2025-05-01,210.74000549316406,211.52999877929688,209.77000427246094,210.39999389648438,3591600
966,IBM,IBM,2025-04-02,249.97999572753906,252.7899932861328,247.22999572753906,248.22000122070312,4080800
967,IBM,IBM,2025-04-03,243.49000549316406,250.61000061035156,242.52999877929688,242.7100067138672,5309600
968,IBM,IBM,2025-04-04,227.47999572753906,240.16000366210938,226.8800048828125,238.0,7407100
969,IBM,IBM,2025-04-07,225.77999877929688,232.2899932861328,214.5,219.24000549316406,7797900
970,IBM,IBM,2025-04-08,221.02999877929688,233.0500030517578,217.27999877929688,232.55999755859375,6850000
971,IBM,IBM,2025-04-09,235.30999755859375,236.3000030517578,215.16000366210938,217.1199951171875,7302800
972,IBM,IBM,2025-04-10,229.5500030517578,232.57000732421875,222.02000427246094,231.0,5656100
973,IBM,IBM,2025-04-11,235.47999572753906,237.5800018310547,227.50999450683594,229.72000122070312,4325900
974,IBM,IBM,2025-04-14,239.05999755859375,241.77000427246094,236.72999572753906,239.77000427246094,3321500
975,IBM,IBM,2025-04-15,240.6999969482422,241.52999877929688,238.27000427246094,239.5500030517578,3363700
976,IBM,IBM,2025-04-16,238.57000732421875,243.3000030517578,235.88999938964844,240.27999877929688,4869900
977,IBM,IBM,2025-04-17,238.80999755859375,241.77999877929688,237.39999389648438,239.67999267578125,4626900
978,IBM,IBM,2025-04-21,236.22000122070312,240.80999755859375,232.92999267578125,238.07000732421875,4908900
979,IBM,IBM,2025-04-22,240.89999389648438,242.63999938964844,238.02000427246094,238.5,4232700
980,IBM,IBM,2025-04-23,245.47999572753906,249.33999633789062,243.66000366210938,246.0,7948300
981,IBM,IBM,2025-04-24,229.3300018310547,232.77999877929688,224.44000244140625,231.17999267578125,15428100
982,IBM,IBM,2025-04-25,232.41000366210938,233.36000061035156,226.32000732421875,228.9499969482422,6700100
983,IBM,IBM,2025-04-28,236.16000366210938,236.6300048828125,232.07000732421875,232.86000061035156,3653500
984,IBM,IBM,2025-04-29,239.38999938964844,239.97999572753906,236.13999938964844,237.0,3426500
985,IBM,IBM,2025-04-30,241.82000732421875,242.47000122070312,234.33999633789062,236.72999572753906,5143000
986,IBM,IBM,2025-05-01,239.66000366210938,242.3699951171875,237.9499969482422,241.44000244140625,4243300
987,INTC,Intel,2025-04-02,21.979999542236328,22.3799991607666,21.700000762939453,21.889999389648438,58878800
988,INTC,Intel,2025-04-03,22.43000030517578,23.899999618530273,20.860000610351562,21.399999618530273,242972100
989,INTC,Intel,2025-04-04,19.850000381469727,22.200000762939453,19.700000762939453,21.700000762939453,175014700
990,INTC,Intel,2025-04-07,19.56999969482422,20.670000076293945,18.559999465942383,19.139999389648438,142491200
991,INTC,Intel,2025-04-08,18.1299991607666,20.389999389648438,17.670000076293945,20.059999465942383,163982700
992,INTC,Intel,2025-04-09,21.530000686645508,21.729999542236328,17.979999542236328,18.06999969482422,224183500
993,INTC,Intel,2025-04-10,19.8799991607666,20.81999969482422,19.15999984741211,20.68000030517578,129064900
994,INTC,Intel,2025-04-11,19.739999771118164,19.799999237060547,18.18000030517578,19.25,128425800
995,INTC,Intel,2025-04-14,20.309999465942383,21.049999237060547,19.979999542236328,20.59000015258789,101964400
996,INTC,Intel,2025-04-15,19.850000381469727,20.469999313354492,19.809999465942383,20.200000762939453,64056900
997,INTC,Intel,2025-04-16,19.229999542236328,19.43000030517578,18.719999313354492,19.34000015258789,89469700
998,INTC,Intel,2025-04-17,18.93000030517578,19.100000381469727,18.559999465942383,18.90999984741211,85433400
999,INTC,Intel,2025-04-21,18.84000015258789,18.989999771118164,18.25,18.93000030517578,72409900
1000,INTC,Intel,2025-04-22,19.510000228881836,19.739999771118164,19.040000915527344,19.059999465942383,83365600
1001,INTC,Intel,2025-04-23,20.59000015258789,21.030000686645508,20.309999465942383,20.719999313354492,97188100
1002,INTC,Intel,2025-04-24,21.489999771118164,21.549999237060547,20.8799991607666,21.040000915527344,117086200
1003,INTC,Intel,2025-04-25,20.049999237060547,20.18000030517578,19.34000015258789,19.729999542236328,147711200
1004,INTC,Intel,2025-04-28,20.510000228881836,21.079999923706055,20.049999237060547,20.1200008392334,96624400
1005,INTC,Intel,2025-04-29,20.34000015258789,20.850000381469727,20.219999313354492,20.309999465942383,70031900
1006,INTC,Intel,2025-04-30,20.100000381469727,20.18000030517578,19.549999237060547,19.709999084472656,68297300
1007,INTC,Intel,2025-05-01,19.979999542236328,20.649999618530273,19.940000534057617,20.219999313354492,72607500
1008,INTU,Intuit,2025-04-02,619.827392578125,623.9102883134938,603.905250763356,604.0050520379905,1604500
1009,INTU,Intuit,2025-04-03,597.4864501953125,615.3452114192316,597.1570085134204,602.9468836207195,2833900
1010,INTU,Intuit,2025-04-04,560.5509643554688,593.1739772911739,559.9619662510526,587.0745841765786,3335200
1011,INTU,Intuit,2025-04-07,555.2701416015625,574.8859046362793,531.7213067615834,547.054510757877,2834700
1012,INTU,Intuit,2025-04-08,543.1213989257812,567.6185904937709,536.6127473163098,563.6455492843945,2764000
1013,INTU,Intuit,2025-04-09,595.4400024414062,597.5064006551702,538.1800256842101,540.59578929257,2883800
1014,INTU,Intuit,2025-04-10,577.469970703125,585.969970703125,558.6599731445312,583.0800170898438,2289100
1015,INTU,Intuit,2025-04-11,587.0399780273438,588.4600219726562,569.469970703125,573.2899780273438,1479900
1016,INTU,Intuit,2025-04-14,593.5499877929688,600.0,585.8200073242188,600.0,1227400
1017,INTU,Intuit,2025-04-15,594.0800170898438,600.5599975585938,591.3499755859375,598.969970703125,1177800
1018,INTU,Intuit,2025-04-16,588.0800170898438,598.0700073242188,581.0800170898438,587.6500244140625,1985500
1019,INTU,Intuit,2025-04-17,585.3800048828125,593.9099731445312,584.8300170898438,592.0,1639800
1020,INTU,Intuit,2025-04-21,568.8400268554688,581.3699951171875,559.0999755859375,578.4299926757812,1502600
1021,INTU,Intuit,2025-04-22,583.5599975585938,584.8400268554688,571.469970703125,574.1799926757812,1467500
1022,INTU,Intuit,2025-04-23,596.0499877929688,608.72998046875,593.8099975585938,597.0,1744800
1023,INTU,Intuit,2025-04-24,614.8300170898438,617.0999755859375,596.6699829101562,598.8300170898438,1601000
1024,INTU,Intuit,2025-04-25,624.1199951171875,625.2100219726562,612.97998046875,616.0599975585938,1540600
1025,INTU,Intuit,2025-04-28,618.22998046875,628.5999755859375,614.5700073242188,623.3200073242188,1357300
1026,INTU,Intuit,2025-04-29,623.1500244140625,624.1900024414062,616.0800170898438,618.6799926757812,843300
1027,INTU,Intuit,2025-04-30,627.469970703125,629.2999877929688,610.219970703125,614.0900268554688,1315400
1028,INTU,Intuit,2025-05-01,623.1900024414062,635.1799926757812,622.4199829101562,624.5,1449900
1029,ISRG,Intuitive Surgical,2025-04-02,507.04998779296875,508.6199951171875,486.42999267578125,488.6000061035156,1432200
1030,ISRG,Intuitive Surgical,2025-04-03,494.6099853515625,504.0899963378906,484.8800048828125,487.5799865722656,2729000
1031,ISRG,Intuitive Surgical,2025-04-04,451.5799865722656,480.55999755859375,451.0199890136719,476.8399963378906,4108600
1032,ISRG,Intuitive Surgical,2025-04-07,463.6199951171875,479.8900146484375,425.0,430.9700012207031,4125800
1033,ISRG,Intuitive Surgical,2025-04-08,457.6300048828125,488.4700012207031,450.9100036621094,479.5799865722656,3157700
1034,ISRG,Intuitive Surgical,2025-04-09,522.9500122070312,529.1900024414062,442.8999938964844,450.0,6038200
1035,ISRG,Intuitive Surgical,2025-04-10,489.5199890136719,510.6000061035156,472.0199890136719,509.0,4056200
1036,ISRG,Intuitive Surgical,2025-04-11,493.6000061035156,496.6099853515625,480.2900085449219,489.2699890136719,2843700
1037,ISRG,Intuitive Surgical,2025-04-14,490.1300048828125,506.1400146484375,487.20001220703125,502.2699890136719,1518100
1038,ISRG,Intuitive Surgical,2025-04-15,488.2699890136719,494.6400146484375,483.69000244140625,487.4599914550781,1733400
1039,ISRG,Intuitive Surgical,2025-04-16,481.3399963378906,492.0400085449219,477.6199951171875,483.8999938964844,1990500
1040,ISRG,Intuitive Surgical,2025-04-17,482.739990234375,489.25,481.3900146484375,484.8500061035156,1619000
1041,ISRG,Intuitive Surgical,2025-04-21,468.32000732421875,478.8999938964844,463.04998779296875,475.94000244140625,2648500
1042,ISRG,Intuitive Surgical,2025-04-22,478.739990234375,482.5899963378906,464.7099914550781,475.5299987792969,3114400
1043,ISRG,Intuitive Surgical,2025-04-23,487.92999267578125,517.3099975585938,485.0899963378906,500.0,3770000
1044,ISRG,Intuitive Surgical,2025-04-24,508.1300048828125,511.760009765625,489.42999267578125,490.82000732421875,2287100
1045,ISRG,Intuitive Surgical,2025-04-25,514.5900268554688,515.3599853515625,505.75,513.1799926757812,2016000
1046,ISRG,Intuitive Surgical,2025-04-28,514.010009765625,518.4000244140625,508.1700134277344,515.9099731445312,1388100
1047,ISRG,Intuitive Surgical,2025-04-29,514.8900146484375,516.780029296875,507.510009765625,512.9000244140625,1321500
1048,ISRG,Intuitive Surgical,2025-04-30,515.7999877929688,517.5999755859375,501.6700134277344,509.989990234375,1652200
1049,ISRG,Intuitive Surgical,2025-05-01,517.1799926757812,524.4400024414062,512.6699829101562,518.1199951171875,1673400
1050,JNJ,Johnson & Johnson,2025-04-02,155.36000061035156,155.7899932861328,153.4499969482422,154.00999450683594,10356900
1051,JNJ,Johnson & Johnson,2025-04-03,159.82000732421875,160.64999389648438,157.47999572753906,158.75,13249300
1052,JNJ,Johnson & Johnson,2025-04-04,153.24000549316406,159.82000732421875,152.92999267578125,159.16000366210938,16601700
1053,JNJ,Johnson & Johnson,2025-04-07,150.6199951171875,152.7100067138672,147.39999389648438,151.27999877929688,18083000
1054,JNJ,Johnson & Johnson,2025-04-08,150.0,153.58999633789062,148.0,153.58999633789062,12018400
1055,JNJ,Johnson & Johnson,2025-04-09,150.97000122070312,153.19000244140625,141.5,142.1999969482422,18773700
1056,JNJ,Johnson & Johnson,2025-04-10,148.69000244140625,151.1999969482422,145.1300048828125,150.3699951171875,13830500
1057,JNJ,Johnson & Johnson,2025-04-11,151.72999572753906,152.35000610351562,148.19000244140625,149.3300018310547,9943900
1058,JNJ,Johnson & Johnson,2025-04-14,154.36000061035156,154.6699981689453,151.1699981689453,151.58999633789062,10685300
1059,JNJ,Johnson & Johnson,2025-04-15,153.6199951171875,156.3000030517578,152.10000610351562,155.6999969482422,10847700
1060,JNJ,Johnson & Johnson,2025-04-16,153.91000366210938,155.6300048828125,152.24000549316406,155.3699951171875,7986900
1061,JNJ,Johnson & Johnson,2025-04-17,157.47000122070312,159.44000244140625,154.16000366210938,154.16000366210938,10972400
1062,JNJ,Johnson & Johnson,2025-04-21,156.9199981689453,158.22999572753906,155.49000549316406,157.9600067138672,6285400
1063,JNJ,Johnson & Johnson,2025-04-22,157.75,158.72000122070312,156.25999450683594,157.5500030517578,7136300
1064,JNJ,Johnson & Johnson,2025-04-23,155.3800048828125,157.10000610351562,154.3300018310547,156.49000549316406,9099400
1065,JNJ,Johnson & Johnson,2025-04-24,154.92999267578125,155.89999389648438,153.44000244140625,155.8000030517578,8310400
1066,JNJ,Johnson & Johnson,2025-04-25,154.5800018310547,154.89999389648438,152.4499969482422,154.32000732421875,8643600
1067,JNJ,Johnson & Johnson,2025-04-28,155.35000610351562,155.80999755859375,153.82000732421875,155.5,5815200
1068,JNJ,Johnson & Johnson,2025-04-29,155.91000366210938,157.02000427246094,154.2899932861328,155.4499969482422,5246700
1069,JNJ,Johnson & Johnson,2025-04-30,156.30999755859375,158.1999969482422,155.02000427246094,158.1999969482422,9598200
1070,JNJ,Johnson & Johnson,2025-05-01,154.4600067138672,155.08999633789062,153.36000061035156,155.0,7325800
1071,JPM,JPMorgan Chase,2025-04-02,244.3151397705078,245.73637827854148,239.98183032953702,240.12097266714437,7758800
1072,JPM,JPMorgan Chase,2025-04-03,227.29000854492188,233.70051991765362,225.90851845013046,232.8358507344424,17188500
1073,JPM,JPMorgan Chase,2025-04-04,210.27999877929688,217.6999969482422,208.92999267578125,215.30999755859375,27170700
1074,JPM,JPMorgan Chase,2025-04-07,214.44000244140625,222.0500030517578,202.16000366210938,205.77000427246094,22914400
1075,JPM,JPMorgan Chase,2025-04-08,216.8699951171875,227.83999633789062,213.25,223.52000427246094,19485700
1076,JPM,JPMorgan Chase,2025-04-09,234.33999633789062,237.47999572753906,211.0,212.5,24022400
1077,JPM,JPMorgan Chase,2025-04-10,227.11000061035156,230.35000610351562,220.10000610351562,230.0,18896400
1078,JPM,JPMorgan Chase,2025-04-11,236.1999969482422,238.5800018310547,225.0,226.30999755859375,20284500
1079,JPM,JPMorgan Chase,2025-04-14,234.72000122070312,239.77999877929688,233.6300048828125,237.10000610351562,13017800
1080,JPM,JPMorgan Chase,2025-04-15,233.1300048828125,238.64999389648438,232.82000732421875,236.10000610351562,10912900
1081,JPM,JPMorgan Chase,2025-04-16,229.61000061035156,233.5800018310547,227.92999267578125,232.0,9322300
1082,JPM,JPMorgan Chase,2025-04-17,231.9600067138672,234.33999633789062,230.5500030517578,230.8000030517578,9553800
1083,JPM,JPMorgan Chase,2025-04-21,228.99000549316406,231.80999755859375,226.33999633789062,230.6300048828125,8716200
1084,JPM,JPMorgan Chase,2025-04-22,235.58999633789062,235.99000549316406,231.3699951171875,231.97999572753906,10701400
1085,JPM,JPMorgan Chase,2025-04-23,240.8800048828125,246.7899932861328,240.0,240.22000122070312,14126800
1086,JPM,JPMorgan Chase,2025-04-24,244.63999938964844,245.47000122070312,237.5800018310547,239.74000549316406,9055200
1087,JPM,JPMorgan Chase,2025-04-25,243.5500030517578,245.6199951171875,241.75,244.64999389648438,8588600
1088,JPM,JPMorgan Chase,2025-04-28,243.22000122070312,246.83999633789062,240.83999633789062,244.55999755859375,7394300
1089,JPM,JPMorgan Chase,2025-04-29,244.6199951171875,245.25,241.69000244140625,242.19000244140625,7216800
1090,JPM,JPMorgan Chase,2025-04-30,244.6199951171875,245.22000122070312,238.42999267578125,241.2100067138672,12991700
1091,JPM,JPMorgan Chase,2025-05-01,246.88999938964844,248.4499969482422,242.1699981689453,242.83999633789062,8689600
1092,KO,The Coca-Cola Company,2025-04-02,71.33000183105469,72.36000061035156,71.05000305175781,71.95999908447266,14606500
1093,KO,The Coca-Cola Company,2025-04-03,73.18000030517578,73.94999694824219,72.31999969482422,72.4800033569336,24959600
1094,KO,The Coca-Cola Company,2025-04-04,69.93000030517578,73.01000213623047,69.79000091552734,72.41999816894531,26517300
1095,KO,The Coca-Cola Company,2025-04-07,68.37000274658203,69.37999725341797,66.05000305175781,66.2300033569336,34258400
1096,KO,The Coca-Cola Company,2025-04-08,68.41999816894531,69.9800033569336,67.76000213623047,68.95999908447266,22774400
1097,KO,The Coca-Cola Company,2025-04-09,69.94999694824219,70.47000122070312,67.27999877929688,67.91999816894531,27918700
1098,KO,The Coca-Cola Company,2025-04-10,70.76000213623047,71.20999908447266,68.9800033569336,70.19000244140625,22450200
1099,KO,The Coca-Cola Company,2025-04-11,71.43000030517578,71.8499984741211,70.54000091552734,70.91000366210938,19988200
1100,KO,The Coca-Cola Company,2025-04-14,72.44999694824219,72.66000366210938,70.93000030517578,71.30000305175781,13930200
1101,KO,The Coca-Cola Company,2025-04-15,71.86000061035156,72.62999725341797,71.72000122070312,72.62000274658203,14965500
1102,KO,The Coca-Cola Company,2025-04-16,71.68000030517578,72.66999816894531,71.38999938964844,72.36000061035156,15276200
1103,KO,The Coca-Cola Company,2025-04-17,73.0,73.43000030517578,71.72000122070312,71.9000015258789,20746800
1104,KO,The Coca-Cola Company,2025-04-21,72.7699966430664,73.47000122070312,71.81999969482422,73.37999725341797,16037200
1105,KO,The Coca-Cola Company,2025-04-22,73.9000015258789,74.37999725341797,72.91999816894531,73.0,15613500
1106,KO,The Coca-Cola Company,2025-04-23,73.30000305175781,73.94999694824219,72.37999725341797,73.29000091552734,16353900
1107,KO,The Coca-Cola Company,2025-04-24,72.5199966430664,73.43000030517578,72.30000305175781,73.0199966430664,16893900
1108,KO,The Coca-Cola Company,2025-04-25,71.91000366210938,72.91999816894531,71.12999725341797,72.6500015258789,16316000
1109,KO,The Coca-Cola Company,2025-04-28,71.79000091552734,72.26000213623047,71.30999755859375,72.08000183105469,15997500
1110,KO,The Coca-Cola Company,2025-04-29,72.3499984741211,72.70999908447266,70.27999877929688,71.19000244140625,16244100
1111,KO,The Coca-Cola Company,2025-04-30,72.55000305175781,73.4800033569336,71.69000244140625,73.3499984741211,21074700
1112,KO,The Coca-Cola Company,2025-05-01,71.29000091552734,72.04000091552734,71.2300033569336,72.0,18034200
1113,LIN,Linde plc,2025-04-02,469.739990234375,470.30999755859375,462.3999938964844,462.8999938964844,1527700
1114,LIN,Linde plc,2025-04-03,467.2200012207031,472.010009765625,464.989990234375,466.55999755859375,2445200
1115,LIN,Linde plc,2025-04-04,437.9599914550781,470.0,437.1199951171875,464.3599853515625,4430700
1116,LIN,Linde plc,2025-04-07,425.8599853515625,441.55999755859375,417.8299865722656,429.0899963378906,4159300
1117,LIN,Linde plc,2025-04-08,413.3299865722656,433.05999755859375,408.6499938964844,430.760009765625,3780800
1118,LIN,Linde plc,2025-04-09,445.9700012207031,448.3299865722656,412.9700012207031,414.1600036621094,4103300
1119,LIN,Linde plc,2025-04-10,431.8800048828125,444.5299987792969,427.1000061035156,440.3699951171875,4239000
1120,LIN,Linde plc,2025-04-11,441.8299865722656,449.6300048828125,432.7099914550781,437.32000732421875,3343000
1121,LIN,Linde plc,2025-04-14,446.0299987792969,448.1300048828125,441.75,443.0899963378906,1897800
1122,LIN,Linde plc,2025-04-15,450.9700012207031,454.510009765625,447.94000244140625,449.3699951171875,2321000
1123,LIN,Linde plc,2025-04-16,447.989990234375,454.8299865722656,445.25,450.510009765625,1828900
1124,LIN,Linde plc,2025-04-17,452.1199951171875,455.1600036621094,449.69000244140625,451.3599853515625,1726100
1125,LIN,Linde plc,2025-04-21,443.8500061035156,452.4700012207031,440.2699890136719,450.5400085449219,1303400
1126,LIN,Linde plc,2025-04-22,454.6099853515625,455.260009765625,447.3500061035156,448.2900085449219,1458600
1127,LIN,Linde plc,2025-04-23,448.2099914550781,457.80999755859375,445.5,454.3900146484375,1973400
1128,LIN,Linde plc,2025-04-24,449.5299987792969,451.1300048828125,442.07000732421875,447.0799865722656,2114500
1129,LIN,Linde plc,2025-04-25,448.3999938964844,449.3500061035156,443.1000061035156,447.9200134277344,1866600
1130,LIN,Linde plc,2025-04-28,448.0,450.8900146484375,444.1700134277344,448.6499938964844,1644900
1131,LIN,Linde plc,2025-04-29,450.5799865722656,452.3500061035156,446.7699890136719,448.8399963378906,1214000
1132,LIN,Linde plc,2025-04-30,453.2300109863281,455.2699890136719,444.9200134277344,449.3699951171875,2670400
1133,LIN,Linde plc,2025-05-01,448.04998779296875,450.6099853515625,433.1499938964844,437.44000244140625,2540400
1134,LLY,Eli Lilly and Company,2025-04-02,818.219970703125,819.8499755859375,795.0399780273438,795.0399780273438,2683800
1135,LLY,Eli Lilly and Company,2025-04-03,789.0900268554688,818.7899780273438,787.0599975585938,810.510009765625,2675100
1136,LLY,Eli Lilly and Company,2025-04-04,738.2100219726562,768.27001953125,734.7000122070312,762.1099853515625,5299400
1137,LLY,Eli Lilly and Company,2025-04-07,723.72998046875,748.0,677.0900268554688,697.9299926757812,6274400
1138,LLY,Eli Lilly and Company,2025-04-08,726.239990234375,763.5,713.280029296875,754.97998046875,4115200
1139,LLY,Eli Lilly and Company,2025-04-09,753.7100219726562,754.8300170898438,689.0,704.4000244140625,6619000
1140,LLY,Eli Lilly and Company,2025-04-10,720.9099731445312,741.9500122070312,691.77001953125,738.9000244140625,4182700
1141,LLY,Eli Lilly and Company,2025-04-11,732.4099731445312,735.8400268554688,711.97998046875,722.8900146484375,3603400
1142,LLY,Eli Lilly and Company,2025-04-14,754.3499755859375,759.5599975585938,734.52001953125,750.4500122070312,3461200
1143,LLY,Eli Lilly and Company,2025-04-15,757.1799926757812,765.3099975585938,751.489990234375,755.5700073242188,2458100
1144,LLY,Eli Lilly and Company,2025-04-16,734.9000244140625,756.2999877929688,730.3400268554688,755.6400146484375,3302600
1145,LLY,Eli Lilly and Company,2025-04-17,839.9600219726562,858.0,821.8400268554688,840.7999877929688,10846400
1146,LLY,Eli Lilly and Company,2025-04-21,818.02001953125,843.9099731445312,807.0,841.510009765625,3326600
1147,LLY,Eli Lilly and Company,2025-04-22,827.5399780273438,832.0,814.0,821.8800048828125,3086500
1148,LLY,Eli Lilly and Company,2025-04-23,829.4199829101562,846.010009765625,818.6400146484375,836.9600219726562,2714600
1149,LLY,Eli Lilly and Company,2025-04-24,859.72998046875,862.25,829.2100219726562,836.0,2939500
1150,LLY,Eli Lilly and Company,2025-04-25,884.5399780273438,885.5800170898438,851.0700073242188,859.6599731445312,3398900
1151,LLY,Eli Lilly and Company,2025-04-28,877.2899780273438,882.25,864.4099731445312,870.4400024414062,3457600
1152,LLY,Eli Lilly and Company,2025-04-29,885.2000122070312,892.469970703125,874.030029296875,877.7000122070312,2454400
1153,LLY,Eli Lilly and Company,2025-04-30,898.9500122070312,902.5,882.1199951171875,888.2000122070312,4374100
1154,LLY,Eli Lilly and Company,2025-05-01,794.0999755859375,850.9299926757812,792.0700073242188,844.0,12601100
1155,LMT,Lockheed Martin,2025-04-02,452.8699951171875,455.9200134277344,445.010009765625,446.2200012207031,1270300
1156,LMT,Lockheed Martin,2025-04-03,454.7799987792969,461.8800048828125,450.79998779296875,453.510009765625,1813800
1157,LMT,Lockheed Martin,2025-04-04,432.1499938964844,454.92999267578125,432.1300048828125,450.0,2392700
1158,LMT,Lockheed Martin,2025-04-07,430.82000732421875,438.9100036621094,418.8800048828125,422.20001220703125,1968100
1159,LMT,Lockheed Martin,2025-04-08,443.3599853515625,451.3900146484375,437.42999267578125,448.44000244140625,2151500
1160,LMT,Lockheed Martin,2025-04-09,462.239990234375,468.3299865722656,435.3800048828125,439.25,2291600
1161,LMT,Lockheed Martin,2025-04-10,463.70001220703125,469.1000061035156,450.3800048828125,460.0,1832600
1162,LMT,Lockheed Martin,2025-04-11,474.8999938964844,478.17999267578125,460.32000732421875,464.3299865722656,1452300
1163,LMT,Lockheed Martin,2025-04-14,475.3399963378906,478.75,467.5899963378906,472.79998779296875,1079600
1164,LMT,Lockheed Martin,2025-04-15,469.5799865722656,475.3399963378906,468.0,474.2699890136719,1224300
1165,LMT,Lockheed Martin,2025-04-16,477.0799865722656,482.82000732421875,474.5299987792969,477.3299865722656,1529700
1166,LMT,Lockheed Martin,2025-04-17,464.0799865722656,469.6700134277344,448.3900146484375,461.6400146484375,3051600
1167,LMT,Lockheed Martin,2025-04-21,458.3299865722656,463.2300109863281,452.7900085449219,459.260009765625,1532900
1168,LMT,Lockheed Martin,2025-04-22,462.0799865722656,470.7699890136719,442.3500061035156,458.04998779296875,2878000
1169,LMT,Lockheed Martin,2025-04-23,463.54998779296875,471.3900146484375,457.6499938964844,467.0,1352700
1170,LMT,Lockheed Martin,2025-04-24,466.80999755859375,467.5899963378906,460.1600036621094,465.7699890136719,1105000
1171,LMT,Lockheed Martin,2025-04-25,477.6400146484375,478.4599914550781,467.8999938964844,469.989990234375,1521700
1172,LMT,Lockheed Martin,2025-04-28,476.2900085449219,483.7900085449219,474.2900085449219,479.30999755859375,1159700
1173,LMT,Lockheed Martin,2025-04-29,475.8800048828125,479.29998779296875,473.3500061035156,475.9800109863281,897100
1174,LMT,Lockheed Martin,2025-04-30,477.75,478.6099853515625,471.1300048828125,478.2699890136719,1095000
1175,LMT,Lockheed Martin,2025-05-01,477.7200012207031,479.45001220703125,473.0,476.0,986400
1176,LOW,Lowe's,2025-04-02,234.04490661621094,234.87055138860276,230.92139051735805,230.92139051735805,2534400
1177,LOW,Lowe's,2025-04-03,221.35189819335938,224.98273165492867,219.45192098660672,221.62046991509297,4475000
1178,LOW,Lowe's,2025-04-04,222.1178436279297,228.6235207249091,217.89015379048578,219.4917027831121,4829800
1179,LOW,Lowe's,2025-04-07,215.8011932373047,224.4654622883768,210.58869473417474,216.9053669881679,4478000
1180,LOW,Lowe's,2025-04-08,210.57875061035156,222.7047624883049,206.49032516014557,218.8650246806207,3294400
1181,LOW,Lowe's,2025-04-09,222.0283203125,223.13249403307293,205.3065659512879,207.7039184260247,4106200
1182,LOW,Lowe's,2025-04-10,220.038818359375,222.22726653100273,212.23997769964873,219.80008794202323,3482500
1183,LOW,Lowe's,2025-04-11,219.19329833984375,220.00898592983907,212.70752025005686,218.19854775092443,2904000
1184,LOW,Lowe's,2025-04-14,222.96339416503906,224.41573668897058,219.34250266470576,221.74979724439044,2766100
1185,LOW,Lowe's,2025-04-15,219.35244750976562,223.84872443424837,217.65143249803768,222.82413253910033,2805200
1186,LOW,Lowe's,2025-04-16,213.2844696044922,220.18804086743506,212.1802958840692,218.19853976243428,1916400
1187,LOW,Lowe's,2025-04-17,217.85037231445312,219.53150318693113,214.6472743017446,215.88077045862934,2166900
1188,LOW,Lowe's,2025-04-21,211.653076171875,217.02472300437074,209.3054642955845,216.5273477354845,2769700
1189,LOW,Lowe's,2025-04-22,217.92001342773438,219.3922400130057,213.44363588795787,213.67242426773575,2224000
1190,LOW,Lowe's,2025-04-23,217.75999450683594,225.66000366210938,217.14999389648438,222.1300048828125,2382500
1191,LOW,Lowe's,2025-04-24,222.0500030517578,222.94000244140625,216.2899932861328,217.75999450683594,2243200
1192,LOW,Lowe's,2025-04-25,220.91000366210938,222.33999633789062,218.75999450683594,222.2100067138672,1493700
1193,LOW,Lowe's,2025-04-28,221.14999389648438,223.5399932861328,219.3000030517578,220.5,2046700
1194,LOW,Lowe's,2025-04-29,223.27000427246094,223.8800048828125,219.30999755859375,219.30999755859375,1603900
1195,LOW,Lowe's,2025-04-30,223.55999755859375,224.0,218.19000244140625,221.92999267578125,3455500
1196,LOW,Lowe's,2025-05-01,222.32000732421875,225.5399932861328,221.19000244140625,223.49000549316406,2067800
1197,MA,Mastercard,2025-04-02,546.51318359375,548.6598032671982,540.7922770206701,542.0003218854415,2994600
1198,MA,Mastercard,2025-04-03,529.7098388671875,539.1348926551342,526.1654726339199,527.583206939526,3443500
1199,MA,Mastercard,2025-04-04,488.9944152832031,520.0551669842571,487.51677843288405,518.7971525031458,6125100
1200,MA,Mastercard,2025-04-07,484.7511291503906,501.4047381885305,464.85269721729895,477.74225685264275,6009400
1201,MA,Mastercard,2025-04-08,479.1600341796875,504.76940992621263,470.9131045854138,500.2066394552875,3555400
1202,MA,Mastercard,2025-04-09,515.4299926757812,518.510009765625,470.0,470.1099853515625,4698400
1203,MA,Mastercard,2025-04-10,499.3399963378906,508.6300048828125,484.1300048828125,506.8299865722656,4105300
1204,MA,Mastercard,2025-04-11,509.75,515.9099731445312,495.9100036621094,498.260009765625,3736200
1205,MA,Mastercard,2025-04-14,512.4600219726562,523.4199829101562,508.5,515.8699951171875,3005500
1206,MA,Mastercard,2025-04-15,517.3800048828125,521.2899780273438,513.3800048828125,513.4000244140625,2210700
1207,MA,Mastercard,2025-04-16,513.4299926757812,521.719970703125,509.8699951171875,516.0499877929688,2501000
1208,MA,Mastercard,2025-04-17,517.3300170898438,523.97998046875,509.1300048828125,510.95001220703125,3329800
1209,MA,Mastercard,2025-04-21,509.32000732421875,517.6500244140625,503.5400085449219,517.0,3345600
1210,MA,Mastercard,2025-04-22,527.3300170898438,528.7999877929688,512.75,515.6199951171875,2384000
1211,MA,Mastercard,2025-04-23,530.010009765625,543.9400024414062,527.6199951171875,537.739990234375,3051800
1212,MA,Mastercard,2025-04-24,535.4600219726562,536.0399780273438,525.27001953125,528.6900024414062,2209100
1213,MA,Mastercard,2025-04-25,533.47998046875,536.9199829101562,529.8800048828125,535.4600219726562,2006100
1214,MA,Mastercard,2025-04-28,534.489990234375,537.760009765625,530.5,536.030029296875,1735400
1215,MA,Mastercard,2025-04-29,539.6799926757812,540.47998046875,533.4099731445312,534.3400268554688,2041500
1216,MA,Mastercard,2025-04-30,548.0599975585938,549.0700073242188,529.5499877929688,538.530029296875,3783500
1217,MA,Mastercard,2025-05-01,546.6300048828125,552.8300170898438,539.72998046875,550.0,2839900
1218,MCD,McDonald's,2025-04-02,311.5799865722656,313.92999267578125,309.8299865722656,312.7099914550781,2776800
1219,MCD,McDonald's,2025-04-03,318.2699890136719,319.7200012207031,311.29998779296875,311.3800048828125,7023900
1220,MCD,McDonald's,2025-04-04,300.1099853515625,314.9599914550781,299.29998779296875,314.57000732421875,8831100
1221,MCD,McDonald's,2025-04-07,299.8900146484375,304.8800048828125,290.5,292.6000061035156,7725900
1222,MCD,McDonald's,2025-04-08,299.8299865722656,308.25,294.9200134277344,303.7799987792969,5562500
1223,MCD,McDonald's,2025-04-09,303.9599914550781,311.6499938964844,296.7099914550781,297.4100036621094,8265700
1224,MCD,McDonald's,2025-04-10,306.7799987792969,307.6300048828125,296.9200134277344,301.3399963378906,6049500
1225,MCD,McDonald's,2025-04-11,309.8999938964844,310.8900146484375,303.9599914550781,306.4700012207031,4439900
1226,MCD,McDonald's,2025-04-14,316.07000732421875,318.20001220703125,311.1300048828125,312.42999267578125,4068300
1227,MCD,McDonald's,2025-04-15,312.4800109863281,317.20001220703125,311.8399963378906,316.1300048828125,2901200
1228,MCD,McDonald's,2025-04-16,309.1000061035156,314.2900085449219,307.3699951171875,313.57000732421875,3098900
1229,MCD,McDonald's,2025-04-17,311.29998779296875,312.989990234375,307.1300048828125,309.2200012207031,2726900
1230,MCD,McDonald's,2025-04-21,308.7200012207031,311.2799987792969,305.1199951171875,311.0,2669900
1231,MCD,McDonald's,2025-04-22,319.0799865722656,320.0,311.19000244140625,311.760009765625,4200700
1232,MCD,McDonald's,2025-04-23,318.4800109863281,319.8999938964844,314.7900085449219,318.5,3210100
1233,MCD,McDonald's,2025-04-24,316.2200012207031,318.8900146484375,313.5299987792969,318.42999267578125,2479500
1234,MCD,McDonald's,2025-04-25,316.739990234375,321.7799987792969,315.0299987792969,316.5,2282900
1235,MCD,McDonald's,2025-04-28,316.80999755859375,318.0199890136719,314.25,317.70001220703125,2578300
1236,MCD,McDonald's,2025-04-29,314.5,316.7300109863281,313.0,316.05999755859375,3164500
1237,MCD,McDonald's,2025-04-30,319.6499938964844,321.0,313.1000061035156,316.7900085449219,5564600
1238,MCD,McDonald's,2025-05-01,313.6400146484375,319.25,311.6000061035156,313.1499938964844,5186900
1239,MDLZ,Mondelēz International,2025-04-02,66.12999725341797,67.70999908447266,65.66999816894531,67.6500015258789,11356900
1240,MDLZ,Mondelēz International,2025-04-03,67.9000015258789,69.0,67.20999908447266,67.69000244140625,13777300
1241,MDLZ,Mondelēz International,2025-04-04,66.30999755859375,69.12000274658203,65.95999908447266,68.41000366210938,13787000
1242,MDLZ,Mondelēz International,2025-04-07,65.2300033569336,66.69000244140625,64.62999725341797,65.18000030517578,15963400
1243,MDLZ,Mondelēz International,2025-04-08,64.05999755859375,66.41999816894531,63.689998626708984,65.31999969482422,12421600
1244,MDLZ,Mondelēz International,2025-04-09,66.19000244140625,66.6500015258789,63.13999938964844,63.4900016784668,13380300
1245,MDLZ,Mondelēz International,2025-04-10,65.9800033569336,66.95999908447266,64.70999908447266,66.44999694824219,10703600
1246,MDLZ,Mondelēz International,2025-04-11,67.05000305175781,67.69000244140625,66.04000091552734,66.58999633789062,8840600
1247,MDLZ,Mondelēz International,2025-04-14,68.30000305175781,68.5999984741211,66.5199966430664,66.69999694824219,6728400
1248,MDLZ,Mondelēz International,2025-04-15,67.02999877929688,68.61000061035156,66.87999725341797,68.5,5782500
1249,MDLZ,Mondelēz International,2025-04-16,66.4800033569336,67.76000213623047,66.12999725341797,67.25,6266300
1250,MDLZ,Mondelēz International,2025-04-17,67.31999969482422,67.8499984741211,66.37000274658203,66.4800033569336,10777600
1251,MDLZ,Mondelēz International,2025-04-21,67.76000213623047,67.86000061035156,66.91000366210938,67.30000305175781,7637100
1252,MDLZ,Mondelēz International,2025-04-22,68.29000091552734,69.08999633789062,67.80000305175781,67.9800033569336,6720500
1253,MDLZ,Mondelēz International,2025-04-23,67.37999725341797,68.54000091552734,66.87999725341797,67.7300033569336,6369500
1254,MDLZ,Mondelēz International,2025-04-24,65.5199966430664,66.94000244140625,65.4800033569336,66.94000244140625,8277000
1255,MDLZ,Mondelēz International,2025-04-25,65.58999633789062,65.9000015258789,64.61000061035156,65.88999938964844,6454700
1256,MDLZ,Mondelēz International,2025-04-28,65.0999984741211,65.73999786376953,64.7699966430664,65.58999633789062,6660800
1257,MDLZ,Mondelēz International,2025-04-29,65.6500015258789,65.72000122070312,64.29000091552734,65.06999969482422,8194000
1258,MDLZ,Mondelēz International,2025-04-30,68.12999725341797,68.86000061035156,67.4000015258789,68.06999969482422,15854800
1259,MDLZ,Mondelēz International,2025-05-01,67.87000274658203,68.20999908447266,66.9000015258789,67.20999908447266,9414200
1260,MDT,Medtronic,2025-04-02,88.86000061035156,88.98999786376953,87.45999908447266,88.43000030517578,5577200
1261,MDT,Medtronic,2025-04-03,87.88999938964844,89.54000091552734,87.69000244140625,88.5999984741211,7663100
1262,MDT,Medtronic,2025-04-04,82.87999725341797,88.0999984741211,82.68000030517578,87.98999786376953,12034000
1263,MDT,Medtronic,2025-04-07,83.1500015258789,85.37000274658203,80.58000183105469,81.22000122070312,12129100
1264,MDT,Medtronic,2025-04-08,81.87999725341797,85.30999755859375,80.61000061035156,84.5,10183900
1265,MDT,Medtronic,2025-04-09,85.27999877929688,85.5,79.55000305175781,80.5,11981100
1266,MDT,Medtronic,2025-04-10,82.54000091552734,85.30000305175781,80.98999786376953,84.83000183105469,8838400
1267,MDT,Medtronic,2025-04-11,82.9000015258789,83.44000244140625,81.18000030517578,83.16000366210938,8014000
1268,MDT,Medtronic,2025-04-14,84.22000122070312,84.26000213623047,83.12000274658203,83.97000122070312,5596000
1269,MDT,Medtronic,2025-04-15,82.37000274658203,84.7300033569336,82.22000122070312,84.62999725341797,5829400
1270,MDT,Medtronic,2025-04-16,82.69999694824219,84.48999786376953,82.19999694824219,83.19999694824219,7111600
1271,MDT,Medtronic,2025-04-17,82.5999984741211,83.31999969482422,82.12000274658203,82.51000213623047,5937600
1272,MDT,Medtronic,2025-04-21,81.80000305175781,82.88999938964844,81.16000366210938,82.5999984741211,5220000
1273,MDT,Medtronic,2025-04-22,83.37000274658203,83.62000274658203,82.5,82.80999755859375,5284900
1274,MDT,Medtronic,2025-04-23,83.75,85.3499984741211,83.36000061035156,84.16000366210938,6468200
1275,MDT,Medtronic,2025-04-24,84.30000305175781,84.54000091552734,83.26000213623047,84.02999877929688,5959000
1276,MDT,Medtronic,2025-04-25,84.16000366210938,84.66000366210938,83.5,84.41000366210938,5879600
1277,MDT,Medtronic,2025-04-28,84.04000091552734,84.87999725341797,83.37999725341797,84.5999984741211,4513400
1278,MDT,Medtronic,2025-04-29,84.5999984741211,85.08000183105469,83.80999755859375,84.0,4495500
1279,MDT,Medtronic,2025-04-30,84.76000213623047,85.0,83.68000030517578,84.9800033569336,7469800
1280,MDT,Medtronic,2025-05-01,83.55999755859375,84.4800033569336,82.94999694824219,84.19999694824219,6015000
1281,MET,MetLife,2025-04-02,82.48999786376953,82.7300033569336,79.80000305175781,79.80000305175781,3205700
1282,MET,MetLife,2025-04-03,75.91000366210938,79.25,75.75,78.37999725341797,6198900
1283,MET,MetLife,2025-04-04,69.06999969482422,73.41000366210938,67.9000015258789,72.8499984741211,8886800
1284,MET,MetLife,2025-04-07,69.33999633789062,71.33000183105469,65.20999908447266,67.19000244140625,9179800
1285,MET,MetLife,2025-04-08,68.41999816894531,73.33999633789062,67.31999969482422,72.48999786376953,6038700
1286,MET,MetLife,2025-04-09,75.23999786376953,75.94999694824219,66.83000183105469,67.88999938964844,7865800
1287,MET,MetLife,2025-04-10,71.11000061035156,73.69999694824219,69.30000305175781,73.16999816894531,5153300
1288,MET,MetLife,2025-04-11,71.4000015258789,71.63999938964844,68.97000122070312,70.73999786376953,3904700
1289,MET,MetLife,2025-04-14,72.94999694824219,73.86000061035156,72.22000122070312,73.04000091552734,2891700
1290,MET,MetLife,2025-04-15,72.70999908447266,73.94999694824219,72.55999755859375,73.0199966430664,2353000
1291,MET,MetLife,2025-04-16,71.69999694824219,73.29000091552734,71.16000366210938,72.37999725341797,4293700
1292,MET,MetLife,2025-04-17,72.55000305175781,73.45999908447266,71.91000366210938,72.30000305175781,2739200
1293,MET,MetLife,2025-04-21,70.4000015258789,72.27999877929688,69.62000274658203,71.79000091552734,3396200
1294,MET,MetLife,2025-04-22,73.08999633789062,73.27999877929688,71.12999725341797,72.12999725341797,3847100
1295,MET,MetLife,2025-04-23,74.23999786376953,76.94000244140625,74.01000213623047,74.75,3673900
1296,MET,MetLife,2025-04-24,75.86000061035156,76.19999694824219,73.76000213623047,74.23999786376953,2091600
1297,MET,MetLife,2025-04-25,75.19000244140625,75.55999755859375,74.38999938964844,75.30000305175781,3030300
1298,MET,MetLife,2025-04-28,75.94000244140625,76.7300033569336,75.51000213623047,75.66000366210938,4129500
1299,MET,MetLife,2025-04-29,76.41999816894531,76.61000061035156,75.26000213623047,75.58000183105469,2510800
1300,MET,MetLife,2025-04-30,75.37000274658203,75.5199966430664,73.23999786376953,74.56999969482422,3667000
1301,MET,MetLife,2025-05-01,75.7699966430664,77.25,74.7699966430664,76.36000061035156,3267100
1302,META,Meta Platforms,2025-04-02,583.9299926757812,592.6599731445312,573.3599853515625,574.9099731445312,13470800
1303,META,Meta Platforms,2025-04-03,531.6199951171875,552.5599975585938,530.2999877929688,546.219970703125,34777500
1304,META,Meta Platforms,2025-04-04,504.7300109863281,518.0,494.20001220703125,506.6199951171875,38589800
1305,META,Meta Platforms,2025-04-07,516.25,539.3699951171875,481.8999938964844,485.1000061035156,36606100
1306,META,Meta Platforms,2025-04-08,510.45001220703125,547.4299926757812,502.8599853515625,543.25,28034200
1307,META,Meta Platforms,2025-04-09,585.77001953125,587.8900146484375,502.1099853515625,509.2699890136719,39216600
1308,META,Meta Platforms,2025-04-10,546.2899780273438,581.2999877929688,535.2999877929688,575.489990234375,28173500
1309,META,Meta Platforms,2025-04-11,543.5700073242188,547.4000244140625,528.5900268554688,535.510009765625,17642300
1310,META,Meta Platforms,2025-04-14,531.47998046875,557.77001953125,528.280029296875,556.1699829101562,14130900
1311,META,Meta Platforms,2025-04-15,521.52001953125,537.9400024414062,517.5,532.1099853515625,15558700
1312,META,Meta Platforms,2025-04-16,502.30999755859375,513.3699951171875,495.6300048828125,508.510009765625,18735100
1313,META,Meta Platforms,2025-04-17,501.4800109863281,507.29998779296875,498.010009765625,505.25,14593500
1314,META,Meta Platforms,2025-04-21,484.6600036621094,493.5,479.79998779296875,491.3299865722656,16166000
1315,META,Meta Platforms,2025-04-22,500.2799987792969,506.8800048828125,486.3599853515625,491.8699951171875,17399400
1316,META,Meta Platforms,2025-04-23,520.27001953125,535.3400268554688,516.52001953125,528.530029296875,18173900
1317,META,Meta Platforms,2025-04-24,533.1500244140625,533.9000244140625,517.5,518.72998046875,13910000
1318,META,Meta Platforms,2025-04-25,547.27001953125,549.8599853515625,536.25,546.7999877929688,17098900
1319,META,Meta Platforms,2025-04-28,549.739990234375,558.489990234375,540.5900268554688,555.6400146484375,15179000
1320,META,Meta Platforms,2025-04-29,554.4400024414062,556.5700073242188,544.1199951171875,546.0,11835000
1321,META,Meta Platforms,2025-04-30,549.0,549.0999755859375,529.5,538.4000244140625,29244000
1322,META,Meta Platforms,2025-05-01,572.2100219726562,592.9500122070312,570.5,592.0800170898438,31159000
1323,MMM,3M,2025-04-02,147.75999450683594,148.1699981689453,145.58999633789062,145.7100067138672,4411100
1324,MMM,3M,2025-04-03,139.74000549316406,144.49000549316406,138.85000610351562,142.83999633789062,6712300
1325,MMM,3M,2025-04-04,126.91000366210938,135.30999755859375,126.43000030517578,134.19000244140625,9609100
1326,MMM,3M,2025-04-07,128.5500030517578,134.3699951171875,121.9800033569336,124.7300033569336,7174700
1327,MMM,3M,2025-04-08,127.16000366210938,133.8699951171875,124.81999969482422,132.24000549316406,5496800
1328,MMM,3M,2025-04-09,138.32000732421875,139.22999572753906,123.44000244140625,125.0,6428100
1329,MMM,3M,2025-04-10,132.97000122070312,135.7899932861328,128.67999267578125,135.75,4757100
1330,MMM,3M,2025-04-11,135.9499969482422,136.49000549316406,131.66000366210938,133.1300048828125,3337600
1331,MMM,3M,2025-04-14,136.00999450683594,138.2899932861328,134.42999267578125,138.11000061035156,3815800
1332,MMM,3M,2025-04-15,135.25999450683594,137.47000122070312,135.13999938964844,136.00999450683594,2541700
1333,MMM,3M,2025-04-16,130.4600067138672,134.47999572753906,129.8699951171875,133.50999450683594,5635500
1334,MMM,3M,2025-04-17,130.2100067138672,132.9499969482422,130.0800018310547,130.33999633789062,4952000
1335,MMM,3M,2025-04-21,126.08999633789062,129.83999633789062,124.6500015258789,129.0,5971800
1336,MMM,3M,2025-04-22,136.3300018310547,137.27000427246094,130.36000061035156,133.2899932861328,7943800
1337,MMM,3M,2025-04-23,136.05999755859375,142.14999389648438,135.1999969482422,139.3800048828125,4655800
1338,MMM,3M,2025-04-24,138.8800048828125,139.75999450683594,135.1199951171875,135.63999938964844,2921100
1339,MMM,3M,2025-04-25,137.32000732421875,139.0,137.10000610351562,139.0,2141300
1340,MMM,3M,2025-04-28,137.92999267578125,138.41000366210938,136.0399932861328,137.32000732421875,2499900
1341,MMM,3M,2025-04-29,138.3800048828125,139.22000122070312,136.83999633789062,137.5,1917200
1342,MMM,3M,2025-04-30,138.91000366210938,139.30999755859375,134.85000610351562,137.6300048828125,3062800
1343,MMM,3M,2025-05-01,137.89999389648438,140.25,137.6699981689453,138.27999877929688,2236300
1344,MO,Altria,2025-04-02,57.119998931884766,58.91999816894531,55.709999084472656,58.779998779296875,20161000
1345,MO,Altria,2025-04-03,57.88999938964844,59.2400016784668,57.77000045776367,58.0,14319800
1346,MO,Altria,2025-04-04,56.06999969482422,58.83000183105469,55.810001373291016,57.650001525878906,16333000
1347,MO,Altria,2025-04-07,55.65999984741211,56.16999816894531,52.81999969482422,53.0,16833100
1348,MO,Altria,2025-04-08,55.560001373291016,56.970001220703125,55.08000183105469,56.439998626708984,12315600
1349,MO,Altria,2025-04-09,56.36000061035156,57.150001525878906,54.939998626708984,55.0099983215332,15940600
1350,MO,Altria,2025-04-10,56.380001068115234,56.77000045776367,55.5099983215332,56.529998779296875,13148000
1351,MO,Altria,2025-04-11,56.650001525878906,56.939998626708984,55.93000030517578,56.560001373291016,9760300
1352,MO,Altria,2025-04-14,57.130001068115234,57.5099983215332,56.43000030517578,56.790000915527344,9782600
1353,MO,Altria,2025-04-15,57.52000045776367,57.900001525878906,57.16999816894531,57.650001525878906,6384000
1354,MO,Altria,2025-04-16,57.27000045776367,58.189998626708984,57.060001373291016,57.9900016784668,8526100
1355,MO,Altria,2025-04-17,58.15999984741211,58.52000045776367,57.439998626708984,57.47999954223633,8765200
1356,MO,Altria,2025-04-21,57.630001068115234,58.45000076293945,57.02000045776367,58.29999923706055,6727900
1357,MO,Altria,2025-04-22,58.81999969482422,59.0,57.779998779296875,57.79999923706055,9475200
1358,MO,Altria,2025-04-23,58.560001373291016,58.93000030517578,57.95000076293945,58.529998779296875,8942500
1359,MO,Altria,2025-04-24,58.709999084472656,58.779998779296875,58.22999954223633,58.4900016784668,6053700
1360,MO,Altria,2025-04-25,58.2599983215332,58.93000030517578,57.95000076293945,58.75,5680300
1361,MO,Altria,2025-04-28,58.189998626708984,58.779998779296875,57.869998931884766,58.25,8849800
1362,MO,Altria,2025-04-29,58.77000045776367,59.439998626708984,56.810001373291016,57.0,12724200
1363,MO,Altria,2025-04-30,59.150001525878906,59.65999984741211,58.58000183105469,59.119998931884766,13422300
1364,MO,Altria,2025-05-01,59.310001373291016,59.560001373291016,58.61000061035156,58.91999816894531,9436800
1365,MRK,Merck & Co.,2025-04-02,86.5999984741211,87.06999969482422,85.31999969482422,86.87999725341797,10590800
1366,MRK,Merck & Co.,2025-04-03,86.38999938964844,88.9000015258789,86.26000213623047,88.7300033569336,12684100
1367,MRK,Merck & Co.,2025-04-04,81.47000122070312,86.2699966430664,81.08000183105469,86.12000274658203,22965700
1368,MRK,Merck & Co.,2025-04-07,81.18000030517578,83.20999908447266,79.30000305175781,81.01000213623047,26582000
1369,MRK,Merck & Co.,2025-04-08,78.94999694824219,83.2699966430664,77.54000091552734,83.20999908447266,20571600
1370,MRK,Merck & Co.,2025-04-09,81.91000366210938,81.98999786376953,76.0,76.76000213623047,22928300
1371,MRK,Merck & Co.,2025-04-10,77.55000305175781,81.12000274658203,75.95999908447266,80.61000061035156,19466900
1372,MRK,Merck & Co.,2025-04-11,79.18000030517578,79.44000244140625,76.3499984741211,77.87000274658203,16194400
1373,MRK,Merck & Co.,2025-04-14,79.16999816894531,80.0199966430664,78.36000061035156,80.0199966430664,15796700
1374,MRK,Merck & Co.,2025-04-15,78.38999938964844,79.95999908447266,77.72000122070312,79.55000305175781,16042500
1375,MRK,Merck & Co.,2025-04-16,76.45999908447266,78.69000244140625,75.93000030517578,78.47000122070312,16551300
1376,MRK,Merck & Co.,2025-04-17,78.0,78.75,76.87999725341797,76.88999938964844,21305700
1377,MRK,Merck & Co.,2025-04-21,77.8499984741211,78.19000244140625,76.98999786376953,78.08000183105469,11010000
1378,MRK,Merck & Co.,2025-04-22,78.97000122070312,79.04000091552734,77.66000366210938,78.02999877929688,12918200
1379,MRK,Merck & Co.,2025-04-23,78.73999786376953,80.19999694824219,78.0,78.5,17935700
1380,MRK,Merck & Co.,2025-04-24,79.83999633789062,79.97000122070312,76.02999877929688,78.27999877929688,18471500
1381,MRK,Merck & Co.,2025-04-25,82.73999786376953,83.27999877929688,78.05999755859375,80.16999816894531,28378000
1382,MRK,Merck & Co.,2025-04-28,83.19000244140625,83.68000030517578,82.4000015258789,83.0,14241000
1383,MRK,Merck & Co.,2025-04-29,84.70999908447266,85.69000244140625,82.75,83.77999877929688,18802900
1384,MRK,Merck & Co.,2025-04-30,85.19999694824219,85.83000183105469,83.79000091552734,85.2699966430664,13825100
1385,MRK,Merck & Co.,2025-05-01,83.26000213623047,84.58000183105469,83.16999816894531,84.51000213623047,10036400
1386,MS,Morgan Stanley,2025-04-02,118.32064056396484,119.39204588011545,112.9735440738799,113.06283163455913,8415300
1387,MS,Morgan Stanley,2025-04-03,107.07090759277344,110.50336604915395,106.02926227257511,109.2335557032868,15186100
1388,MS,Morgan Stanley,2025-04-04,99.03538513183594,102.87457625533808,96.53543933318319,100.73177313944545,18876900
1389,MS,Morgan Stanley,2025-04-07,100.11669921875,103.50947502355908,93.5791576691676,95.50371058835185,20721400
1390,MS,Morgan Stanley,2025-04-08,99.51155853271484,106.08879046398667,97.48779544375942,104.3824799633772,10710100
1391,MS,Morgan Stanley,2025-04-09,110.81089782714844,112.99339101544031,97.11082378715014,97.41835385635788,16919500
1392,MS,Morgan Stanley,2025-04-10,105.73165130615234,108.00342437925767,102.58688554070076,107.90421429965791,10956700
1393,MS,Morgan Stanley,2025-04-11,107.2593994140625,108.33079718041522,102.07102534129213,102.07102534129213,10573200
1394,MS,Morgan Stanley,2025-04-14,108.24151611328125,110.61249178918845,107.68597597559591,109.60061402859489,8224500
1395,MS,Morgan Stanley,2025-04-15,109.56092834472656,111.25731627502252,109.18394820332757,109.21370820003455,6003800
1396,MS,Morgan Stanley,2025-04-16,107.00146484375,109.44188301604136,105.8010970172571,108.70777533055534,6520100
1397,MS,Morgan Stanley,2025-04-17,108.31095886230469,109.86846181050605,107.28915857744649,107.65620863977414,5231700
1398,MS,Morgan Stanley,2025-04-21,105.45388793945312,107.46772855698319,103.94598243038612,107.27923847618308,7784500
1399,MS,Morgan Stanley,2025-04-22,109.50140380859375,109.81885639668474,107.11059066017934,107.1601881331727,6571300
1400,MS,Morgan Stanley,2025-04-23,111.4160385131836,115.68181463317245,111.03906594135505,112.34855877398732,9243800
1401,MS,Morgan Stanley,2025-04-24,114.67985534667969,114.97747045942427,110.35455910181437,110.97954932484464,6640700
1402,MS,Morgan Stanley,2025-04-25,115.08659362792969,116.16791388725906,114.05487084080812,114.78897852001644,5013200
1403,MS,Morgan Stanley,2025-04-28,114.90802764892578,116.96155072935414,112.92394708547165,114.95762512181211,4171200
1404,MS,Morgan Stanley,2025-04-29,115.28499603271484,115.54292861579695,113.32076058488381,114.46160081238848,4689800
1405,MS,Morgan Stanley,2025-04-30,115.41999816894531,115.81999969482422,112.02999877929688,113.11000061035156,6502400
1406,MS,Morgan Stanley,2025-05-01,116.76000213623047,117.81999969482422,114.66999816894531,115.54000091552734,7743600
1407,MSFT,Microsoft,2025-04-02,382.1400146484375,385.0799865722656,376.6199951171875,377.9700012207031,16092600
1408,MSFT,Microsoft,2025-04-03,373.1099853515625,377.4800109863281,369.3500061035156,374.7900085449219,30198000
1409,MSFT,Microsoft,2025-04-04,359.8399963378906,374.5899963378906,359.4800109863281,364.1300048828125,49209900
1410,MSFT,Microsoft,2025-04-07,357.8599853515625,371.0,344.7900085449219,350.8800048828125,50425000
1411,MSFT,Microsoft,2025-04-08,354.55999755859375,373.6499938964844,350.25,368.260009765625,35868900
1412,MSFT,Microsoft,2025-04-09,390.489990234375,393.2300109863281,353.1000061035156,353.5400085449219,50199700
1413,MSFT,Microsoft,2025-04-10,381.3500061035156,383.8999938964844,367.79998779296875,382.05999755859375,38024400
1414,MSFT,Microsoft,2025-04-11,388.45001220703125,390.04998779296875,378.8900146484375,380.6400146484375,23839200
1415,MSFT,Microsoft,2025-04-14,387.80999755859375,394.6499938964844,384.2099914550781,393.2200012207031,19251200
1416,MSFT,Microsoft,2025-04-15,385.7300109863281,391.8900146484375,384.1600036621094,388.510009765625,17199900
1417,MSFT,Microsoft,2025-04-16,371.6099853515625,381.6099853515625,368.0,380.6700134277344,21967800
1418,MSFT,Microsoft,2025-04-17,367.7799987792969,374.32000732421875,366.8900146484375,373.75,20943700
1419,MSFT,Microsoft,2025-04-21,359.1199951171875,364.4800109863281,355.6700134277344,362.82000732421875,20807300
1420,MSFT,Microsoft,2025-04-22,366.82000732421875,367.7699890136719,359.8599853515625,363.3800048828125,19485000
1421,MSFT,Microsoft,2025-04-23,374.3900146484375,380.3900146484375,373.0199890136719,376.05999755859375,20545500
1422,MSFT,Microsoft,2025-04-24,387.29998779296875,388.45001220703125,375.19000244140625,375.70001220703125,22232300
1423,MSFT,Microsoft,2025-04-25,391.8500061035156,392.1600036621094,384.6000061035156,387.0,18973200
1424,MSFT,Microsoft,2025-04-28,391.1600036621094,392.739990234375,386.6400146484375,391.9599914550781,16579400
1425,MSFT,Microsoft,2025-04-29,394.0400085449219,395.1000061035156,390.3800048828125,391.29998779296875,14974000
1426,MSFT,Microsoft,2025-04-30,395.260009765625,396.6600036621094,384.44000244140625,390.29998779296875,36461100
1427,MSFT,Microsoft,2025-05-01,425.3999938964844,436.989990234375,424.8999938964844,431.1099853515625,58938100
1428,NEE,NextEra Energy,2025-04-02,70.4800033569336,71.29000091552734,70.12999725341797,71.08999633789062,8480100
1429,NEE,NextEra Energy,2025-04-03,72.13999938964844,72.95999908447266,71.37000274658203,71.66999816894531,13652700
1430,NEE,NextEra Energy,2025-04-04,66.91000366210938,73.41999816894531,66.86000061035156,72.79000091552734,20993500
1431,NEE,NextEra Energy,2025-04-07,65.05999755859375,67.2699966430664,63.93000030517578,65.5,19494900
1432,NEE,NextEra Energy,2025-04-08,64.11000061035156,66.58000183105469,63.20000076293945,66.43000030517578,14232600
1433,NEE,NextEra Energy,2025-04-09,67.58000183105469,67.79000091552734,61.720001220703125,63.38999938964844,23207800
1434,NEE,NextEra Energy,2025-04-10,66.72000122070312,67.5,65.23999786376953,66.80000305175781,12801900
1435,NEE,NextEra Energy,2025-04-11,65.80999755859375,66.98999786376953,64.5999984741211,66.44999694824219,14856900
1436,NEE,NextEra Energy,2025-04-14,67.69000244140625,68.12000274658203,65.95999908447266,66.4800033569336,11588800
1437,NEE,NextEra Energy,2025-04-15,67.66000366210938,68.44000244140625,67.52999877929688,67.86000061035156,7851700
1438,NEE,NextEra Energy,2025-04-16,65.63999938964844,68.05000305175781,65.30000305175781,67.94999694824219,11356100
1439,NEE,NextEra Energy,2025-04-17,66.30999755859375,67.33999633789062,65.97000122070312,66.04000091552734,11212300
1440,NEE,NextEra Energy,2025-04-21,64.68000030517578,66.05999755859375,63.63999938964844,65.81999969482422,11568700
1441,NEE,NextEra Energy,2025-04-22,66.63999938964844,66.80000305175781,65.3499984741211,65.45999908447266,14352000
1442,NEE,NextEra Energy,2025-04-23,67.2699966430664,69.0999984741211,66.98999786376953,67.55000305175781,19476200
1443,NEE,NextEra Energy,2025-04-24,66.3499984741211,67.19999694824219,65.23999786376953,67.04000091552734,13724700
1444,NEE,NextEra Energy,2025-04-25,66.08999633789062,66.87000274658203,65.36000061035156,66.66000366210938,9640200
1445,NEE,NextEra Energy,2025-04-28,66.19000244140625,66.33999633789062,65.27999877929688,66.16000366210938,7123500
1446,NEE,NextEra Energy,2025-04-29,67.25,67.4000015258789,65.72000122070312,66.05000305175781,8891500
1447,NEE,NextEra Energy,2025-04-30,66.87999725341797,67.20999908447266,65.45999908447266,67.01000213623047,13763500
1448,NEE,NextEra Energy,2025-05-01,66.05000305175781,67.62999725341797,65.94000244140625,67.48999786376953,11487900
1449,NFLX,"Netflix, Inc.",2025-04-02,935.52001953125,949.5499877929688,916.1099853515625,923.0,3256900
1450,NFLX,"Netflix, Inc.",2025-04-03,917.0499877929688,946.5900268554688,900.469970703125,901.7999877929688,5864600
1451,NFLX,"Netflix, Inc.",2025-04-04,855.8599853515625,906.6300048828125,853.8699951171875,896.5,6798800
1452,NFLX,"Netflix, Inc.",2025-04-07,867.8300170898438,906.739990234375,821.0999755859375,827.8499755859375,6656800
1453,NFLX,"Netflix, Inc.",2025-04-08,870.4000244140625,922.4199829101562,857.7000122070312,912.4400024414062,5625400
1454,NFLX,"Netflix, Inc.",2025-04-09,945.469970703125,951.4299926757812,854.4000244140625,855.9299926757812,7498000
1455,NFLX,"Netflix, Inc.",2025-04-10,921.1699829101562,941.239990234375,894.0,931.9400024414062,5129800
1456,NFLX,"Netflix, Inc.",2025-04-11,918.2899780273438,944.8599853515625,906.6799926757812,920.0,4073600
1457,NFLX,"Netflix, Inc.",2025-04-14,931.280029296875,948.97998046875,919.5,932.7000122070312,4035900
1458,NFLX,"Netflix, Inc.",2025-04-15,976.280029296875,993.4500122070312,948.0,950.0,7712000
1459,NFLX,"Netflix, Inc.",2025-04-16,961.6300048828125,981.2100219726562,949.1699829101562,976.280029296875,6066100
1460,NFLX,"Netflix, Inc.",2025-04-17,973.030029296875,984.7000122070312,956.0,969.0,8763200
1461,NFLX,"Netflix, Inc.",2025-04-21,987.9099731445312,1019.0,973.0499877929688,984.4000244140625,9775700
1462,NFLX,"Netflix, Inc.",2025-04-22,1040.3399658203125,1064.969970703125,1004.52001953125,1005.2999877929688,9368900
1463,NFLX,"Netflix, Inc.",2025-04-23,1049.5899658203125,1061.25,1032.0,1047.219970703125,6471900
1464,NFLX,"Netflix, Inc.",2025-04-24,1096.8699951171875,1101.0,1047.02001953125,1048.0,6381900
1465,NFLX,"Netflix, Inc.",2025-04-25,1101.530029296875,1106.800048828125,1091.0,1097.0400390625,3950000
1466,NFLX,"Netflix, Inc.",2025-04-28,1110.3800048828125,1114.0,1082.6199951171875,1100.0,3831100
1467,NFLX,"Netflix, Inc.",2025-04-29,1125.6400146484375,1127.81005859375,1095.47998046875,1103.9200439453125,3777300
1468,NFLX,"Netflix, Inc.",2025-04-30,1131.719970703125,1133.199951171875,1101.1099853515625,1112.6500244140625,4266700
1469,NFLX,"Netflix, Inc.",2025-05-01,1133.469970703125,1142.4200439453125,1111.8299560546875,1122.52001953125,3499500
1470,NKE,"Nike, Inc.",2025-04-02,64.95999908447266,65.4000015258789,64.16000366210938,64.30000305175781,11161400
1471,NKE,"Nike, Inc.",2025-04-03,55.58000183105469,58.68000030517578,55.400001525878906,56.369998931884766,71499500
1472,NKE,"Nike, Inc.",2025-04-04,57.25,59.220001220703125,52.5,53.220001220703125,67775700
1473,NKE,"Nike, Inc.",2025-04-07,55.61000061035156,57.18000030517578,53.400001525878906,55.400001525878906,45374400
1474,NKE,"Nike, Inc.",2025-04-08,53.27000045776367,58.77000045776367,52.369998931884766,58.77000045776367,30404300
1475,NKE,"Nike, Inc.",2025-04-09,59.31999969482422,59.54999923706055,52.47999954223633,53.279998779296875,44732500
1476,NKE,"Nike, Inc.",2025-04-10,54.400001525878906,57.25,52.279998779296875,57.22999954223633,53919800
1477,NKE,"Nike, Inc.",2025-04-11,54.38999938964844,55.029998779296875,52.86000061035156,54.400001525878906,22617100
1478,NKE,"Nike, Inc.",2025-04-14,55.40999984741211,56.689998626708984,54.66999816894531,55.63999938964844,28346600
1479,NKE,"Nike, Inc.",2025-04-15,54.83000183105469,55.38999938964844,54.16999816894531,54.68000030517578,15977100
1480,NKE,"Nike, Inc.",2025-04-16,53.54999923706055,55.150001525878906,53.34000015258789,54.720001220703125,19094900
1481,NKE,"Nike, Inc.",2025-04-17,55.7599983215332,56.02000045776367,53.650001525878906,53.81999969482422,18899000
1482,NKE,"Nike, Inc.",2025-04-21,56.119998931884766,56.36000061035156,53.5,55.22999954223633,17280900
1483,NKE,"Nike, Inc.",2025-04-22,57.060001373291016,58.09000015258789,56.2400016784668,56.650001525878906,16852200
1484,NKE,"Nike, Inc.",2025-04-23,57.38999938964844,59.20000076293945,56.70000076293945,59.0,21660300
1485,NKE,"Nike, Inc.",2025-04-24,58.47999954223633,58.70000076293945,57.130001068115234,57.810001373291016,14508500
1486,NKE,"Nike, Inc.",2025-04-25,57.619998931884766,58.25,56.61000061035156,58.209999084472656,17156000
1487,NKE,"Nike, Inc.",2025-04-28,57.310001373291016,58.08000183105469,56.79999923706055,57.72999954223633,13321200
1488,NKE,"Nike, Inc.",2025-04-29,57.540000915527344,57.7400016784668,56.7400016784668,57.0,12968000
1489,NKE,"Nike, Inc.",2025-04-30,56.400001525878906,56.59000015258789,54.75,55.86000061035156,17205900
1490,NKE,"Nike, Inc.",2025-05-01,56.7599983215332,57.209999084472656,56.2599983215332,56.68000030517578,10527000
1491,NOW,ServiceNow,2025-04-02,824.030029296875,827.1599731445312,794.6799926757812,794.6799926757812,1626400
1492,NOW,ServiceNow,2025-04-03,774.0700073242188,788.0599975585938,757.25,782.75,2087800
1493,NOW,ServiceNow,2025-04-04,721.6500244140625,758.77001953125,718.4500122070312,756.3400268554688,2900400
1494,NOW,ServiceNow,2025-04-07,735.5,758.6500244140625,678.6599731445312,688.0,2878200
1495,NOW,ServiceNow,2025-04-08,727.5999755859375,775.8800048828125,713.1900024414062,768.010009765625,2123200
1496,NOW,ServiceNow,2025-04-09,825.9500122070312,831.6400146484375,723.2000122070312,725.0,3092000
1497,NOW,ServiceNow,2025-04-10,783.489990234375,809.989990234375,761.0800170898438,807.0900268554688,2046400
1498,NOW,ServiceNow,2025-04-11,785.6699829101562,786.8800048828125,755.0,771.3099975585938,2103000
1499,NOW,ServiceNow,2025-04-14,799.8200073242188,812.1300048828125,786.7999877929688,802.219970703125,1717000
1500,NOW,ServiceNow,2025-04-15,816.5,824.9000244140625,799.2100219726562,800.9600219726562,1735200
1501,NOW,ServiceNow,2025-04-16,796.6599731445312,821.1699829101562,790.739990234375,804.6099853515625,1869500
1502,NOW,ServiceNow,2025-04-17,772.1599731445312,800.0599975585938,769.02001953125,800.0599975585938,1803900
1503,NOW,ServiceNow,2025-04-21,755.989990234375,765.5499877929688,742.4099731445312,759.3599853515625,1668700
1504,NOW,ServiceNow,2025-04-22,766.8300170898438,776.6300048828125,752.4400024414062,762.7999877929688,1582800
1505,NOW,ServiceNow,2025-04-23,812.7000122070312,833.9600219726562,807.0,821.0399780273438,3019200
1506,NOW,ServiceNow,2025-04-24,938.5700073242188,943.97998046875,898.3300170898438,900.3099975585938,6083100
1507,NOW,ServiceNow,2025-04-25,945.260009765625,960.0,929.1699829101562,944.0,2887800
1508,NOW,ServiceNow,2025-04-28,937.4099731445312,961.030029296875,927.1300048828125,959.8499755859375,2052400
1509,NOW,ServiceNow,2025-04-29,942.8599853515625,947.22998046875,930.5499877929688,940.0,1245300
1510,NOW,ServiceNow,2025-04-30,955.010009765625,957.6599731445312,920.4000244140625,930.5599975585938,1947900
1511,NOW,ServiceNow,2025-05-01,957.9500122070312,978.6199951171875,957.52001953125,973.8599853515625,1807700
1512,NVDA,Nvidia,2025-04-02,110.41999816894531,111.9800033569336,106.79000091552734,107.29000091552734,220601200
1513,NVDA,Nvidia,2025-04-03,101.80000305175781,105.62999725341797,101.5999984741211,103.51000213623047,338769400
1514,NVDA,Nvidia,2025-04-04,94.30999755859375,100.12999725341797,92.11000061035156,98.91000366210938,532273800
1515,NVDA,Nvidia,2025-04-07,97.63999938964844,101.75,86.62000274658203,87.45999908447266,611041300
1516,NVDA,Nvidia,2025-04-08,96.30000305175781,105.8499984741211,94.45999908447266,103.80999755859375,476243400
1517,NVDA,Nvidia,2025-04-09,114.33000183105469,115.0999984741211,97.52999877929688,98.88999938964844,612918300
1518,NVDA,Nvidia,2025-04-10,107.56999969482422,110.86000061035156,99.1500015258789,109.37000274658203,437812400
1519,NVDA,Nvidia,2025-04-11,110.93000030517578,111.55000305175781,107.4800033569336,108.5,313417300
1520,NVDA,Nvidia,2025-04-14,110.70999908447266,114.29000091552734,109.06999969482422,114.11000061035156,264705000
1521,NVDA,Nvidia,2025-04-15,112.19999694824219,113.62000274658203,110.5,110.97000122070312,228966900
1522,NVDA,Nvidia,2025-04-16,104.48999786376953,106.79000091552734,100.44999694824219,104.55000305175781,397016900
1523,NVDA,Nvidia,2025-04-17,101.48999786376953,104.47000122070312,100.05000305175781,104.44999694824219,290833400
1524,NVDA,Nvidia,2025-04-21,96.91000366210938,99.44000244140625,95.04000091552734,98.7699966430664,288501100
1525,NVDA,Nvidia,2025-04-22,98.88999938964844,99.80999755859375,97.27999877929688,98.77999877929688,241004800
1526,NVDA,Nvidia,2025-04-23,102.70999908447266,104.80000305175781,102.0199966430664,104.5199966430664,247526000
1527,NVDA,Nvidia,2025-04-24,106.43000030517578,106.54000091552734,103.11000061035156,103.4800033569336,220815000
1528,NVDA,Nvidia,2025-04-25,111.01000213623047,111.91999816894531,105.7300033569336,106.8499984741211,251064700
1529,NVDA,Nvidia,2025-04-28,108.7300033569336,110.37000274658203,106.0199966430664,109.69000244140625,207708500
1530,NVDA,Nvidia,2025-04-29,109.0199966430664,110.19999694824219,107.44000244140625,107.66999816894531,170444300
1531,NVDA,Nvidia,2025-04-30,108.91999816894531,108.91999816894531,104.08000183105469,104.47000122070312,235044600
1532,NVDA,Nvidia,2025-05-01,111.61000061035156,114.94000244140625,111.30000305175781,113.08000183105469,236121500
1533,ORCL,Oracle Corporation,2025-04-02,145.33790588378906,147.36063843757404,139.35938242531014,139.35938242531014,11594400
1534,ORCL,Oracle Corporation,2025-04-03,136.73880004882812,140.89387228944443,136.15091552075057,138.7515739970123,14433800
1535,ORCL,Oracle Corporation,2025-04-04,127.81087493896484,133.3410123236362,126.49559244567142,132.4342659263662,14986900
1536,ORCL,Oracle Corporation,2025-04-07,126.70484924316406,133.6299694870059,118.43455508537816,118.43455508537816,19482700
1537,ORCL,Oracle Corporation,2025-04-08,124.05436706542969,132.51398359423683,121.26438629139686,132.06558215234944,11950300
1538,ORCL,Oracle Corporation,2025-04-09,139.19000244140625,140.08677494093754,122.95830920943114,122.95830920943114,17762000
1539,ORCL,Oracle Corporation,2025-04-10,133.35000610351562,136.64999389648438,129.25999450683594,136.64999389648438,12401600
1540,ORCL,Oracle Corporation,2025-04-11,132.35000610351562,133.0,128.83999633789062,132.11000061035156,10190200
1541,ORCL,Oracle Corporation,2025-04-14,134.63999938964844,136.8000030517578,132.8699951171875,136.8000030517578,8217700
1542,ORCL,Oracle Corporation,2025-04-15,133.94000244140625,136.47999572753906,133.72000122070312,134.75999450683594,8630000
1543,ORCL,Oracle Corporation,2025-04-16,129.75999450683594,132.5399932861328,127.8499984741211,132.27999877929688,8295200
1544,ORCL,Oracle Corporation,2025-04-17,128.6199951171875,131.3000030517578,128.44000244140625,130.89999389648438,8919500
1545,ORCL,Oracle Corporation,2025-04-21,122.81999969482422,127.19999694824219,121.23999786376953,126.88999938964844,12201200
1546,ORCL,Oracle Corporation,2025-04-22,127.23999786376953,127.98999786376953,123.38999938964844,124.5,11233700
1547,ORCL,Oracle Corporation,2025-04-23,131.39999389648438,135.8699951171875,130.99000549316406,134.91000366210938,9528900
1548,ORCL,Oracle Corporation,2025-04-24,137.50999450683594,137.86000061035156,132.0,132.50999450683594,7305900
1549,ORCL,Oracle Corporation,2025-04-25,138.49000549316406,139.0,136.75999450683594,137.49000549316406,5476400
1550,ORCL,Oracle Corporation,2025-04-28,140.13999938964844,140.6699981689453,138.0800018310547,139.64999389648438,6985100
1551,ORCL,Oracle Corporation,2025-04-29,140.7899932861328,141.16000366210938,139.5500030517578,139.80999755859375,4851500
1552,ORCL,Oracle Corporation,2025-04-30,140.72000122070312,141.3000030517578,135.57000732421875,138.47999572753906,9443500
1553,ORCL,Oracle Corporation,2025-05-01,145.49000549316406,148.63999938964844,145.33999633789062,146.55999755859375,11525800
1554,PEP,PepsiCo,2025-04-02,149.1199951171875,150.5,148.07000732421875,150.22999572753906,5866200
1555,PEP,PepsiCo,2025-04-03,151.3699951171875,154.0500030517578,150.86000061035156,151.69000244140625,8216200
1556,PEP,PepsiCo,2025-04-04,146.61000061035156,154.9199981689453,146.44000244140625,152.99000549316406,12911400
1557,PEP,PepsiCo,2025-04-07,143.19000244140625,146.10000610351562,140.6699981689453,141.32000732421875,14423200
1558,PEP,PepsiCo,2025-04-08,140.3000030517578,145.39999389648438,139.14999389648438,143.9499969482422,9488900
1559,PEP,PepsiCo,2025-04-09,145.58999633789062,145.9499969482422,138.3300018310547,140.25,14067000
1560,PEP,PepsiCo,2025-04-10,144.13999938964844,147.13999938964844,142.9199981689453,145.4199981689453,10980300
1561,PEP,PepsiCo,2025-04-11,144.42999267578125,145.2899932861328,142.1199951171875,145.14999389648438,8563300
1562,PEP,PepsiCo,2025-04-14,146.75,147.17999267578125,143.5,144.16000366210938,5393800
1563,PEP,PepsiCo,2025-04-15,142.83999633789062,145.97999572753906,142.6300048828125,145.83999633789062,5459600
1564,PEP,PepsiCo,2025-04-16,140.08999633789062,144.39999389648438,139.77000427246094,144.11000061035156,7878600
1565,PEP,PepsiCo,2025-04-17,142.83999633789062,143.57000732421875,140.07000732421875,140.33999633789062,6052200
1566,PEP,PepsiCo,2025-04-21,141.72999572753906,142.8300018310547,140.57000732421875,142.5,7412800
1567,PEP,PepsiCo,2025-04-22,143.4600067138672,144.27999877929688,141.9499969482422,142.27999877929688,7144700
1568,PEP,PepsiCo,2025-04-23,142.25999450683594,144.00999450683594,140.85000610351562,143.27000427246094,7760000
1569,PEP,PepsiCo,2025-04-24,135.30999755859375,141.85000610351562,134.52999877929688,141.4499969482422,15577300
1570,PEP,PepsiCo,2025-04-25,133.3800048828125,135.61000061035156,131.8000030517578,135.47000122070312,11544700
1571,PEP,PepsiCo,2025-04-28,133.75999450683594,135.41000366210938,133.10000610351562,133.89999389648438,8498600
1572,PEP,PepsiCo,2025-04-29,134.30999755859375,134.4600067138672,131.52000427246094,132.47999572753906,7010700
1573,PEP,PepsiCo,2025-04-30,135.5800018310547,136.17999267578125,133.10000610351562,135.6300048828125,7923500
1574,PEP,PepsiCo,2025-05-01,133.5500030517578,134.80999755859375,133.24000549316406,134.47000122070312,6807000
1575,PFE,Pfizer,2025-04-02,24.700000762939453,24.739999771118164,24.309999465942383,24.5,41965000
1576,PFE,Pfizer,2025-04-03,24.290000915527344,24.8700008392334,24.280000686645508,24.739999771118164,53501800
1577,PFE,Pfizer,2025-04-04,22.969999313354492,24.100000381469727,22.950000762939453,23.940000534057617,80002600
1578,PFE,Pfizer,2025-04-07,22.6299991607666,23.15999984741211,21.75,22.139999389648438,86106100
1579,PFE,Pfizer,2025-04-08,21.84000015258789,22.989999771118164,21.440000534057617,22.899999618530273,72406000
1580,PFE,Pfizer,2025-04-09,22.489999771118164,22.540000915527344,20.920000076293945,21.110000610351562,95954400
1581,PFE,Pfizer,2025-04-10,21.59000015258789,22.270000457763672,21.09000015258789,22.260000228881836,72960700
1582,PFE,Pfizer,2025-04-11,21.90999984741211,22.0,21.280000686645508,21.59000015258789,55078100
1583,PFE,Pfizer,2025-04-14,22.1200008392334,22.229999542236328,21.8700008392334,22.079999923706055,61900900
1584,PFE,Pfizer,2025-04-15,22.440000534057617,22.93000030517578,22.1299991607666,22.170000076293945,51814700
1585,PFE,Pfizer,2025-04-16,22.040000915527344,22.68000030517578,21.950000762939453,22.489999771118164,37641200
1586,PFE,Pfizer,2025-04-17,22.139999389648438,22.549999237060547,22.100000381469727,22.149999618530273,53859000
1587,PFE,Pfizer,2025-04-21,22.040000915527344,22.170000076293945,21.8700008392334,22.1299991607666,32021000
1588,PFE,Pfizer,2025-04-22,22.530000686645508,22.549999237060547,22.149999618530273,22.18000030517578,36052600
1589,PFE,Pfizer,2025-04-23,22.389999389648438,23.059999465942383,22.239999771118164,22.780000686645508,50781000
1590,PFE,Pfizer,2025-04-24,22.780000686645508,22.860000610351562,22.229999542236328,22.399999618530273,35009600
1591,PFE,Pfizer,2025-04-25,22.920000076293945,23.110000610351562,22.479999542236328,22.770000457763672,35847700
1592,PFE,Pfizer,2025-04-28,23.049999237060547,23.290000915527344,22.899999618530273,23.030000686645508,55888900
1593,PFE,Pfizer,2025-04-29,23.790000915527344,24.1200008392334,22.459999084472656,22.829999923706055,98540200
1594,PFE,Pfizer,2025-04-30,24.40999984741211,24.440000534057617,23.979999542236328,24.200000762939453,53941700
1595,PFE,Pfizer,2025-05-01,23.93000030517578,24.329999923706055,23.799999237060547,24.299999237060547,46891700
1596,PG,Procter & Gamble,2025-04-02,168.4499969482422,169.82145310339453,167.26736622480098,169.01647324337566,6274500
1597,PG,Procter & Gamble,2025-04-03,171.3220977783203,173.71717222874,169.67237731472508,173.15069591990587,9393300
1598,PG,Procter & Gamble,2025-04-04,162.73561096191406,172.5245988167794,162.4573467028761,170.70593337532532,13454200
1599,PG,Procter & Gamble,2025-04-07,159.23741149902344,163.67972219465994,158.20386070781106,162.6461714034476,15708000
1600,PG,Procter & Gamble,2025-04-08,157.4088134765625,162.2685205590286,155.73922792972826,161.30452825010713,11541100
1601,PG,Procter & Gamble,2025-04-09,161.31448364257812,163.65984959386805,155.71935494866398,156.38520268023169,10670200
1602,PG,Procter & Gamble,2025-04-10,162.54678344726562,164.0474390723574,159.75419313507481,161.89086834613667,10581600
1603,PG,Procter & Gamble,2025-04-11,165.87603759765625,166.9791620296036,161.612604591374,162.3579585274394,8602800
1604,PG,Procter & Gamble,2025-04-14,168.08229064941406,169.05621557081128,164.75303691966593,166.0052261043195,9877300
1605,PG,Procter & Gamble,2025-04-15,167.42637634277344,169.10590968832386,167.2375509137331,168.0922240591028,8765000
1606,PG,Procter & Gamble,2025-04-16,165.35926818847656,168.62888105064098,164.76297892499974,168.2412975786608,5897500
1607,PG,Procter & Gamble,2025-04-17,169.572998046875,170.58666850385003,166.31331797491194,166.49219564463755,7208000
1608,PG,Procter & Gamble,2025-04-21,165.75,169.9499969482422,164.27999877929688,169.88999938964844,8062400
1609,PG,Procter & Gamble,2025-04-22,167.8800048828125,168.77000427246094,164.5399932861328,165.86000061035156,7907400
1610,PG,Procter & Gamble,2025-04-23,165.72999572753906,166.61000061035156,163.11000061035156,166.39999389648438,9309200
1611,PG,Procter & Gamble,2025-04-24,159.52999877929688,160.9600067138672,156.5800018310547,160.5,20077700
1612,PG,Procter & Gamble,2025-04-25,161.02000427246094,161.8000030517578,157.77000427246094,159.8800048828125,12892800
1613,PG,Procter & Gamble,2025-04-28,161.85000610351562,162.55999755859375,160.38999938964844,161.0399932861328,8127000
1614,PG,Procter & Gamble,2025-04-29,162.25999450683594,162.38999938964844,159.1999969482422,161.2899932861328,8266200
1615,PG,Procter & Gamble,2025-04-30,162.57000732421875,163.16000366210938,159.9499969482422,162.4499969482422,12475500
1616,PG,Procter & Gamble,2025-05-01,159.97999572753906,161.35000610351562,159.0500030517578,160.66000366210938,6792800
1617,PLTR,Palantir Technologies,2025-04-02,87.44999694824219,88.40499877929688,82.30000305175781,82.4000015258789,96563100
1618,PLTR,Palantir Technologies,2025-04-03,83.5999984741211,85.68000030517578,81.01000213623047,81.25,93878200
1619,PLTR,Palantir Technologies,2025-04-04,74.01000213623047,80.9800033569336,71.93000030517578,80.06999969482422,147323200
1620,PLTR,Palantir Technologies,2025-04-07,77.83999633789062,81.80000305175781,66.12000274658203,66.6500015258789,169083700
1621,PLTR,Palantir Technologies,2025-04-08,77.31999969482422,86.11399841308594,75.22000122070312,83.29000091552734,135345600
1622,PLTR,Palantir Technologies,2025-04-09,92.01000213623047,93.33000183105469,77.2699966430664,78.19000244140625,187244300
1623,PLTR,Palantir Technologies,2025-04-10,88.58999633789062,90.77999877929688,84.13999938964844,88.4000015258789,124448200
1624,PLTR,Palantir Technologies,2025-04-11,88.55000305175781,89.55000305175781,85.47000122070312,87.9800033569336,95130700
1625,PLTR,Palantir Technologies,2025-04-14,92.62000274658203,97.33000183105469,91.45999908447266,95.80000305175781,122836900
1626,PLTR,Palantir Technologies,2025-04-15,98.4000015258789,98.98999786376953,93.05000305175781,93.52999877929688,118457700
1627,PLTR,Palantir Technologies,2025-04-16,92.70999908447266,97.30000305175781,89.62000274658203,96.27999877929688,121997600
1628,PLTR,Palantir Technologies,2025-04-17,93.77999877929688,95.11000061035156,92.2699966430664,94.70999908447266,83991800
1629,PLTR,Palantir Technologies,2025-04-21,90.80000305175781,96.4749984741211,89.30999755859375,92.83999633789062,83831100
1630,PLTR,Palantir Technologies,2025-04-22,93.98999786376953,96.33999633789062,91.3499984741211,93.01499938964844,91185400
1631,PLTR,Palantir Technologies,2025-04-23,100.81999969482422,103.76000213623047,97.83000183105469,98.86000061035156,112909500
1632,PLTR,Palantir Technologies,2025-04-24,107.77999877929688,108.0,100.91000366210938,101.52999877929688,103190700
1633,PLTR,Palantir Technologies,2025-04-25,112.77999877929688,112.87999725341797,106.55000305175781,108.05000305175781,103933800
1634,PLTR,Palantir Technologies,2025-04-28,114.6500015258789,114.86000061035156,108.87000274658203,113.77999877929688,111082900
1635,PLTR,Palantir Technologies,2025-04-29,116.08000183105469,117.2300033569336,113.23999786376953,113.9800033569336,79709000
1636,PLTR,Palantir Technologies,2025-04-30,118.44000244140625,118.77999877929688,110.54000091552734,111.61000061035156,109461700
1637,PLTR,Palantir Technologies,2025-05-01,116.19999694824219,120.19000244140625,116.0,120.04000091552734,90677600
1638,PM,Philip Morris International,2025-04-02,156.1699981689453,158.3699951171875,154.72000122070312,158.08999633789062,3889000
1639,PM,Philip Morris International,2025-04-03,162.07000732421875,163.0800018310547,158.25,159.44000244140625,10581500
1640,PM,Philip Morris International,2025-04-04,150.6199951171875,162.0,150.08999633789062,161.27000427246094,11951700
1641,PM,Philip Morris International,2025-04-07,151.22999572753906,152.8300018310547,145.0800018310547,147.1699981689453,9984300
1642,PM,Philip Morris International,2025-04-08,149.22999572753906,153.2899932861328,146.8000030517578,152.75,9018200
1643,PM,Philip Morris International,2025-04-09,151.8000030517578,152.94000244140625,146.14999389648438,148.6300048828125,10278500
1644,PM,Philip Morris International,2025-04-10,151.1699981689453,153.72999572753906,149.0800018310547,152.8000030517578,7818200
1645,PM,Philip Morris International,2025-04-11,153.88999938964844,155.27999877929688,151.3000030517578,151.8800048828125,6460900
1646,PM,Philip Morris International,2025-04-14,157.58999633789062,158.22999572753906,154.35000610351562,155.44000244140625,5904800
1647,PM,Philip Morris International,2025-04-15,160.08999633789062,161.0399932861328,156.85000610351562,158.5399932861328,6007200
1648,PM,Philip Morris International,2025-04-16,160.47999572753906,162.16000366210938,159.07000732421875,161.64999389648438,8296100
1649,PM,Philip Morris International,2025-04-17,163.2100067138672,165.0,161.3000030517578,161.3000030517578,7546400
1650,PM,Philip Morris International,2025-04-21,162.17999267578125,164.0500030517578,159.1699981689453,163.75999450683594,7264800
1651,PM,Philip Morris International,2025-04-22,164.11000061035156,164.69000244140625,161.92999267578125,163.2899932861328,9509700
1652,PM,Philip Morris International,2025-04-23,168.11000061035156,171.6300048828125,166.0800018310547,168.94000244140625,9084500
1653,PM,Philip Morris International,2025-04-24,170.07000732421875,170.50999450683594,166.4600067138672,168.3300018310547,8564900
1654,PM,Philip Morris International,2025-04-25,170.24000549316406,171.36000061035156,168.77999877929688,170.9600067138672,7755700
1655,PM,Philip Morris International,2025-04-28,169.1699981689453,170.52000427246094,168.13999938964844,170.2899932861328,6153300
1656,PM,Philip Morris International,2025-04-29,170.25999450683594,171.10000610351562,167.77000427246094,168.11000061035156,5346500
1657,PM,Philip Morris International,2025-04-30,171.36000061035156,172.02999877929688,169.02000427246094,171.5399932861328,6454400
1658,PM,Philip Morris International,2025-05-01,170.0500030517578,171.07000732421875,168.88999938964844,169.58999633789062,4885900
1659,PYPL,PayPal,2025-04-02,67.1500015258789,67.56999969482422,65.0999984741211,65.25,8123000
1660,PYPL,PayPal,2025-04-03,61.709999084472656,63.939998626708984,60.95000076293945,63.099998474121094,18479900
1661,PYPL,PayPal,2025-04-04,58.369998931884766,60.189998626708984,57.31999969482422,60.0,22125000
1662,PYPL,PayPal,2025-04-07,58.529998779296875,61.47999954223633,55.849998474121094,56.7400016784668,20263200
1663,PYPL,PayPal,2025-04-08,57.40999984741211,61.2599983215332,56.459999084472656,59.7599983215332,16533600
1664,PYPL,PayPal,2025-04-09,63.95000076293945,64.16999816894531,56.5099983215332,56.66999816894531,22502000
1665,PYPL,PayPal,2025-04-10,60.560001373291016,62.45000076293945,58.939998626708984,62.29999923706055,14398100
1666,PYPL,PayPal,2025-04-11,62.59000015258789,62.810001373291016,60.44599914550781,60.529998779296875,12919400
1667,PYPL,PayPal,2025-04-14,62.27000045776367,63.900001525878906,61.689998626708984,63.70000076293945,8997500
1668,PYPL,PayPal,2025-04-15,62.0,62.790000915527344,61.64500045776367,62.36000061035156,9140800
1669,PYPL,PayPal,2025-04-16,60.2400016784668,61.459999084472656,59.720001220703125,61.375,9833600
1670,PYPL,PayPal,2025-04-17,61.0,61.470001220703125,60.13199996948242,60.349998474121094,9023700
1671,PYPL,PayPal,2025-04-21,60.28499984741211,60.959999084472656,59.45500183105469,60.2400016784668,7354100
1672,PYPL,PayPal,2025-04-22,61.41999816894531,61.90999984741211,59.95000076293945,60.72999954223633,9390100
1673,PYPL,PayPal,2025-04-23,62.459999084472656,64.56999969482422,62.16999816894531,62.71500015258789,9838900
1674,PYPL,PayPal,2025-04-24,64.7699966430664,64.83000183105469,62.7599983215332,62.900001525878906,10877000
1675,PYPL,PayPal,2025-04-25,65.33999633789062,65.41999816894531,64.48500061035156,64.48500061035156,8693400
1676,PYPL,PayPal,2025-04-28,64.93000030517578,65.81999969482422,64.12999725341797,65.30500030517578,14251500
1677,PYPL,PayPal,2025-04-29,66.31999969482422,67.43000030517578,64.36000061035156,66.37000274658203,19706800
1678,PYPL,PayPal,2025-04-30,65.83999633789062,65.98999786376953,63.540000915527344,65.15499877929688,10293800
1679,PYPL,PayPal,2025-05-01,65.41000366210938,66.12000274658203,64.8499984741211,65.62000274658203,10073000
1680,QCOM,Qualcomm,2025-04-02,154.0800018310547,155.4600067138672,150.3699951171875,150.7899932861328,5377200
1681,QCOM,Qualcomm,2025-04-03,139.4199981689453,147.39999389648438,138.55999755859375,147.0,16465000
1682,QCOM,Qualcomm,2025-04-04,127.45999908447266,135.86000061035156,126.68000030517578,134.33999633789062,19018600
1683,QCOM,Qualcomm,2025-04-07,129.72000122070312,137.1999969482422,120.80000305175781,124.58999633789062,17938300
1684,QCOM,Qualcomm,2025-04-08,124.66000366210938,135.2899932861328,121.73999786376953,131.1300048828125,14965900
1685,QCOM,Qualcomm,2025-04-09,143.58999633789062,144.86000061035156,124.19000244140625,125.16000366210938,21242600
1686,QCOM,Qualcomm,2025-04-10,134.39999389648438,139.05999755859375,129.2899932861328,137.00999450683594,14898800
1687,QCOM,Qualcomm,2025-04-11,139.25,140.64999389648438,131.11000061035156,134.0,10955300
1688,QCOM,Qualcomm,2025-04-14,139.19000244140625,143.11000061035156,136.8300018310547,142.75,6930300
1689,QCOM,Qualcomm,2025-04-15,138.60000610351562,140.83999633789062,138.02999877929688,139.4600067138672,6346800
1690,QCOM,Qualcomm,2025-04-16,135.74000549316406,137.30999755859375,131.7899932861328,133.67999267578125,10417200
1691,QCOM,Qualcomm,2025-04-17,136.66000366210938,138.14999389648438,135.7100067138672,137.3800048828125,7093100
1692,QCOM,Qualcomm,2025-04-21,136.13999938964844,136.5500030517578,133.36000061035156,134.72999572753906,8128300
1693,QCOM,Qualcomm,2025-04-22,138.74000549316406,139.10000610351562,136.49000549316406,136.75,8228000
1694,QCOM,Qualcomm,2025-04-23,140.4600067138672,143.8800048828125,139.77999877929688,142.5800018310547,9073500
1695,QCOM,Qualcomm,2025-04-24,147.2100067138672,147.82000732421875,141.99000549316406,142.77999877929688,8810600
1696,QCOM,Qualcomm,2025-04-25,148.55999755859375,149.1999969482422,146.0800018310547,146.0800018310547,5145600
1697,QCOM,Qualcomm,2025-04-28,147.6199951171875,149.3000030517578,145.44000244140625,148.17999267578125,5743500
1698,QCOM,Qualcomm,2025-04-29,146.8800048828125,148.25999450683594,145.52000427246094,146.66000366210938,6692000
1699,QCOM,Qualcomm,2025-04-30,148.4600067138672,148.85000610351562,143.8800048828125,145.1999969482422,10851900
1700,QCOM,Qualcomm,2025-05-01,135.2100067138672,138.9600067138672,134.8699951171875,138.7899932861328,22836600
1701,RTX,RTX Corporation,2025-04-02,133.14999389648438,133.67999267578125,131.2100067138672,131.36000061035156,3352900
1702,RTX,RTX Corporation,2025-04-03,130.22999572753906,133.7100067138672,129.94000244140625,131.0,4605200
1703,RTX,RTX Corporation,2025-04-04,117.44999694824219,126.37999725341797,117.3499984741211,126.0,8526700
1704,RTX,RTX Corporation,2025-04-07,117.31999969482422,119.91999816894531,112.2699966430664,113.91999816894531,8774800
1705,RTX,RTX Corporation,2025-04-08,120.45999908447266,123.97000122070312,118.69999694824219,123.01000213623047,8108600
1706,RTX,RTX Corporation,2025-04-09,128.42999267578125,128.92999267578125,118.16999816894531,119.0199966430664,6747400
1707,RTX,RTX Corporation,2025-04-10,127.06999969482422,129.2899932861328,123.7699966430664,126.91000366210938,6457800
1708,RTX,RTX Corporation,2025-04-11,128.25999450683594,129.32000732421875,125.0,126.16000366210938,3654100
1709,RTX,RTX Corporation,2025-04-14,129.13999938964844,129.9499969482422,128.27999877929688,129.25,4099900
1710,RTX,RTX Corporation,2025-04-15,128.63999938964844,129.9499969482422,128.24000549316406,128.5,6315600
1711,RTX,RTX Corporation,2025-04-16,129.25,130.1999969482422,128.44000244140625,129.91000366210938,5382800
1712,RTX,RTX Corporation,2025-04-17,128.88999938964844,130.5,127.69999694824219,129.36000061035156,5216300
1713,RTX,RTX Corporation,2025-04-21,126.12000274658203,128.72999572753906,124.7300033569336,128.5,6397400
1714,RTX,RTX Corporation,2025-04-22,113.75,117.19000244140625,112.62999725341797,114.52999877929688,17094400
1715,RTX,RTX Corporation,2025-04-23,120.27999877929688,122.62000274658203,117.27999877929688,117.37999725341797,10456300
1716,RTX,RTX Corporation,2025-04-24,121.97000122070312,122.05999755859375,119.51000213623047,120.02999877929688,4512800
1717,RTX,RTX Corporation,2025-04-25,125.22000122070312,125.5,122.41000366210938,122.7300033569336,6205900
1718,RTX,RTX Corporation,2025-04-28,124.80000305175781,126.30999755859375,123.68000030517578,125.93000030517578,5460100
1719,RTX,RTX Corporation,2025-04-29,125.7300033569336,126.04000091552734,124.38999938964844,124.80000305175781,4313600
1720,RTX,RTX Corporation,2025-04-30,126.12999725341797,126.56999969482422,123.5999984741211,125.79000091552734,5674100
1721,RTX,RTX Corporation,2025-05-01,127.41000366210938,128.08999633789062,125.43000030517578,126.4000015258789,4820900
1722,SBUX,Starbucks,2025-04-02,99.41000366210938,99.75,97.41000366210938,97.41000366210938,6043300
1723,SBUX,Starbucks,2025-04-03,88.26000213623047,93.38999938964844,87.6500015258789,93.3499984741211,20490100
1724,SBUX,Starbucks,2025-04-04,82.0999984741211,85.43000030517578,81.30000305175781,84.66000366210938,19700100
1725,SBUX,Starbucks,2025-04-07,80.0,83.2699966430664,76.1500015258789,78.62999725341797,26099400
1726,SBUX,Starbucks,2025-04-08,79.69000244140625,83.4800033569336,78.69000244140625,83.06999969482422,20534600
1727,SBUX,Starbucks,2025-04-09,88.68000030517578,89.12999725341797,77.93000030517578,79.22000122070312,26668100
1728,SBUX,Starbucks,2025-04-10,84.5999984741211,86.58000183105469,81.66999816894531,86.11000061035156,16209300
1729,SBUX,Starbucks,2025-04-11,85.43000030517578,85.81999969482422,82.08000183105469,84.43000030517578,10059700
1730,SBUX,Starbucks,2025-04-14,85.48999786376953,86.7699966430664,83.4000015258789,86.31999969482422,8880500
1731,SBUX,Starbucks,2025-04-15,83.70999908447266,86.05999755859375,83.45999908447266,85.5,7088600
1732,SBUX,Starbucks,2025-04-16,80.76000213623047,83.5199966430664,79.88999938964844,83.30000305175781,13080800
1733,SBUX,Starbucks,2025-04-17,81.5,82.55000305175781,81.19999694824219,81.25,9784600
1734,SBUX,Starbucks,2025-04-21,80.68000030517578,80.81999969482422,78.12999725341797,80.36000061035156,10595600
1735,SBUX,Starbucks,2025-04-22,81.75,83.48999786376953,81.62000274658203,81.91000366210938,10408600
1736,SBUX,Starbucks,2025-04-23,82.80999755859375,85.73999786376953,82.6500015258789,84.0,9114400
1737,SBUX,Starbucks,2025-04-24,83.86000061035156,84.13999938964844,81.58000183105469,82.38999938964844,6798100
1738,SBUX,Starbucks,2025-04-25,83.80999755859375,83.98999786376953,82.45999908447266,83.62999725341797,5799400
1739,SBUX,Starbucks,2025-04-28,83.9000015258789,85.05999755859375,83.2699966430664,84.33000183105469,7091400
1740,SBUX,Starbucks,2025-04-29,84.8499984741211,85.06999969482422,83.19999694824219,83.63999938964844,16356900
1741,SBUX,Starbucks,2025-04-30,80.05000305175781,80.27999877929688,75.5,76.37000274658203,41297000
1742,SBUX,Starbucks,2025-05-01,82.01000213623047,82.70999908447266,80.2699966430664,80.70999908447266,18326700
1743,SCHW,Charles Schwab Corporation,2025-04-02,78.58999633789062,79.18000030517578,77.27999877929688,77.87999725341797,8873900
1744,SCHW,Charles Schwab Corporation,2025-04-03,74.87000274658203,76.73999786376953,74.05000305175781,74.70999908447266,13517900
1745,SCHW,Charles Schwab Corporation,2025-04-04,69.05999755859375,72.87999725341797,68.58999633789062,72.01000213623047,25465600
1746,SCHW,Charles Schwab Corporation,2025-04-07,70.04000091552734,71.36000061035156,65.87999725341797,67.04000091552734,24498000
1747,SCHW,Charles Schwab Corporation,2025-04-08,69.93000030517578,74.55000305175781,69.08000183105469,72.25,22473400
1748,SCHW,Charles Schwab Corporation,2025-04-09,75.25,76.5199966430664,67.5999984741211,67.9800033569336,24973100
1749,SCHW,Charles Schwab Corporation,2025-04-10,73.8499984741211,74.41000366210938,71.2300033569336,74.19000244140625,11599200
1750,SCHW,Charles Schwab Corporation,2025-04-11,76.95999908447266,77.33000183105469,72.80000305175781,73.20999908447266,14847900
1751,SCHW,Charles Schwab Corporation,2025-04-14,76.91999816894531,78.48999786376953,76.30000305175781,78.33999633789062,7967000
1752,SCHW,Charles Schwab Corporation,2025-04-15,77.19000244140625,78.12000274658203,77.02999877929688,77.55000305175781,6921500
1753,SCHW,Charles Schwab Corporation,2025-04-16,75.69999694824219,76.75,74.5999984741211,76.31999969482422,12653000
1754,SCHW,Charles Schwab Corporation,2025-04-17,76.1500015258789,79.0999984741211,76.1500015258789,77.66999816894531,19270900
1755,SCHW,Charles Schwab Corporation,2025-04-21,74.94999694824219,75.97000122070312,73.76000213623047,75.63999938964844,12824100
1756,SCHW,Charles Schwab Corporation,2025-04-22,76.58000183105469,77.05999755859375,75.43000030517578,75.4800033569336,9741700
1757,SCHW,Charles Schwab Corporation,2025-04-23,77.8499984741211,80.0199966430664,77.66000366210938,78.27999877929688,9826600
1758,SCHW,Charles Schwab Corporation,2025-04-24,79.37999725341797,79.5,77.51000213623047,77.94000244140625,8423300
1759,SCHW,Charles Schwab Corporation,2025-04-25,79.94000244140625,81.13999938964844,79.30000305175781,80.2300033569336,7781000
1760,SCHW,Charles Schwab Corporation,2025-04-28,80.18000030517578,80.4800033569336,79.30000305175781,80.44999694824219,6576900
1761,SCHW,Charles Schwab Corporation,2025-04-29,81.26000213623047,81.47000122070312,79.61000061035156,80.20999908447266,7776500
1762,SCHW,Charles Schwab Corporation,2025-04-30,81.4000015258789,81.66000366210938,79.47000122070312,79.94999694824219,8236100
1763,SCHW,Charles Schwab Corporation,2025-05-01,81.51000213623047,82.06999969482422,80.9800033569336,81.12999725341797,7997800
1764,SO,Southern Company,2025-04-02,91.30000305175781,92.05000305175781,90.70999908447266,92.0,4704500
1765,SO,Southern Company,2025-04-03,92.55999755859375,93.30000305175781,92.0,92.7300033569336,6392600
1766,SO,Southern Company,2025-04-04,88.94000244140625,93.6500015258789,88.48999786376953,93.20999908447266,8268800
1767,SO,Southern Company,2025-04-07,87.22000122070312,89.43000030517578,86.36000061035156,87.75,8150900
1768,SO,Southern Company,2025-04-08,86.86000061035156,88.69000244140625,86.16000366210938,88.69000244140625,6248000
1769,SO,Southern Company,2025-04-09,87.80000305175781,89.4000015258789,85.0,86.30999755859375,7694500
1770,SO,Southern Company,2025-04-10,88.88999938964844,89.69999694824219,87.0,87.9800033569336,7047400
1771,SO,Southern Company,2025-04-11,89.86000061035156,90.18000030517578,87.68000030517578,88.45999908447266,4022000
1772,SO,Southern Company,2025-04-14,91.16000366210938,91.69000244140625,89.16000366210938,89.7699966430664,3330900
1773,SO,Southern Company,2025-04-15,91.0199966430664,91.69999694824219,90.93000030517578,91.55999755859375,2381200
1774,SO,Southern Company,2025-04-16,90.47000122070312,91.9000015258789,90.26000213623047,91.9000015258789,2731300
1775,SO,Southern Company,2025-04-17,91.80999755859375,93.04000091552734,90.80999755859375,90.88999938964844,3462000
1776,SO,Southern Company,2025-04-21,90.2300033569336,91.70999908447266,89.58000183105469,91.62000274658203,3015000
1777,SO,Southern Company,2025-04-22,91.86000061035156,92.22000122070312,90.25,90.44000244140625,3849500
1778,SO,Southern Company,2025-04-23,91.12999725341797,91.58000183105469,90.16999816894531,91.4800033569336,5214600
1779,SO,Southern Company,2025-04-24,91.05000305175781,91.44000244140625,90.2699966430664,91.04000091552734,3018400
1780,SO,Southern Company,2025-04-25,90.43000030517578,91.33999633789062,90.1500015258789,91.05000305175781,3442800
1781,SO,Southern Company,2025-04-28,90.75,91.05000305175781,89.81999969482422,90.3499984741211,2332200
1782,SO,Southern Company,2025-04-29,91.44999694824219,91.5999984741211,90.33999633789062,90.5999984741211,3234900
1783,SO,Southern Company,2025-04-30,91.88999938964844,92.2300033569336,90.4000015258789,91.8499984741211,5934700
1784,SO,Southern Company,2025-05-01,91.45999908447266,92.44000244140625,90.75,92.44000244140625,5319700
1785,SPG,Simon Property Group,2025-04-02,170.41000366210938,170.86000061035156,165.57000732421875,165.82000732421875,1417900
1786,SPG,Simon Property Group,2025-04-03,153.17999267578125,165.0,151.8800048828125,163.74000549316406,3770000
1787,SPG,Simon Property Group,2025-04-04,146.0500030517578,150.7100067138672,142.75,147.8800048828125,3680100
1788,SPG,Simon Property Group,2025-04-07,143.33999633789062,150.52999877929688,138.11000061035156,140.0,3557400
1789,SPG,Simon Property Group,2025-04-08,140.3699951171875,150.0,138.52999877929688,148.50999450683594,2703600
1790,SPG,Simon Property Group,2025-04-09,153.17999267578125,154.24000549316406,136.33999633789062,139.2100067138672,4323400
1791,SPG,Simon Property Group,2025-04-10,147.69000244140625,152.0,143.10000610351562,150.0,2325500
1792,SPG,Simon Property Group,2025-04-11,148.1999969482422,149.02000427246094,142.3000030517578,146.77000427246094,1713000
1793,SPG,Simon Property Group,2025-04-14,149.8699951171875,151.88999938964844,148.69000244140625,150.97999572753906,1406900
1794,SPG,Simon Property Group,2025-04-15,149.3699951171875,151.74000549316406,148.85000610351562,149.60000610351562,1203500
1795,SPG,Simon Property Group,2025-04-16,148.0500030517578,151.22999572753906,146.83999633789062,149.25,1435900
1796,SPG,Simon Property Group,2025-04-17,150.39999389648438,152.07000732421875,148.8300018310547,149.08999633789062,1267300
1797,SPG,Simon Property Group,2025-04-21,147.1999969482422,148.72999572753906,145.83999633789062,148.3000030517578,1701000
1798,SPG,Simon Property Group,2025-04-22,150.7100067138672,152.17999267578125,148.0,149.33999633789062,1495900
1799,SPG,Simon Property Group,2025-04-23,153.27999877929688,158.3000030517578,152.85000610351562,152.99000549316406,1862300
1800,SPG,Simon Property Group,2025-04-24,156.1999969482422,157.3000030517578,151.83999633789062,152.63999938964844,1696800
1801,SPG,Simon Property Group,2025-04-25,156.66000366210938,157.77000427246094,155.5399932861328,156.3300018310547,1421800
1802,SPG,Simon Property Group,2025-04-28,158.50999450683594,159.02000427246094,156.17999267578125,156.91000366210938,1551700
1803,SPG,Simon Property Group,2025-04-29,156.8000030517578,158.47000122070312,155.3000030517578,157.17999267578125,1284300
1804,SPG,Simon Property Group,2025-04-30,157.3800048828125,157.89999389648438,153.16000366210938,155.47999572753906,2279600
1805,SPG,Simon Property Group,2025-05-01,158.8699951171875,160.85000610351562,157.0,158.22999572753906,1365700
1806,T,AT&T,2025-04-02,27.844459533691406,28.289734171416068,27.715825686858025,28.111624316326203,41574800
1807,T,AT&T,2025-04-03,28.29962921142578,28.725113443417573,28.151204962137577,28.240259889173846,48912300
1808,T,AT&T,2025-04-04,26.360214233398438,28.131415760888515,26.251370785838905,27.705931510717523,61361000
1809,T,AT&T,2025-04-07,26.548219680786133,26.944018330624722,24.836389340661206,24.915549070628924,74875400
1810,T,AT&T,2025-04-08,26.112838745117188,26.9044378873309,25.756620924071907,26.7362232347507,55717100
1811,T,AT&T,2025-04-09,26.191999435424805,26.577904762804568,24.935338982899633,25.815991197327143,77738700
1812,T,AT&T,2025-04-10,26.389999389648438,26.760000228881836,25.899999618530273,26.239999771118164,51467900
1813,T,AT&T,2025-04-11,26.790000915527344,26.899999618530273,26.360000610351562,26.579999923706055,32057600
1814,T,AT&T,2025-04-14,27.200000762939453,27.350000381469727,26.579999923706055,26.6299991607666,27042800
1815,T,AT&T,2025-04-15,27.5,27.6299991607666,27.260000228881836,27.5,25721300
1816,T,AT&T,2025-04-16,27.020000457763672,27.780000686645508,26.940000534057617,27.739999771118164,27835900
1817,T,AT&T,2025-04-17,27.149999618530273,27.489999771118164,27.010000228881836,27.18000030517578,24760000
1818,T,AT&T,2025-04-21,26.329999923706055,27.280000686645508,26.15999984741211,27.15999984741211,46226000
1819,T,AT&T,2025-04-22,26.959999084472656,27.360000610351562,25.979999542236328,26.0,50906800
1820,T,AT&T,2025-04-23,27.190000534057617,27.31999969482422,26.1200008392334,26.540000915527344,43351000
1821,T,AT&T,2025-04-24,27.530000686645508,27.829999923706055,27.139999389648438,27.170000076293945,43640800
1822,T,AT&T,2025-04-25,26.809999465942383,27.520000457763672,26.6299991607666,27.459999084472656,37050300
1823,T,AT&T,2025-04-28,27.260000228881836,27.270000457763672,26.799999237060547,26.899999618530273,24156000
1824,T,AT&T,2025-04-29,27.299999237060547,27.440000534057617,27.049999237060547,27.100000381469727,25015800
1825,T,AT&T,2025-04-30,27.700000762939453,27.889999389648438,27.31999969482422,27.600000381469727,38877100
1826,T,AT&T,2025-05-01,27.639999389648438,27.780000686645508,27.270000457763672,27.5,37367600
1827,TGT,Target Corporation,2025-04-02,105.7699966430664,107.08999633789062,103.93000030517578,104.0199966430664,5654400
1828,TGT,Target Corporation,2025-04-03,94.27999877929688,98.44999694824219,93.0,97.75,19020400
1829,TGT,Target Corporation,2025-04-04,95.72000122070312,96.87999725341797,90.62000274658203,91.83999633789062,16229700
1830,TGT,Target Corporation,2025-04-07,94.37999725341797,97.86000061035156,90.25,91.2699966430664,13800600
1831,TGT,Target Corporation,2025-04-08,88.76000213623047,97.5,87.3499984741211,96.54000091552734,13408900
1832,TGT,Target Corporation,2025-04-09,97.69000244140625,98.4800033569336,87.87999725341797,88.0,13717800
1833,TGT,Target Corporation,2025-04-10,92.70999908447266,96.0,89.80000305175781,95.69000244140625,12187900
1834,TGT,Target Corporation,2025-04-11,92.77999877929688,92.95999908447266,88.62999725341797,92.41000366210938,10457600
1835,TGT,Target Corporation,2025-04-14,94.6500015258789,95.41000366210938,92.72000122070312,94.41999816894531,8164400
1836,TGT,Target Corporation,2025-04-15,92.08000183105469,94.9800033569336,91.95999908447266,94.04000091552734,6605600
1837,TGT,Target Corporation,2025-04-16,90.45999908447266,92.62999725341797,89.52999877929688,91.0,8048400
1838,TGT,Target Corporation,2025-04-17,93.11000061035156,93.54000091552734,90.2300033569336,90.2300033569336,5347700
1839,TGT,Target Corporation,2025-04-21,93.77999877929688,93.91000366210938,90.8499984741211,92.63999938964844,6856600
1840,TGT,Target Corporation,2025-04-22,94.0999984741211,95.94000244140625,92.75,94.12000274658203,7200100
1841,TGT,Target Corporation,2025-04-23,92.1500015258789,97.62000274658203,91.69000244140625,96.8499984741211,9113800
1842,TGT,Target Corporation,2025-04-24,95.30999755859375,95.55999755859375,91.87999725341797,92.30000305175781,7718800
1843,TGT,Target Corporation,2025-04-25,96.58000183105469,96.8499984741211,94.69000244140625,95.01000213623047,5274900
1844,TGT,Target Corporation,2025-04-28,96.37000274658203,97.98999786376953,95.16999816894531,96.48999786376953,4662400
1845,TGT,Target Corporation,2025-04-29,96.91000366210938,97.08999633789062,95.30000305175781,95.94999694824219,3768400
1846,TGT,Target Corporation,2025-04-30,96.69999694824219,96.98999786376953,94.2300033569336,95.51000213623047,8255300
1847,TGT,Target Corporation,2025-05-01,95.97000122070312,97.52999877929688,95.55000305175781,97.11000061035156,5443700
1848,TMO,Thermo Fisher Scientific,2025-04-02,489.05999755859375,491.3599853515625,479.6000061035156,480.5,2068700
1849,TMO,Thermo Fisher Scientific,2025-04-03,470.0299987792969,485.9100036621094,468.1700134277344,481.8900146484375,2813600
1850,TMO,Thermo Fisher Scientific,2025-04-04,437.9100036621094,464.1099853515625,437.2200012207031,461.489990234375,3894200
1851,TMO,Thermo Fisher Scientific,2025-04-07,437.8699951171875,453.3399963378906,411.2099914550781,417.7699890136719,4076300
1852,TMO,Thermo Fisher Scientific,2025-04-08,419.30999755859375,454.1300048828125,413.3299865722656,451.1600036621094,3929200
1853,TMO,Thermo Fisher Scientific,2025-04-09,453.54998779296875,455.0299987792969,409.8500061035156,414.6300048828125,4597700
1854,TMO,Thermo Fisher Scientific,2025-04-10,427.44000244140625,448.6000061035156,415.30999755859375,446.3999938964844,3902400
1855,TMO,Thermo Fisher Scientific,2025-04-11,438.1499938964844,440.7300109863281,420.0,429.989990234375,2657400
1856,TMO,Thermo Fisher Scientific,2025-04-14,449.3299865722656,450.8399963378906,442.0,448.0,2370500
1857,TMO,Thermo Fisher Scientific,2025-04-15,441.0,450.2699890136719,438.4100036621094,447.5899963378906,2545900
1858,TMO,Thermo Fisher Scientific,2025-04-16,436.7900085449219,445.94000244140625,435.3599853515625,441.3299865722656,1823500
1859,TMO,Thermo Fisher Scientific,2025-04-17,427.5,436.0199890136719,425.04998779296875,434.5400085449219,3037200
1860,TMO,Thermo Fisher Scientific,2025-04-21,421.8500061035156,426.5,416.6199951171875,425.5,2314800
1861,TMO,Thermo Fisher Scientific,2025-04-22,434.7300109863281,437.010009765625,426.510009765625,429.79998779296875,3677800
1862,TMO,Thermo Fisher Scientific,2025-04-23,431.6400146484375,461.6099853515625,429.4200134277344,456.54998779296875,3492200
1863,TMO,Thermo Fisher Scientific,2025-04-24,426.6600036621094,432.4599914550781,417.7900085449219,430.0,3662400
1864,TMO,Thermo Fisher Scientific,2025-04-25,424.239990234375,426.7200012207031,416.82000732421875,426.1199951171875,2698300
1865,TMO,Thermo Fisher Scientific,2025-04-28,421.3399963378906,432.8500061035156,416.8399963378906,429.92999267578125,2531600
1866,TMO,Thermo Fisher Scientific,2025-04-29,427.5299987792969,430.3399963378906,418.80999755859375,421.82000732421875,2437300
1867,TMO,Thermo Fisher Scientific,2025-04-30,429.0,429.30999755859375,422.989990234375,427.6499938964844,2944300
1868,TMO,Thermo Fisher Scientific,2025-05-01,419.8900146484375,428.8699951171875,415.3800048828125,425.8599853515625,2771900
1869,TMUS,T-Mobile US,2025-04-02,264.55999755859375,268.510009765625,262.4200134277344,268.5,2969500
1870,TMUS,T-Mobile US,2025-04-03,267.8900146484375,272.6000061035156,264.94000244140625,265.20001220703125,5652100
1871,TMUS,T-Mobile US,2025-04-04,248.11000061035156,269.6499938964844,247.3699951171875,267.9100036621094,7948500
1872,TMUS,T-Mobile US,2025-04-07,246.6699981689453,256.95001220703125,242.80999755859375,243.16000366210938,8149000
1873,TMUS,T-Mobile US,2025-04-08,246.3000030517578,253.8000030517578,243.86000061035156,252.30999755859375,6018000
1874,TMUS,T-Mobile US,2025-04-09,254.89999389648438,255.55999755859375,238.64999389648438,243.0,8590400
1875,TMUS,T-Mobile US,2025-04-10,256.1199951171875,260.2300109863281,251.42999267578125,256.1300048828125,5406600
1876,TMUS,T-Mobile US,2025-04-11,258.6700134277344,260.1199951171875,255.6300048828125,257.6300048828125,3987300
1877,TMUS,T-Mobile US,2025-04-14,262.6400146484375,265.1700134277344,258.5199890136719,259.5,3845400
1878,TMUS,T-Mobile US,2025-04-15,266.7099914550781,267.9599914550781,263.17999267578125,264.4700012207031,3130500
1879,TMUS,T-Mobile US,2025-04-16,259.6400146484375,267.2699890136719,258.9599914550781,266.2300109863281,3362700
1880,TMUS,T-Mobile US,2025-04-17,262.0400085449219,265.3999938964844,259.0899963378906,259.7200012207031,3489600
1881,TMUS,T-Mobile US,2025-04-21,253.47999572753906,261.739990234375,250.8699951171875,260.3900146484375,3656300
1882,TMUS,T-Mobile US,2025-04-22,258.29998779296875,259.32000732421875,253.0,253.13999938964844,4762500
1883,TMUS,T-Mobile US,2025-04-23,259.3500061035156,262.6099853515625,252.6699981689453,254.0,4562300
1884,TMUS,T-Mobile US,2025-04-24,262.17999267578125,263.7900085449219,258.07000732421875,259.75,5047200
1885,TMUS,T-Mobile US,2025-04-25,232.77000427246094,243.80999755859375,230.63999938964844,243.14999389648438,13561400
1886,TMUS,T-Mobile US,2025-04-28,236.77000427246094,237.32000732421875,231.5399932861328,231.69000244140625,5825900
1887,TMUS,T-Mobile US,2025-04-29,241.58999633789062,241.91000366210938,235.4199981689453,236.7100067138672,3900800
1888,TMUS,T-Mobile US,2025-04-30,246.9499969482422,247.5500030517578,241.72000122070312,244.72999572753906,4440500
1889,TMUS,T-Mobile US,2025-05-01,247.0,247.10000610351562,242.39999389648438,245.27000427246094,3603400
1890,TSLA,"Tesla, Inc.",2025-04-02,282.760009765625,284.989990234375,251.27000427246094,254.60000610351562,212787800
1891,TSLA,"Tesla, Inc.",2025-04-03,267.2799987792969,276.29998779296875,261.510009765625,265.2900085449219,136174300
1892,TSLA,"Tesla, Inc.",2025-04-04,239.42999267578125,261.0,236.0,255.3800048828125,181229400
1893,TSLA,"Tesla, Inc.",2025-04-07,233.2899932861328,252.0,214.25,223.77999877929688,183453800
1894,TSLA,"Tesla, Inc.",2025-04-08,221.86000061035156,250.44000244140625,217.8000030517578,245.0,171603500
1895,TSLA,"Tesla, Inc.",2025-04-09,272.20001220703125,274.69000244140625,223.8800048828125,224.69000244140625,219433400
1896,TSLA,"Tesla, Inc.",2025-04-10,252.39999389648438,262.489990234375,239.3300018310547,260.0,181722600
1897,TSLA,"Tesla, Inc.",2025-04-11,252.30999755859375,257.739990234375,241.36000061035156,251.83999633789062,128948100
1898,TSLA,"Tesla, Inc.",2025-04-14,252.35000610351562,261.79998779296875,245.92999267578125,258.3599853515625,100135200
1899,TSLA,"Tesla, Inc.",2025-04-15,254.11000061035156,258.75,247.5399932861328,249.91000366210938,79594300
1900,TSLA,"Tesla, Inc.",2025-04-16,241.5500030517578,251.97000122070312,233.88999938964844,247.61000061035156,112378700
1901,TSLA,"Tesla, Inc.",2025-04-17,241.3699951171875,244.33999633789062,237.67999267578125,243.47000122070312,83404800
1902,TSLA,"Tesla, Inc.",2025-04-21,227.5,232.2100067138672,222.7899932861328,230.25999450683594,97768000
1903,TSLA,"Tesla, Inc.",2025-04-22,237.97000122070312,242.7899932861328,229.85000610351562,230.9600067138672,120858500
1904,TSLA,"Tesla, Inc.",2025-04-23,250.74000549316406,259.45001220703125,244.42999267578125,254.86000061035156,150381900
1905,TSLA,"Tesla, Inc.",2025-04-24,259.510009765625,259.5400085449219,249.1999969482422,250.5,94464200
1906,TSLA,"Tesla, Inc.",2025-04-25,284.95001220703125,286.8500061035156,259.6300048828125,261.69000244140625,167560700
1907,TSLA,"Tesla, Inc.",2025-04-28,285.8800048828125,294.8599853515625,272.4200134277344,288.9800109863281,151731800
1908,TSLA,"Tesla, Inc.",2025-04-29,292.0299987792969,293.32000732421875,279.4700012207031,285.5,108906600
1909,TSLA,"Tesla, Inc.",2025-04-30,282.1600036621094,284.45001220703125,270.7799987792969,279.8999938964844,128961100
1910,TSLA,"Tesla, Inc.",2025-05-01,280.5199890136719,290.8699951171875,279.80999755859375,280.010009765625,99659000
1911,TXN,Texas Instruments,2025-04-02,176.68264770507812,178.4079189177066,173.70802547120994,174.3327009818298,4368900
1912,TXN,Texas Instruments,2025-04-03,162.8109893798828,172.71648699548382,162.61268425429543,170.38636016312617,11895300
1913,TXN,Texas Instruments,2025-04-04,150.10934448242188,159.70746623089417,149.68298924790182,158.31930018680438,14976900
1914,TXN,Texas Instruments,2025-04-07,152.697265625,161.52197167741787,143.97170456334368,149.63340853677167,18337200
1915,TXN,Texas Instruments,2025-04-08,144.7748565673828,157.68472111068976,142.09769962182978,155.42400945624846,13902800
1916,TXN,Texas Instruments,2025-04-09,168.06614685058594,171.3580692016017,143.02974444364025,143.94196006230828,21578500
1917,TXN,Texas Instruments,2025-04-10,155.27528381347656,161.55172329774027,148.75094401789033,159.42982674833223,16019500
1918,TXN,Texas Instruments,2025-04-11,146.35142517089844,148.6121369387827,138.7661291265372,142.78187231123297,21113300
1919,TXN,Texas Instruments,2025-04-14,149.70281982421875,152.29074181500798,147.87838845553895,149.76230984911095,10356600
1920,TXN,Texas Instruments,2025-04-15,149.901123046875,151.40826922042052,148.5823871659477,150.13909827313307,6958900
1921,TXN,Texas Instruments,2025-04-16,145.310302734375,148.46339511778268,141.35404961905624,145.9845431950868,10862500
1922,TXN,Texas Instruments,2025-04-17,147.18431091308594,148.91950722042614,144.6856239941969,146.07379011789575,5690700
1923,TXN,Texas Instruments,2025-04-21,144.3782501220703,145.49869601813512,141.4333728656448,144.229525060518,8275000
1924,TXN,Texas Instruments,2025-04-22,145.5185089111328,146.98600005288625,143.85272778336147,144.63603828588742,9139900
1925,TXN,Texas Instruments,2025-04-23,150.8629150390625,154.02593236799973,150.00027945106535,151.87429081342137,14125000
1926,TXN,Texas Instruments,2025-04-24,160.7584991455078,163.6042161238517,157.079876477408,163.2373509049601,18950400
1927,TXN,Texas Instruments,2025-04-25,161.48233032226562,162.3152209374958,159.1621285528194,160.47095450107955,8383300
1928,TXN,Texas Instruments,2025-04-28,161.0658721923828,162.15655787415278,158.36888030373197,161.9681778519064,5170500
1929,TXN,Texas Instruments,2025-04-29,159.41000366210938,160.9766397943553,157.40708719813543,158.14083276783353,6566500
1930,TXN,Texas Instruments,2025-04-30,160.0500030517578,160.6300048828125,154.89999389648438,156.3699951171875,6158600
1931,TXN,Texas Instruments,2025-05-01,158.25999450683594,162.07000732421875,158.05999755859375,160.83999633789062,6124900
1932,UNH,UnitedHealth Group,2025-04-02,523.2000122070312,525.0,516.7999877929688,522.9500122070312,2378900
1933,UNH,UnitedHealth Group,2025-04-03,540.4400024414062,548.5,529.2899780273438,529.989990234375,6457900
1934,UNH,UnitedHealth Group,2025-04-04,525.0499877929688,551.739990234375,524.8400268554688,540.6400146484375,9919000
1935,UNH,UnitedHealth Group,2025-04-07,524.7000122070312,529.2000122070312,503.5899963378906,513.4000244140625,7356700
1936,UNH,UnitedHealth Group,2025-04-08,553.0800170898438,585.010009765625,547.4600219726562,582.1699829101562,11762300
1937,UNH,UnitedHealth Group,2025-04-09,578.5,589.4000244140625,554.4600219726562,560.1400146484375,12691900
1938,UNH,UnitedHealth Group,2025-04-10,594.4000244140625,601.8800048828125,580.0,580.239990234375,8646000
1939,UNH,UnitedHealth Group,2025-04-11,599.469970703125,606.3599853515625,586.530029296875,588.9199829101562,6121500
1940,UNH,UnitedHealth Group,2025-04-14,587.0599975585938,595.6300048828125,579.2899780273438,595.0,4839300
1941,UNH,UnitedHealth Group,2025-04-15,583.5900268554688,592.8599853515625,582.010009765625,592.239990234375,3871300
1942,UNH,UnitedHealth Group,2025-04-16,585.0399780273438,594.8099975585938,582.9600219726562,585.3200073242188,4192100
1943,UNH,UnitedHealth Group,2025-04-17,454.1099853515625,489.7900085449219,447.1000061035156,481.95001220703125,29060100
1944,UNH,UnitedHealth Group,2025-04-21,425.3299865722656,453.5,424.80999755859375,449.760009765625,13029900
1945,UNH,UnitedHealth Group,2025-04-22,427.17999267578125,431.5,417.1199951171875,424.6400146484375,10156900
1946,UNH,UnitedHealth Group,2025-04-23,427.9599914550781,438.8500061035156,423.75,427.07000732421875,8345700
1947,UNH,UnitedHealth Group,2025-04-24,424.25,429.8999938964844,423.6499938964844,427.57000732421875,7629100
1948,UNH,UnitedHealth Group,2025-04-25,418.6400146484375,423.55999755859375,412.0199890136719,423.55999755859375,9263800
1949,UNH,UnitedHealth Group,2025-04-28,420.0,424.1199951171875,415.54998779296875,419.75,6614300
1950,UNH,UnitedHealth Group,2025-04-29,409.2300109863281,421.75,409.1000061035156,421.19000244140625,9909100
1951,UNH,UnitedHealth Group,2025-04-30,411.44000244140625,413.260009765625,401.0,409.0299987792969,9192800
1952,UNH,UnitedHealth Group,2025-05-01,400.67999267578125,411.989990234375,399.8599853515625,411.32000732421875,9316800
1953,UNP,Union Pacific Corporation,2025-04-02,238.4600067138672,238.50999450683594,234.61000061035156,235.13999938964844,2023600
1954,UNP,Union Pacific Corporation,2025-04-03,223.97000122070312,232.97999572753906,223.0800018310547,231.35000610351562,5754800
1955,UNP,Union Pacific Corporation,2025-04-04,213.25999450683594,221.75,212.5500030517578,220.0,6784500
1956,UNP,Union Pacific Corporation,2025-04-07,209.97000122070312,216.24000549316406,204.7899932861328,211.11000061035156,5055900
1957,UNP,Union Pacific Corporation,2025-04-08,208.27000427246094,217.72999572753906,204.66000366210938,217.52999877929688,5126200
1958,UNP,Union Pacific Corporation,2025-04-09,223.52999877929688,224.6999969482422,206.3800048828125,206.6199951171875,5361000
1959,UNP,Union Pacific Corporation,2025-04-10,219.32000732421875,221.69000244140625,214.1999969482422,221.3800048828125,5088800
1960,UNP,Union Pacific Corporation,2025-04-11,218.58999633789062,220.27000427246094,215.10000610351562,218.75999450683594,2965000
1961,UNP,Union Pacific Corporation,2025-04-14,222.27000427246094,223.27000427246094,219.2899932861328,221.14999389648438,3197700
1962,UNP,Union Pacific Corporation,2025-04-15,220.0800018310547,224.30999755859375,219.58999633789062,222.7899932861328,2807000
1963,UNP,Union Pacific Corporation,2025-04-16,216.60000610351562,220.5399932861328,215.41000366210938,219.6999969482422,3293600
1964,UNP,Union Pacific Corporation,2025-04-17,220.25999450683594,222.24000549316406,217.3000030517578,217.5,4545800
1965,UNP,Union Pacific Corporation,2025-04-21,216.0500030517578,218.97999572753906,213.36000061035156,218.16000366210938,3379600
1966,UNP,Union Pacific Corporation,2025-04-22,216.89999389648438,218.6199951171875,214.9600067138672,218.02999877929688,3353300
1967,UNP,Union Pacific Corporation,2025-04-23,219.77999877929688,224.5800018310547,218.3300018310547,221.30999755859375,3879500
1968,UNP,Union Pacific Corporation,2025-04-24,215.4499969482422,215.8300018310547,206.6300048828125,208.25,5205100
1969,UNP,Union Pacific Corporation,2025-04-25,213.2899932861328,214.75999450683594,211.57000732421875,214.0,3454900
1970,UNP,Union Pacific Corporation,2025-04-28,212.61000061035156,214.6999969482422,210.8000030517578,213.05999755859375,3053300
1971,UNP,Union Pacific Corporation,2025-04-29,214.5399932861328,214.9600067138672,211.2899932861328,211.2899932861328,2886400
1972,UNP,Union Pacific Corporation,2025-04-30,215.66000366210938,215.97999572753906,210.52999877929688,213.47000122070312,3139100
1973,UNP,Union Pacific Corporation,2025-05-01,214.0800018310547,215.5,212.57000732421875,215.5,4458500
1974,UPS,United Parcel Service,2025-04-02,110.19999694824219,110.5,108.58999633789062,108.8499984741211,4540000
1975,UPS,United Parcel Service,2025-04-03,100.12000274658203,107.38999938964844,99.97000122070312,106.73999786376953,10057700
1976,UPS,United Parcel Service,2025-04-04,97.70999908447266,100.58999633789062,96.56999969482422,98.33000183105469,9567700
1977,UPS,United Parcel Service,2025-04-07,95.55999755859375,99.19999694824219,93.2300033569336,95.0,8729800
1978,UPS,United Parcel Service,2025-04-08,91.91999816894531,97.80000305175781,90.70999908447266,97.80000305175781,8233800
1979,UPS,United Parcel Service,2025-04-09,99.66000366210938,100.19000244140625,90.55000305175781,91.18000030517578,8849800
1980,UPS,United Parcel Service,2025-04-10,96.55999755859375,98.12999725341797,93.9800033569336,98.12000274658203,7553700
1981,UPS,United Parcel Service,2025-04-11,97.08000183105469,99.69999694824219,93.61000061035156,95.75,5544100
1982,UPS,United Parcel Service,2025-04-14,98.66999816894531,100.94000244140625,97.98999786376953,98.47000122070312,4926900
1983,UPS,United Parcel Service,2025-04-15,96.5,98.56999969482422,96.22000122070312,98.48999786376953,5767000
1984,UPS,United Parcel Service,2025-04-16,94.19999694824219,96.6500015258789,93.5199966430664,96.44999694824219,4632800
1985,UPS,United Parcel Service,2025-04-17,96.43000030517578,97.31999969482422,94.66000366210938,94.94000244140625,4739200
1986,UPS,United Parcel Service,2025-04-21,96.25,96.33999633789062,94.62000274658203,95.56999969482422,3930800
1987,UPS,United Parcel Service,2025-04-22,96.83999633789062,97.80000305175781,96.05999755859375,96.2699966430664,4305300
1988,UPS,United Parcel Service,2025-04-23,97.20999908447266,99.81999969482422,96.97000122070312,98.58000183105469,5817200
1989,UPS,United Parcel Service,2025-04-24,98.91999816894531,98.9800033569336,96.29000091552734,97.0,6641000
1990,UPS,United Parcel Service,2025-04-25,97.91000366210938,98.6500015258789,97.11000061035156,98.04000091552734,4577700
1991,UPS,United Parcel Service,2025-04-28,97.08999633789062,98.95999908447266,96.5199966430664,97.9000015258789,8664600
1992,UPS,United Parcel Service,2025-04-29,96.7300033569336,98.80000305175781,95.5199966430664,96.0,10314600
1993,UPS,United Parcel Service,2025-04-30,95.30000305175781,96.54000091552734,94.06999969482422,96.47000122070312,9305800
1994,UPS,United Parcel Service,2025-05-01,94.5999984741211,96.08999633789062,93.56999969482422,94.8499984741211,7501500
1995,USB,U.S. Bancorp,2025-04-02,43.0099983215332,43.06999969482422,41.27000045776367,41.27000045776367,10427100
1996,USB,U.S. Bancorp,2025-04-03,38.790000915527344,41.220001220703125,38.709999084472656,41.150001525878906,16695400
1997,USB,U.S. Bancorp,2025-04-04,36.83000183105469,37.689998626708984,35.7400016784668,37.369998931884766,19859300
1998,USB,U.S. Bancorp,2025-04-07,36.79999923706055,38.33000183105469,35.18000030517578,35.79999923706055,21816400
1999,USB,U.S. Bancorp,2025-04-08,36.400001525878906,38.599998474121094,35.72999954223633,37.939998626708984,18709400
2000,USB,U.S. Bancorp,2025-04-09,39.29999923706055,39.849998474121094,35.4900016784668,35.81999969482422,22911600
2001,USB,U.S. Bancorp,2025-04-10,37.25,38.47999954223633,36.36000061035156,38.459999084472656,20954100
2002,USB,U.S. Bancorp,2025-04-11,37.86000061035156,37.970001220703125,36.47999954223633,37.0,18556300
2003,USB,U.S. Bancorp,2025-04-14,38.20000076293945,38.779998779296875,37.77000045776367,38.5099983215332,12809900
2004,USB,U.S. Bancorp,2025-04-15,38.630001068115234,39.380001068115234,38.2400016784668,38.2400016784668,11717300
2005,USB,U.S. Bancorp,2025-04-16,37.81999969482422,39.150001525878906,37.43000030517578,38.220001220703125,17381600
2006,USB,U.S. Bancorp,2025-04-17,38.20000076293945,38.68000030517578,37.79999923706055,37.939998626708984,12538500
2007,USB,U.S. Bancorp,2025-04-21,37.810001373291016,38.08000183105469,37.2400016784668,37.90999984741211,11261300
2008,USB,U.S. Bancorp,2025-04-22,39.0,39.06999969482422,38.15999984741211,38.2599983215332,8311400
2009,USB,U.S. Bancorp,2025-04-23,39.5099983215332,41.150001525878906,39.31999969482422,40.0,12753700
2010,USB,U.S. Bancorp,2025-04-24,40.04999923706055,40.20000076293945,39.2599983215332,39.29999923706055,9478300
2011,USB,U.S. Bancorp,2025-04-25,39.91999816894531,40.130001068115234,39.650001525878906,39.7599983215332,6432700
2012,USB,U.S. Bancorp,2025-04-28,40.18000030517578,40.38999938964844,39.779998779296875,40.04999923706055,5264900
2013,USB,U.S. Bancorp,2025-04-29,40.5,40.56999969482422,39.7599983215332,39.95000076293945,8390000
2014,USB,U.S. Bancorp,2025-04-30,40.34000015258789,40.470001220703125,39.279998779296875,39.72999954223633,10563200
2015,USB,U.S. Bancorp,2025-05-01,40.5,40.90999984741211,39.9900016784668,40.15999984741211,7192000
2016,V,Visa Inc.,2025-04-02,346.3299865722656,348.20001220703125,343.04998779296875,343.44000244140625,5682500
2017,V,Visa Inc.,2025-04-03,339.3900146484375,344.739990234375,331.0,333.8999938964844,8792900
2018,V,Visa Inc.,2025-04-04,313.1300048828125,334.6499938964844,312.1199951171875,330.0,13201700
2019,V,Visa Inc.,2025-04-07,312.32000732421875,322.17999267578125,299.0,302.07000732421875,12163400
2020,V,Visa Inc.,2025-04-08,308.2699890136719,326.2799987792969,303.92999267578125,322.239990234375,9569300
2021,V,Visa Inc.,2025-04-09,332.42999267578125,334.0299987792969,305.6400146484375,305.6400146484375,11361800
2022,V,Visa Inc.,2025-04-10,324.6099853515625,330.1600036621094,313.2699890136719,328.0199890136719,8709800
2023,V,Visa Inc.,2025-04-11,333.3999938964844,336.9800109863281,322.5400085449219,324.42999267578125,6804500
2024,V,Visa Inc.,2025-04-14,335.17999267578125,339.6099853515625,333.1400146484375,336.4100036621094,5011800
2025,V,Visa Inc.,2025-04-15,335.80999755859375,339.3900146484375,335.0,336.7200012207031,4386200
2026,V,Visa Inc.,2025-04-16,331.3299865722656,337.2200012207031,328.8599853515625,335.0,5850600
2027,V,Visa Inc.,2025-04-17,329.6099853515625,334.32000732421875,328.44000244140625,331.07000732421875,5655900
2028,V,Visa Inc.,2025-04-21,320.1000061035156,329.1499938964844,316.6499938964844,329.0,6362300
2029,V,Visa Inc.,2025-04-22,331.3999938964844,332.55999755859375,322.3900146484375,323.8599853515625,5435500
2030,V,Visa Inc.,2025-04-23,334.3699951171875,341.25,333.20001220703125,337.239990234375,8906000
2031,V,Visa Inc.,2025-04-24,335.7099914550781,336.7699890136719,331.25,333.2799987792969,8055200
2032,V,Visa Inc.,2025-04-25,335.1700134277344,336.3699951171875,332.1700134277344,334.760009765625,4452800
2033,V,Visa Inc.,2025-04-28,337.510009765625,339.3399963378906,335.0199890136719,336.7799987792969,5422900
2034,V,Visa Inc.,2025-04-29,341.5199890136719,342.2699890136719,336.4599914550781,338.5,5519500
2035,V,Visa Inc.,2025-04-30,345.5,346.5199890136719,333.239990234375,334.44000244140625,9526700
2036,V,Visa Inc.,2025-05-01,342.45001220703125,345.7200012207031,340.1199951171875,345.5799865722656,5849900
2037,VZ,Verizon,2025-04-02,44.03275680541992,44.820109745260396,43.894966755852245,44.652795133697126,21924100
2038,VZ,Verizon,2025-04-03,44.89884567260742,45.459834908261676,44.48548676397594,44.77090339387588,30474800
2039,VZ,Verizon,2025-04-04,42.34978485107422,45.075997417924434,42.12342111865784,44.052436733123905,42663400
2040,VZ,Verizon,2025-04-07,41.90690231323242,42.6450464039638,40.59792499022585,40.8734975826925,38812000
2041,VZ,Verizon,2025-04-08,41.503379821777344,42.536784549388216,41.02112778632759,42.32026108198099,29790200
2042,VZ,Verizon,2025-04-09,42.21200180053711,42.8320439222453,40.23377717999506,41.02113016940495,49426000
2043,VZ,Verizon,2025-04-10,42.91999816894531,43.2400016784668,41.849998474121094,42.4900016784668,36501700
2044,VZ,Verizon,2025-04-11,43.72999954223633,43.900001525878906,43.099998474121094,43.849998474121094,30144300
2045,VZ,Verizon,2025-04-14,44.29999923706055,44.650001525878906,43.61000061035156,43.900001525878906,24323000
2046,VZ,Verizon,2025-04-15,44.47999954223633,44.689998626708984,44.220001220703125,44.5,21795300
2047,VZ,Verizon,2025-04-16,43.61000061035156,44.88999938964844,43.52000045776367,44.7400016784668,17271600
2048,VZ,Verizon,2025-04-17,44.040000915527344,44.47999954223633,43.58000183105469,43.7599983215332,16480400
2049,VZ,Verizon,2025-04-21,42.93000030517578,44.290000915527344,42.68000030517578,44.20000076293945,23802500
2050,VZ,Verizon,2025-04-22,43.189998626708984,43.66999816894531,41.540000915527344,41.9900016784668,37633800
2051,VZ,Verizon,2025-04-23,42.70000076293945,42.9900016784668,42.11000061035156,42.54999923706055,29402100
2052,VZ,Verizon,2025-04-24,42.810001373291016,43.130001068115234,42.47999954223633,42.709999084472656,16597300
2053,VZ,Verizon,2025-04-25,41.90999984741211,42.650001525878906,41.34000015258789,42.529998779296875,23361900
2054,VZ,Verizon,2025-04-28,42.38999938964844,42.47999954223633,41.86000061035156,42.0,16188500
2055,VZ,Verizon,2025-04-29,42.95000076293945,43.0099983215332,42.22999954223633,42.310001373291016,14712800
2056,VZ,Verizon,2025-04-30,44.060001373291016,44.209999084472656,43.369998931884766,43.54999923706055,29563000
2057,VZ,Verizon,2025-05-01,43.29999923706055,43.83000183105469,43.2599983215332,43.77000045776367,18921900
2058,WFC,Wells Fargo,2025-04-02,72.26000213623047,72.47000122070312,70.22000122070312,70.55999755859375,8854100
2059,WFC,Wells Fargo,2025-04-03,65.66999816894531,68.72000122070312,65.41000366210938,67.77999877929688,25880300
2060,WFC,Wells Fargo,2025-04-04,60.97999954223633,63.56999969482422,59.709999084472656,62.75,31050800
2061,WFC,Wells Fargo,2025-04-07,62.16999816894531,64.33000183105469,58.41999816894531,60.689998626708984,41305800
2062,WFC,Wells Fargo,2025-04-08,62.08000183105469,65.62999725341797,60.880001068115234,64.69000244140625,27374200
2063,WFC,Wells Fargo,2025-04-09,66.33000183105469,67.19000244140625,59.43000030517578,60.63999938964844,42744800
2064,WFC,Wells Fargo,2025-04-10,63.11000061035156,65.0,61.4900016784668,64.94999694824219,29026000
2065,WFC,Wells Fargo,2025-04-11,62.5099983215332,63.619998931884766,59.650001525878906,61.540000915527344,33867000
2066,WFC,Wells Fargo,2025-04-14,63.099998474121094,64.01000213623047,62.400001525878906,63.15999984741211,28057800
2067,WFC,Wells Fargo,2025-04-15,64.54000091552734,65.41999816894531,63.29999923706055,63.439998626708984,20903300
2068,WFC,Wells Fargo,2025-04-16,63.97999954223633,64.9800033569336,63.369998931884766,63.88999938964844,17351000
2069,WFC,Wells Fargo,2025-04-17,64.70999908447266,65.70999908447266,64.06999969482422,64.37999725341797,18931400
2070,WFC,Wells Fargo,2025-04-21,64.01000213623047,65.16000366210938,63.400001525878906,64.19999694824219,17859100
2071,WFC,Wells Fargo,2025-04-22,66.2300033569336,66.41000366210938,64.70999908447266,64.70999908447266,17536600
2072,WFC,Wells Fargo,2025-04-23,67.94000244140625,69.5,67.44000244140625,67.44000244140625,20678800
2073,WFC,Wells Fargo,2025-04-24,69.55999755859375,69.8499984741211,67.5,67.69999694824219,18420900
2074,WFC,Wells Fargo,2025-04-25,69.7300033569336,70.19000244140625,69.0,69.06999969482422,17775900
2075,WFC,Wells Fargo,2025-04-28,69.43000030517578,70.55999755859375,68.66999816894531,69.80999755859375,16694100
2076,WFC,Wells Fargo,2025-04-29,71.0999984741211,71.33999633789062,68.94999694824219,68.94999694824219,24563600
2077,WFC,Wells Fargo,2025-04-30,71.01000213623047,71.41000366210938,69.33000183105469,69.66999816894531,23953000
2078,WFC,Wells Fargo,2025-05-01,71.80999755859375,72.47000122070312,70.43000030517578,70.76000213623047,19672500
2079,WMT,Walmart,2025-04-02,89.76000213623047,90.1500015258789,88.12000274658203,88.19999694824219,19384100
2080,WMT,Walmart,2025-04-03,87.26000213623047,89.87999725341797,86.27999877929688,86.27999877929688,33012900
2081,WMT,Walmart,2025-04-04,83.19000244140625,87.38999938964844,82.6500015258789,85.63999938964844,36209000
2082,WMT,Walmart,2025-04-07,83.83000183105469,86.26000213623047,79.80999755859375,80.23999786376953,36884900
2083,WMT,Walmart,2025-04-08,81.79000091552734,86.97000122070312,81.02999877929688,85.8499984741211,34351700
2084,WMT,Walmart,2025-04-09,89.5999984741211,90.80000305175781,83.0199966430664,83.33000183105469,46632800
2085,WMT,Walmart,2025-04-10,90.61000061035156,91.87000274658203,88.16000366210938,88.7300033569336,34735300
2086,WMT,Walmart,2025-04-11,92.80000305175781,93.3499984741211,90.01000213623047,90.68000030517578,25508100
2087,WMT,Walmart,2025-04-14,94.7300033569336,95.44000244140625,92.9000015258789,93.2699966430664,27742900
2088,WMT,Walmart,2025-04-15,93.97000122070312,96.02999877929688,93.87000274658203,94.81999969482422,21871200
2089,WMT,Walmart,2025-04-16,91.19000244140625,94.30000305175781,90.61000061035156,94.0,22229100
2090,WMT,Walmart,2025-04-17,93.22000122070312,93.87000274658203,91.62000274658203,91.83000183105469,21351200
2091,WMT,Walmart,2025-04-21,92.41000366210938,94.08000183105469,91.33999633789062,93.0199966430664,18361200
2092,WMT,Walmart,2025-04-22,94.8499984741211,95.29000091552734,92.87999725341797,92.87999725341797,15407800
2093,WMT,Walmart,2025-04-23,94.95999908447266,96.5999984741211,94.16000366210938,95.0199966430664,18046900
2094,WMT,Walmart,2025-04-24,95.83999633789062,96.22000122070312,93.66000366210938,94.70999908447266,13444500
2095,WMT,Walmart,2025-04-25,95.08999633789062,96.47000122070312,94.36000061035156,95.80000305175781,15317200
2096,WMT,Walmart,2025-04-28,95.22000122070312,96.0,94.33999633789062,95.0999984741211,12950000
2097,WMT,Walmart,2025-04-29,96.04000091552734,96.18000030517578,94.41999816894531,94.83999633789062,12679000
2098,WMT,Walmart,2025-04-30,97.25,97.77999877929688,94.93000030517578,95.94000244140625,21639900
2099,WMT,Walmart,2025-05-01,97.41000366210938,97.9000015258789,96.58999633789062,97.0199966430664,13171800
2100,XOM,ExxonMobil,2025-04-02,118.66999816894531,118.83999633789062,117.66000366210938,118.38999938964844,12614600
2101,XOM,ExxonMobil,2025-04-03,112.43000030517578,115.44999694824219,112.2300033569336,114.37000274658203,21204600
2102,XOM,ExxonMobil,2025-04-04,104.33999633789062,110.83000183105469,103.83000183105469,109.87000274658203,30841300
2103,XOM,ExxonMobil,2025-04-07,102.94000244140625,105.80000305175781,98.45999908447266,100.38999938964844,35068500
2104,XOM,ExxonMobil,2025-04-08,100.7699966430664,105.5999984741211,99.01000213623047,105.45999908447266,27147800
2105,XOM,ExxonMobil,2025-04-09,105.80000305175781,106.58000183105469,98.12999725341797,99.37000274658203,30063300
2106,XOM,ExxonMobil,2025-04-10,99.93000030517578,103.77999877929688,97.80000305175781,103.70999908447266,33999300
2107,XOM,ExxonMobil,2025-04-11,103.13999938964844,103.93000030517578,98.79000091552734,100.30000305175781,22884600
2108,XOM,ExxonMobil,2025-04-14,103.38999938964844,105.08999633789062,102.72000122070312,105.02999877929688,18020000
2109,XOM,ExxonMobil,2025-04-15,103.0999984741211,105.41000366210938,103.0,103.63999938964844,13164900
2110,XOM,ExxonMobil,2025-04-16,104.19000244140625,105.58999633789062,103.69999694824219,103.94999694824219,13607000
2111,XOM,ExxonMobil,2025-04-17,106.91999816894531,108.55000305175781,104.45999908447266,104.69000244140625,17835400
2112,XOM,ExxonMobil,2025-04-21,105.3499984741211,105.62999725341797,104.12000274658203,105.61000061035156,16926500
2113,XOM,ExxonMobil,2025-04-22,108.30000305175781,108.94000244140625,106.13999938964844,106.13999938964844,13147000
2114,XOM,ExxonMobil,2025-04-23,107.37000274658203,109.30000305175781,106.47000122070312,108.80999755859375,14235700
2115,XOM,ExxonMobil,2025-04-24,108.62999725341797,108.87999725341797,106.95999908447266,107.97000122070312,9849600
2116,XOM,ExxonMobil,2025-04-25,108.56999969482422,108.76000213623047,107.41999816894531,108.13999938964844,11245800
2117,XOM,ExxonMobil,2025-04-28,108.62999725341797,109.25,107.68000030517578,108.75,13890900
2118,XOM,ExxonMobil,2025-04-29,108.36000061035156,108.83000183105469,107.5199966430664,107.73999786376953,9483100
2119,XOM,ExxonMobil,2025-04-30,105.62999725341797,107.41999816894531,104.1500015258789,107.41999816894531,20379300
2120,XOM,ExxonMobil,2025-05-01,105.77999877929688,106.91999816894531,104.9800033569336,105.0999984741211,18610300
